year,a,b,c,d,point,w,conta,contb,contc,contd,dist,udist,wdist
1959,0.06933243315953391,0.02141564418491931,-0.1326427211510606,0.09331337241283962,enap,0.02893886777641513,0.3224578190435933,0.0566182192386898,3.4015241468310697,3.284300998216503,0.1776713062064092,0.3768220704058272,0.02206607448260829
1959,0.3413189856775388,0.06546635364522732,0.02944701981488326,-0.12882648775345382,eneo,0.01095795963707823,2.959164325112377,0.20034494359940533,0.06348009540169994,2.370356538644557,0.37181700386939653,0.4551456034463661,0.03289911882470676
1959,0.10638592226936178,-0.05069158937330705,0.18810663383169693,0.0298298652101224,escuela nacional de musica,0.02257357156742655,0.592225491999113,0.2474483029895348,5.3362194187882075,0.2618041376451454,0.22396769463527735,0.4017234797207871,0.025063980063415824
1959,-0.22954093567646824,0.07644650103041241,0.04568988133943233,-0.12166801820777688,facultad de arquitectura,0.13762818981179992,16.809166789538082,3.4311128937819033,1.919431577256952,26.55424218678455,0.2746339028278204,0.48918796707552653,0.02412259359077584
1959,-0.04389153589015568,-0.06100296927356612,-0.06242357678475984,0.04570267770350483,facultad de ciencias,0.04664855441849906,0.2083138954147278,0.740546824798775,1.2143969456947414,1.26997487185309,0.10785762314672859,0.3672935749649477,0.01861267967796784
1959,-0.12069462223565774,-0.09556206265392224,-0.08963574804317129,0.05539467375678875,facultad de contaduria y administracion,0.09496452354656236,3.206680764825766,3.6995151418453247,5.097404115038074,3.7981407756472145,0.18655411242628836,0.4132964822449591,0.020208870167491455
1959,-0.2062926124803228,-0.05636259177605641,-0.07615512928087019,0.02959026361615927,facultad de derecho,0.1278681283336988,12.613864265066413,1.7328325784483285,4.954339970509246,1.4592631739329902,0.22892918366239562,0.45060142316839547,0.021302907563475013
1959,0.17677489608475222,-0.11450338163999116,0.456857584315069,0.1388389552955708,facultad de economia,0.04368243321017608,3.1642187254901115,2.443182070337625,60.91071210518222,10.974964945806237,0.521876897502212,0.6212619702421501,0.04142949251278398
1959,-0.1294424353173734,-0.00420276607280595,0.0676031898285559,6.734336149096989e-4,facultad de ingenieria,0.1402341955209359,5.4466036303089576,0.01056663602354731,4.281672854212836,8.289286586419326e-4,0.14609466825105075,0.40059692528506907,0.0190169518954184
1959,0.15794929747461353,-0.05451041625419177,-0.05331562034750559,0.03958475810000795,facultad de medicina,0.19300729914235443,11.161630058809145,2.4464994105290243,3.665285798508575,3.9418797356507462,0.17980232061851903,0.3586121639255641,0.021236907457425607
1959,0.07830634196353288,0.2884793199545331,0.06204456783014083,-0.10235364785645756,facultad de quimica,0.05824537129095553,0.8278921884179646,20.677744960761153,1.497938982168513,7.953196539032298,0.3219906813246189,0.4640001765224754,0.029598401986258037
1959,0.19339163183085423,-0.1086718746517256,-0.04231268282910631,7.764526972337788e-4,fcpys,0.01348879311056002,1.1694103762471808,0.6795474649047396,0.1613390130463488,1.059928928382094e-4,0.2258337122962571,0.38098866412545995,0.024044848738191165
1959,0.5957028570264895,-0.44075095312397505,-0.07532155347882728,-0.2912366958697286,ffyl,0.02854031080469179,23.4766733773448,23.651440880004987,1.0817388132915011,31.55182865314876,0.7997596176281941,0.8349632993223898,0.059534205604819576
1959,0.2173748456458758,0.30819679351222357,-0.19231766566814673,0.14121317588970547,fmvz,0.02472241644962241,2.7078710837231252,10.017504242148924,6.108779550848592,6.42561949885909,0.44627831296589626,0.5321459131737457,0.03684949260410942
1959,0.48177946911127767,0.4964595770430311,-0.04007221876018111,0.02032777055379541,fo,0.02849938537922382,15.333827208658676,29.96509543058818,0.30573661322141843,0.15349302322743777,0.6932550536901563,0.7127702317856072,0.052294798170254425
1961,0.0616816201029624,-0.04834836316472407,-0.10652699988485166,-0.03161907801057933,enap,0.02948685743839713,0.24662251965387536,0.4267287844120268,4.222289082082101,0.6032009164094727,0.13597777126405813,0.343003059069211,0.020311650489662044
1961,0.3222967843478147,0.06822822740937018,0.1615979095486786,0.08564340748791774,eneo,0.01109121160762824,2.5326993104206283,0.31964437416765484,3.654690041350024,1.6645696276375457,0.3768009896921861,0.42268633828333296,0.031788294227843
1961,0.3007542702322335,0.1481273228601446,0.13885831084699693,0.0214868835126153,escuela nacional de musica,0.01342583583774532,2.669670320392712,1.823776340931621,3.266518862276558,0.12683037888068183,0.36350811750909057,0.41623465301469653,0.030596577119184683
1961,-0.19950365964627303,-0.05978962941398767,0.06184822321500526,0.01928913557450162,facultad de arquitectura,0.13996423050525092,12.246485996106736,3.0976238630728647,6.755719325675921,1.065559463183432,0.21811415236930992,0.4131101254206819,0.019664307275510846
1961,-0.06372876042369013,-0.09682215696055078,-0.08715661575735138,-0.03774146706825803,facultad de ciencias,0.05418586710557763,0.4837819557768493,3.144817385015218,5.1938191861114635,1.5792783496152365,0.14985519340474196,0.36626357511953794,0.01930078275576251
1961,-0.18586356669264273,0.04560203793584933,-0.07008789111669347,-0.01665082330467655,facultad de contaduria y administracion,0.10288533019668622,7.813303342386703,1.3245911713715908,6.377339285769085,0.5836600641509981,0.2044856319781958,0.40622300994336524,0.01963568265944602
1961,-0.2439983443755253,-0.0377737149259204,-0.05619192430946539,0.0290724593838688,facultad de derecho,0.1171002238160926,15.325836219953388,1.0344202630682988,4.665579743937568,2.0251461397848955,0.2548819056926747,0.44138162330172126,0.021248380060693538
1961,0.02431723175328265,0.11203686712963996,0.11297581547855802,-0.06838295110508257,facultad de economia,0.04487746444777946,0.05833769629038712,3.4874671158339523,7.227687435257859,4.293970813364243,0.1748809602022266,0.35832865562927046,0.020885449114788096
1961,-0.07689700945040989,-0.03965148444837044,0.03677281968665862,-0.01668968998090996,facultad de ingenieria,0.14107963248098954,1.8339011219635224,1.3732294812921533,2.407233762321327,0.8040738849101331,0.09547866934945305,0.34165834489420727,0.016612002402122333
1961,0.18324298382111648,0.14609259634368468,-0.01932315741707997,-0.06487893012406525,facultad de medicina,0.18707206853232675,13.808813189708491,24.718679156411156,0.8813841048795354,16.112072449916706,0.2439337980123159,0.3658501381046831,0.02280485338449542
1961,0.10735499624051932,-0.103956017376904,0.2199949623064581,0.08323470300396361,facultad de quimica,0.05421594650147896,1.373612588337333,3.627322814478786,33.10949813324487,7.685480252286266,0.2786713978704076,0.40566436496151315,0.02648180530394288
1961,0.11581081489540522,0.19224689091758831,0.02757374038725284,0.042936905091042,fcpys,0.01486514094508822,0.4382883857516497,3.4013206720667717,0.14261344725609382,0.5607452507792279,0.2301627704298801,0.3619136481379453,0.023459720638767813
1961,0.21729676478751017,0.26221477044700314,-0.13817055119752916,0.3237031689260372,ffyl,0.02929755593242239,3.0410993532628288,12.47112386319078,7.05768797645937,62.81457019381763,0.4897441297439722,0.5534685409876529,0.03891052752579594
1961,0.3647059406133714,-0.3518843135501354,-0.2046687098526826,0.01164038787610469,fmvz,0.02841257503489528,8.307856121788921,21.780623463590405,15.018051228092505,0.07877358268370664,0.5466788569754657,0.5932021478465841,0.042622118541014796
1961,0.6506666838208909,-0.3009753247584948,0.00701379492820533,-0.00177634563513608,fo,0.03204005961764121,29.819691878205912,17.968631251096614,0.01988838528560218,0.00206863257978314,0.7169418583616575,0.7093914717499751,0.05310981152288195
1962,0.01509812075573018,-0.09986677591010629,-0.07585095498809805,-0.05983736746923776,enap,0.02800413656322909,0.0138151377276077,1.522989172452917,3.0189417253716058,2.574623543213793,0.13976839449349437,0.35587892773391727,0.020074936130827902
1962,0.24451487848285977,0.05941024985158356,0.18161452325514893,0.08172324658229663,eneo,0.0143362541367303,1.8549555847340404,0.27592497944826344,8.860276561816855,2.4585186432588504,0.3209043902411763,0.39536688319489977,0.028649237162126168
1962,0.35872462408067995,0.17887586696258728,0.1523299355390915,0.04001694564606925,escuela nacional de musica,0.01191325556324361,3.3177226645120608,2.07857898389724,5.1797811630895545,0.4898520449154637,0.4306805044387621,0.4648519801282114,0.03456810534005643
1962,-0.17017234226573963,0.0078008726341806,0.01719555828346066,0.03884771334072436,facultad de arquitectura,0.13608951266504096,8.528837795720094,0.04515892586658093,0.7539935953166758,5.273539118394865,0.17556853858976476,0.38258603659434026,0.01710424434311606
1962,-0.10045119592753926,-0.10968551852711075,-0.03390338441264573,-0.03432546475347683,facultad de ciencias,0.05540828432642505,1.209963219947985,3.635012078667662,1.193359370275254,1.676309272348675,0.15636186473372543,0.3695029489429482,0.018232214166245236
1962,-0.18012860049199436,0.01877627554414904,-0.04721493273901227,-0.04592278977343066,facultad de contaduria y administracion,0.0996894035664175,7.000057221739285,0.1916463126860018,4.164071569468867,5.398239098322765,0.19270966175217702,0.39838898031367115,0.018222883692701107
1962,-0.23156953083261325,-0.01793163593782184,-0.03012837932649359,0.01729199240627457,facultad de derecho,0.10498656363356328,12.183829006785263,0.18407979279764083,1.785647372394453,0.8060655962203173,0.23484616969340363,0.42435296542254775,0.019351174783827963
1962,0.07564515924165341,0.06570886923184259,0.1562552045767328,-0.05924943981299764,facultad de economia,0.04455912988639809,0.551805757480422,1.049100898676706,20.38525377298815,4.016537176475819,0.19484873796843832,0.3638328053770339,0.022149390795537408
1962,-0.13808571906367892,-0.05871403969684715,0.02141927962343698,0.00441294737448534,facultad de ingenieria,0.17418168482816604,7.187655635501781,3.274303870848999,1.497347648856635,0.08709767782964915,0.1516352990268861,0.3662851591244761,0.01637244459293472
1962,0.2021160140602085,0.1513365958164591,-9.94456233008837e-4,-0.06935601532446359,facultad de medicina,0.17485668185041414,15.458627259241933,21.83749026068932,0.00324014180874124,21.597182233315948,0.26184899117198696,0.3794526365449262,0.02393543454151539
1962,0.1809642549293143,-0.13203057778643232,0.12225654067073484,0.13179582613499605,facultad de quimica,0.05036072614523847,3.569150199165966,4.787112142518253,14.104140527339723,22.461662075668045,0.28722279950610147,0.3951588344281924,0.027141928368449662
1962,0.186366634414796,0.22834984323811125,0.02969043238209046,0.11539498022245748,fcpys,0.01580663669144059,1.1881274753845996,4.494418164749258,0.26108562018702725,5.4045544631244935,0.3179208967110294,0.4089783162349979,0.028252835954903112
1962,0.22851751010305305,0.32279465816947045,-0.229831316248282,0.18885406384373649,ffyl,0.02978754312674294,3.3663626051810884,16.92465920581516,29.482447213739917,27.27934545481185,0.49487870748816437,0.5643346723065286,0.03902430694504375
1962,0.30771528179914603,-0.3568143654905088,-0.11685177724268088,-0.02568721644869592,fmvz,0.02805528377430416,5.749102323436825,19.477441018937785,7.1778726214948,0.4753301350017618,0.4861268939348835,0.5445084864207963,0.038783583325312856
1962,0.6454559076729115,-0.34061202394011975,-0.05967010320682096,0.0011803256448884,fo,0.03196490324264581,28.81998811344107,20.222084191948372,2.132541095851793,0.00114346709768545,0.7322511823054897,0.7249273067962382,0.0541011742102255
1963,-0.02268495959526461,-0.16492942337978975,0.00124998935567906,-0.04495200039467904,enap,0.02745397037463256,0.026124841900021,3.6567051065483063,5.360296786203692e-4,1.132693004747249,0.17244873702379285,0.4170888611650855,0.022059952988787747
1963,0.8345149996805937,0.22478480977810092,-0.2857464839220487,0.11275332868124936,eneo,0.00938362713833796,12.084022548082537,2.3216308085144233,9.57422388398287,2.435782457230024,0.917228358480806,0.9080370760370647,0.06741623839364058
1963,0.3219655029292574,0.14653502895099588,-0.1651518759703371,-0.0140264121401731,escuela nacional de musica,0.01306395575513387,2.504181911249038,1.3735551643189996,4.452590642168623,0.05247795516601925,0.3906484124634407,0.49780896260881335,0.032990006573948905
1963,-0.20322008575384296,-8.150198774248041e-5,0.01222252162322476,-0.00459232628422131,facultad de arquitectura,0.13329742720827492,10.17952510456637,4.335574617848325e-6,0.2488367047651061,0.05739793302218933,0.20363911557435185,0.4404576845604211,0.018883248608997327
1963,-0.1665549847213841,-0.12188853934912867,-0.01274153853035726,-0.01428076117708414,facultad de ciencias,0.06443353428215472,3.305214989887583,4.687337182208273,0.13071539613687091,0.26830185684962826,0.2072767857337673,0.4397058509692897,0.02056455737908415
1963,-0.222869593473035,-0.03408538362442797,-0.01623597857557572,-0.06264041842708162,facultad de contaduria y administracion,0.10627346148802208,9.76110441084586,0.6045743189123631,0.3500683208964572,8.514186098013244,0.23456363335497413,0.463137246943313,0.0204786797215686
1963,-0.24316643509943325,-0.02433059376204947,0.01806839683572826,0.0095980372514433,facultad de derecho,0.11105674881169532,12.14296382643153,0.3219132604406557,0.45305950069716777,0.20889056741496972,0.2452355647842992,0.46729042405382565,0.020554035819715044
1963,-1.5092409733421733e-4,0.02796844526417267,-0.1064288241821065,0.06990421952915465,facultad de economia,0.04815615808464364,2.0283434577714117e-6,0.1844492857977987,6.8161855710503785,4.804714933787463,0.13036852086813044,0.39414108951936166,0.02013976346258618
1963,-0.06753969604914392,0.03087917127776602,-0.02132056489358468,0.07741883507894161,facultad de ingenieria,0.13144411791052815,1.1087454485506578,0.6137067859617159,0.7466371871937735,16.085828444437368,0.10937722008523654,0.3933605733862122,0.018241717247046527
1963,0.20162830593098893,0.13294332569426406,-0.02634444012091204,-0.09149911441239587,facultad de medicina,0.18655082781667295,14.0240248634587,16.14428272683327,1.6178795031599191,31.888931959888183,0.25960358060471483,0.4383692688194465,0.024748871088545524
1963,0.1804193786610872,-0.13025542844528654,-0.06775531737912345,0.10805612518475884,facultad de quimica,0.05260864678273658,3.1666202640573573,4.370562052669317,3.0179701826321153,12.541945890448448,0.25648496653606806,0.4253999480717537,0.026476092506047717
1963,0.2190173868276624,0.311063753813286,0.03342347440088503,0.2230576929346206,fcpys,0.01997289174955305,1.7716202027215429,9.462987398194077,0.2788143874153501,20.290108628253694,0.44226817394831,0.554486393531412,0.03658092647047087
1963,0.14283013456256158,0.27395644378492184,0.38799058095609473,0.03687840462220031,ffyl,0.03290914106052654,1.2414485568659357,12.093947627467433,61.905603002863664,0.9138392537104868,0.497342224296879,0.6290981387276936,0.04006726301531378
1963,0.30701751496396623,-0.3592107355547507,0.15299434519939856,0.02034873906170018,fmvz,0.029881447102959188,5.2083531064483966,18.87942388790705,8.74024144690363,0.2526304194176413,0.49710506724114983,0.5852606683289058,0.04011795114487892
1963,0.6154784166335531,-0.3925302435179045,0.06308436380880172,-0.02840913657845394,fo,0.03351404443412829,23.476047896591037,25.284920058651615,1.6666382404551363,0.5522705976131552,0.7332669291712708,0.7531482649925129,0.054664484244902355
1964,-0.11817079855412932,0.17259195634385668,-0.06690293411551276,0.05488248444905441,enap,0.02853088850800115,0.8390510454144637,5.063211794429242,3.011406085437723,2.6350314359067073,0.2263634482819293,0.36380144629063116,0.022839816925576115
1964,0.14549301025841918,-0.0950352015237165,0.02445473145158539,0.18061606852167977,eneo,0.01920307020898897,0.8560668390360244,1.0332593985510092,0.2708071728665731,19.20818886403747,0.2518334839954909,0.3523553808717197,0.024856076407158603
1964,0.35214806482158767,-0.12796880320990883,-0.00272949416832069,0.1073235329662472,escuela nacional de musica,0.01267617253506778,3.3104840479101103,1.2367048189042975,0.00222697930286461,4.476937599848945,0.38975641754734136,0.43528739043788817,0.031002073109478452
1964,-0.17289434108873047,-0.02664605269812273,-0.06301858057299592,-0.01637598959974492,facultad de arquitectura,0.11332484906940878,7.1341042692878345,0.479358694436142,10.61270471552304,0.9318440468259548,0.18666006492472764,0.34133697897902343,0.01858383215318148
1964,-0.1706807895724771,0.08018304535083876,0.04973587825707909,0.02265442822884912,facultad de ciencias,0.06818514500355506,4.183230549473597,2.6117076218135726,3.977343028214062,1.0729981114692744,0.19633678563936494,0.3398885895619003,0.019517194561246412
1964,-0.25867385379335567,0.01849385103032321,-0.02797503435135047,0.02294975026489427,facultad de contaduria y administracion,0.10633790294240084,14.984625855684676,0.21667684143953317,1.96242490122975,1.717303272318236,0.26184628839534535,0.3834682209835353,0.021052618353993753
1964,-0.2312172239741586,-0.00836625737191214,0.00968134210983157,0.02180805926351637,facultad de derecho,0.11117393987731976,12.516880549377095,0.04635911459113304,0.24571848475175043,1.6212127561900516,0.23259561207945847,0.3623878782105632,0.01965476439366386
1964,-0.08122090110062856,0.01625105251919504,0.11227361211200589,-0.1007873986100436,facultad de economia,0.04491265417776066,0.623960465582449,0.07066451838335498,13.35020113854116,13.988919497743709,0.17211738778762795,0.34139670772516584,0.01995023923289255
1964,-0.06726286614653103,-0.02418329452401095,0.07069731217291166,-0.05223999447560132,facultad de ingenieria,0.12390559987249244,1.1805772728780264,0.4317094540473213,14.603617108629573,10.368123396502597,0.11329718384658194,0.3096277978571077,0.017523144842623507
1964,0.2747461502779302,-0.11571692380675372,-0.03430649640217822,-0.04602261293258084,facultad de medicina,0.18046350159401975,28.68833588912277,14.396364512762224,5.008478481941425,11.72019674262484,0.30359655818927833,0.38920359436189494,0.025127654943979914
1964,0.29522119843481903,0.00923595838763281,0.1181025040917258,0.0995216854467596,facultad de quimica,0.05773675602992068,10.597421359481055,0.02934174975695531,18.99040769951643,17.534395655324463,0.33330710505407585,0.3949515046988413,0.028249212614933152
1964,0.19353550754753523,-0.1212906889312203,0.09719231350710462,0.05828377643040017,fcpys,0.02142227564937621,1.6898169430148309,1.87754443292481,4.7719198512159045,2.231330739915889,0.25497209318461556,0.3522276104201244,0.024338336789612273
1964,0.02532520351284776,-0.09284954105076744,-0.13330990525039105,8.220593685741489e-4,ffyl,0.03603313552572785,0.04866992631160696,1.8506797480899833,15.100474427567482,7.466402520366131e-4,0.16442204787004389,0.3348877429527612,0.020952626122436497
1964,0.3797921912030984,0.5957178602357589,-0.025634278942201,-0.06555210371163779,fmvz,0.03215257400039561,9.766985751230028,67.97773389215345,0.49822057161576905,4.2363515444259425,0.7099831491385059,0.7486248317655458,0.05302502916893872
1964,0.19668205811072467,0.1011552049827181,-0.08560857082202478,0.0782810747454234,fo,0.04394153500556445,3.579789236195427,2.6786834077169983,7.5940493536465326,8.256419696613987,0.2497457938369621,0.35476533409973493,0.024923284584793662
1965,-0.20912978249931183,0.13340818696393322,0.08955108088685657,-0.06231752046850116,enap,0.03035833328789921,1.9320340950884516,2.1573473854964136,2.642388448425187,2.6526891472837697,0.2709905528289863,0.4000832832301318,0.025244266212619503
1965,0.06139943076862966,-0.06980009505978405,0.01761121217552763,0.0681271890833532,eneo,0.02004680935135169,0.10997121922448828,0.38997294873955907,0.06748400239318611,2.0935064679872237,0.11659078889756706,0.32987678043074975,0.022598378223871934
1965,0.21006502271174507,-0.0942763224856572,0.053529490041871,0.08914198703860786,escuela nacional de musica,0.01263461095834486,0.8112868836941924,0.448378040188127,0.39293902122769864,2.2589915219568932,0.2526401371628026,0.39538976932653,0.027283133140955432
1965,-0.21939821874585516,0.03408657961435701,-0.04440111958629716,0.0263453634407499,facultad de arquitectura,0.1102082751605684,7.719434564394261,0.5112793454202408,2.3581917780342425,1.7211182106155205,0.2279539666116865,0.3626767492328558,0.02097101945172724
1965,-0.1482852222930866,-0.05441356285844699,-2.675895213744892e-4,-0.05482536560403729,facultad de ciencias,0.07692626891740285,2.461362071614397,0.9094235355577,5.978468529601268e-5,5.20266482263072,0.16719819165059344,0.3441420479727752,0.02035979577900935
1965,-0.2743808837910028,-0.00317090026528195,-0.00644787177837611,0.01662788054188447,facultad de contaduria y administracion,0.10469454024816746,11.469297699820896,0.00420306777152119,0.04724261102865142,0.6513072787576301,0.2749781545145172,0.3916075614037155,0.022577759557907594
1965,-0.2669875927257756,0.01842831135907243,-0.03523985993391683,0.01321291383205433,facultad de derecho,0.10677134978367828,11.074955308015756,0.1447781456326681,1.4391304203044708,0.41941122012821747,0.2702561861440861,0.3881149009860583,0.02225960223045046
1965,-0.10905609452712972,0.04018863989859214,0.01260761546407491,-0.03495772767018959,facultad de economia,0.04545032948978448,0.7865783848070786,0.29310339391001716,0.07841154617210619,1.2497165797388767,0.1220219374619256,0.31881193212730596,0.01947573837344199
1965,-0.10537507612078877,0.04777861055266533,0.00273144231006706,-0.08135547735357829,facultad de ingenieria,0.11378295466184192,1.8384765721745175,1.0371019072708303,0.0092137907514427,16.944896030639104,0.14146687515573073,0.3330335653288873,0.020099943663069133
1965,0.3492651198405683,-0.191897985371461,-0.02803285275114941,-0.00829570380154755,facultad de medicina,0.18873098072407812,33.50107312467918,27.749887154206377,1.6097367591220924,0.2922387334786928,0.3995818067202292,0.5161588499490333,0.03217133633520772
1965,0.2428093220076027,-0.04486845694467304,0.07281213769784871,-0.06806057983517981,facultad de quimica,0.05646066049807686,4.8437504154793745,0.4538427651744801,3.248856962306483,5.8847138518150395,0.2662769145194886,0.41475392987014675,0.02770606035210424
1965,0.06098656415042761,-0.1386735986815304,0.00744333517662906,0.1104217685736244,fcpys,0.02249863519547799,0.12176699757955003,1.7275114708600596,0.0135290841758496,6.1723945259505415,0.187611561988165,0.36313586794313774,0.024681834922271096
1965,-0.0222655840436361,-0.0072768547512577,0.046033556800688,0.23651669893715127,ffyl,0.04289814667199711,0.03094651886907933,0.0090699133169969,0.9866535145627204,53.99459073227029,0.24209078064999573,0.3923695402223106,0.02683547055803586
1965,0.34777700530472994,0.3490688078347642,0.41467805209269537,0.01750846603647162,fmvz,0.03210140946310356,5.649771952309447,15.617926719628604,59.913304557640366,0.2214156954350685,0.6442532974632355,0.7056767293054305,0.05051127273132114
1965,0.5769545915645995,0.5776561692100477,-0.26222216358394224,0.0171219870606444,fo,0.03643669558822722,17.64929419224941,48.54617420682658,27.192857719170416,0.24034518131251775,0.857681103947994,0.9150341399029737,0.06407321387245862
1966,-0.254596761862113,0.14823641299554444,0.02045681328382618,-0.05852911638396743,enap,0.03066131731629622,2.7209118632908287,3.541561450034547,0.2776465717890603,3.396677022490286,0.3010609306483929,0.4047385461500188,0.026616463699717527
1966,0.14617984899245537,-0.05204728569264954,0.05836148055064711,0.09777017093557404,eneo,0.0185053348415998,0.5413646311242635,0.2635040509263814,1.3638766452149291,5.720436975756,0.19246437835678648,0.3652781729586698,0.025355947615959613
1966,0.39264184286296944,0.05207478091231431,0.12973462497589142,0.20166909882294048,escuela nacional de musica,0.01229537422477418,2.595092386057933,0.17526323822284254,4.477948518398752,16.17111535924113,0.4630128485383386,0.5399081144198038,0.03814845009879326
1966,-0.21067467754968783,-0.02748947437885628,0.06390152773776986,0.0132839590264866,facultad de arquitectura,0.10734474099388304,6.5226392769672,0.4263907957593517,9.484813553693543,0.612569452432711,0.22225966745437437,0.35781430280394455,0.021972114701579594
1966,-0.06785374145087608,-0.08466631116913968,-0.00104499560350462,-0.07893707286867553,facultad de ciencias,0.08509361875034402,0.536367562533672,3.20636121860575,0.00201071937620148,17.146620562179297,0.13418147399979574,0.3424872210520763,0.021548861137671987
1966,-0.29065727766076993,-0.0403669243261059,-0.05303554450422988,-0.00968283300011733,facultad de contaduria y administracion,0.10088319213847664,11.668072848179436,0.8641006141549076,6.140142113405335,0.3058744542072083,0.2983582877556576,0.4013693784509584,0.024436816145208918
1966,-0.30373105496715574,-0.0591199818422545,-0.03592063611970897,-0.01348511315734699,facultad de derecho,0.1040291851715499,13.138673097305295,1.9112520221208456,2.904482593248946,0.6117639698872962,0.31180100445733155,0.4131270572243171,0.025016631811158905
1966,-0.15715709008703904,0.0939350822397683,-0.00548994937987374,-0.00776793062008651,facultad de economia,0.04523967457473975,1.5296967465162652,2.0983082549413488,0.02950405409171919,0.08827742501477646,0.18333747824798344,0.33199297355299473,0.02188654725737954
1966,-0.1287304353878392,0.1261452043550946,0.1106710526318945,0.01731064198601672,facultad de ingenieria,0.10802102233616195,2.4506916583952463,9.035328555870484,28.628718476183767,1.0467769253464432,0.21220715773401902,0.3568687637909577,0.023405672288453663
1966,0.41489983188728424,-0.11695921005741436,0.02670507521247848,-0.01904225877029371,facultad de medicina,0.196920542466297,46.40827802698076,14.159700041386536,3.0388144134979043,2.309125073828074,0.432315967757993,0.5342156050864685,0.0334665158733492
1966,0.18837527382013047,-0.00650638796752759,-0.14018190171687697,-0.02392764895499603,facultad de quimica,0.05734038962183559,2.785648697016518,0.01275953151693725,24.382042142457,1.0616471666484562,0.23611665511917365,0.39131333930131285,0.02669871811884234
1966,-0.02900955658912182,-0.09006014782928885,-0.03785416071354687,0.04714935255683296,fcpys,0.02378014622296744,0.02739773212646151,1.013850708161142,0.7373391726114218,1.709564520770972,0.11228705860599604,0.32652378495579154,0.021799049405856273
1966,-0.02389278226251073,-0.07184464447304226,-0.0995887692730743,0.18005718679762672,ffyl,0.04576261297324476,0.03576532516143029,1.2416345564445188,9.821031138016425,47.979005683968495,0.21925106947630305,0.37477924954530956,0.025721301374803846
1966,0.21702902898560067,0.34134850251365095,-0.11214428410006362,0.02271984596195402,fmvz,0.02844359731445014,1.83416367992922,17.421065056526462,7.740416865411856,0.4748044658912948,0.4203723723647825,0.4929478481158368,0.036405759599842775
1966,0.3840672695997539,0.4878128483392132,-0.03546799284262072,-0.0344046025786902,fo,0.03567925105337947,7.205236468415544,44.62891990532821,0.9712130226032428,1.3657409423375302,0.6228247729317677,0.6625176341159985,0.04813026407248219
1967,-0.21513684045941447,0.1629720348926308,-0.08839185056308982,-0.00533511910331442,enap,0.02404026482356374,1.549036252582493,2.596731999030475,3.8318041561559735,0.02303391316086478,0.2840516273879074,0.38498459112119565,0.02719199917324588
1967,0.04345552878270758,-0.03484756750804522,-0.00950304060512572,0.15728798931082325,eneo,0.01752016069537251,0.04605968091771181,0.08652562143888139,0.03227772068394527,14.590475504444678,0.16713035423045333,0.3438347462740039,0.024654143027430353
1967,0.29522205566391885,0.07949004594910421,0.06405220966384133,0.11429274974466874,escuela nacional de musica,0.01262234977979197,1.5315478593711234,0.32436009025895096,1.0564478118620106,5.550317317876524,0.3326262884416066,0.44713560819474374,0.031663963690451616
1967,-0.2319031134665996,-0.05760403391961878,-0.02618395534308254,0.03435955149419745,facultad de arquitectura,0.1066080513932887,7.981709660314327,1.4386578041096711,1.4910771416839297,4.2366756526734095,0.24282392191793234,0.3530752553589249,0.022555864470910708
1967,-0.07307171312885173,-0.0872405758668982,-0.03047089696532753,-0.07691784572379835,facultad de ciencias,0.08775598271006894,0.652331085434016,2.716285948151562,1.6622135382308394,17.47717350133767,0.1406955006026663,0.33759647917307123,0.02179910952252143
1967,-0.2902379045762759,-0.0548418165756826,-0.0719758711278565,-0.01254897579631257,facultad de contaduria y administracion,0.101334077926551,11.883833045731592,1.239483898869049,10.70949478737905,0.5371707081652539,0.30427564627537723,0.39607201341792103,0.025045512868049562
1967,-0.3017616300037955,-0.05246015751389151,-0.0118697051258027,-0.00119730487890494,facultad de derecho,0.09823378073148956,12.453219841745824,1.0994658521166425,0.28234514430909363,0.00474035211899831,0.306519938841956,0.39511845987008626,0.024951961135287297
1967,-0.16279107806149648,0.0014670316915977,0.0774188202790906,-0.0503438216984506,facultad de economia,0.04390436525548271,1.6198010014845403,3.842805468907363e-4,5.368344837373686,3.745763067085563,0.1871664002833305,0.3363445396177245,0.022286013385778364
1967,-0.08019762080733678,0.1746821199791419,0.1544587280064822,-0.0261899520499524,facultad de ingenieria,0.11368296385309268,1.0179140724264986,14.107628064089097,55.32990183515539,2.6248532836256784,0.2479695821453187,0.3791496310534891,0.026012818515768085
1967,0.43069141258425647,-0.1493092951990202,0.0070194312423972,-0.0067551326464581,facultad de medicina,0.19720720962126648,50.92698611989085,17.87961589492964,0.1982285666858016,0.3029219823268781,0.4559421703886233,0.5769413427189212,0.03514306099449473
1967,0.11173150822025,0.05791526053600191,-0.02754769003720897,-0.03886213028736428,facultad de quimica,0.06059547096972483,1.0531354927510697,0.8265857231286607,0.93810217902758,3.080587943886225,0.1345631737474373,0.3389872891408712,0.02370560108551549
1967,-0.0647897240588397,-0.05458185616170364,0.00175922850036834,0.03287209415954308,fcpys,0.02942879804661894,0.17197984260820645,0.35655853085194017,0.00185804673309967,1.0704527653793303,0.09088760545326229,0.3049285338374826,0.020859118428370647
1967,-0.06300251470572421,-0.03362092662667816,0.04533121793529399,0.17796313921368287,ffyl,0.04349949377475966,0.24037690196859923,0.19997019326935583,1.8235538056257483,46.375067853606986,0.19704182755132796,0.3489758517579805,0.024628187548051964
1967,0.29074151241176693,0.5689161398841786,-0.09953759846075684,0.02034625313444116,fmvz,0.02730599242933698,3.2134002115987568,35.943153745281464,5.5191460427431815,0.38051089086598183,0.6469295980121341,0.6739900863074246,0.049998765060039065
1967,0.33480400612733074,0.3790173466410916,-0.12605938219788865,4.5730302937741553e-4,fo,0.03626103798959138,5.65866893117441,21.184592353927695,11.755204386350623,2.552634459752378e-4,0.521190031121027,0.5706586789237353,0.042081834284753976
1968,-0.16800955614528104,0.23578785703753088,-0.01104903587504312,-0.09173089354780402,enap,0.01915977136255066,1.00223727812423,3.944521774480656,0.06786415556735602,4.874260736228675,0.30390749004809336,0.38589703757662003,0.028024663539719604
1968,-0.06335398815294595,0.03907223583766912,0.18603822828116423,-0.03456370883437543,eneo,0.01545880502915267,0.11498365219462552,0.08739238905285947,15.523214888430145,0.5583464798866772,0.20333528906370413,0.3340593019278273,0.023490738683100754
1968,0.1609285106585516,0.11658154509762984,0.1456061879417547,-0.01623748270792784,escuela nacional de musica,0.0124356654501304,0.5968253687888299,0.6258781763916919,7.649447243051401,0.09912737822042698,0.2468887603998005,0.3726952697663788,0.02659721927357035
1968,-0.16168960577894892,-0.04193690548208905,0.05179899924789635,-0.06978461736138375,facultad de arquitectura,0.09180289426949607,4.447672888047091,0.5978748704562846,7.146616404735467,13.516459991884844,0.18829567653486867,0.329269992112638,0.02029703693959571
1968,-0.09427387764279337,-0.08317601954436947,-0.1023037900112851,0.03657317179863929,facultad de ciencias,0.08729769626188287,1.437797703216219,2.2364552563298297,26.508648671128203,3.5303293386897803,0.166160995962168,0.3493359378970365,0.020758197104948247
1968,-0.21487519829904544,-0.06816268018135245,-0.00284089617836923,-0.06916380887111037,facultad de contaduria y administracion,0.11289942038817474,9.659987275038826,1.9424336567483491,0.02643649027007251,16.328139533850862,0.23581604051085076,0.3600610186232531,0.021533555318436166
1968,-0.2960422405023984,-0.04893136977922623,-0.04035063433035255,-0.00571646393285073,facultad de derecho,0.09442708207149896,15.336144622665335,0.8372062877790474,4.460655281481099,0.09329077303475666,0.30281370305999805,0.4026970814372653,0.02466973806814983
1968,-0.20821889559903964,0.09125982372188211,0.00567632330104102,0.18124491214134655,facultad de economia,0.04058026133472816,3.2603736746600753,1.2515126837590913,0.0379359047195032,40.302656615967145,0.29080131143716514,0.38671929838766245,0.026292083504552106
1968,-0.1210433600678766,0.08192661069685407,0.01278702685135707,0.03926431687210975,facultad de ingenieria,0.118178442398426,3.20872475171367,2.9373074268065085,0.5606331526261937,5.5083501615944,0.1518837028516433,0.2987205627366118,0.019829446210309146
1968,0.3564660582801808,-0.13806740074053564,-5.929766068747803e-4,7.509317639519405e-4,facultad de medicina,0.2145814036575137,50.52900083435055,15.147311073558733,0.00218911493067563,0.0036583075960058,0.3822715963458799,0.5280058292578415,0.02987728502093628
1968,0.11579406775048752,0.04375615585089233,-0.04859529059550584,-0.00385673113511047,facultad de quimica,0.06161176210436341,1.5309059539523049,0.4368206046845112,4.221369391327032,0.02770700253009013,0.1330385054943202,0.3332320689584521,0.021675952039581076
1968,0.05154596725981505,-0.0506285256538053,0.0139435858848466,0.06011120725245496,fcpys,0.02801564178004892,0.13794381218244078,0.2659207956700045,0.15803412918951512,3.0605442499735394,0.0950158680184717,0.3214560408447185,0.020369096114500863
1968,-0.03767081309999385,-0.00724348389959015,0.16048945727934497,0.07225954693283536,ffyl,0.04243089719594031,0.11158465231089916,0.00824400749636696,31.708565266268103,6.698227133272443,0.1801384640752097,0.33017982489015935,0.022490191594407623
1968,0.2383477561541073,0.7395358268259913,-0.02612220750097818,-0.00293947720399431,fmvz,0.02495948006257478,2.627664602977361,50.549298785639365,0.49414754720487714,0.00652022997521683,0.7774406101264953,0.7797457280485662,0.05808044920722531
1968,0.29918082953543124,0.3779886080581773,-0.03697359823845718,-0.07023083951098487,fo,0.03616077663351839,5.9981529297776,19.13182221114672,1.434242359070453,5.392382067295107,0.48855293916666154,0.5416225751603649,0.0394971815900947
1969,0.10786517931852269,0.2756945862599465,-0.1114053939748138,-0.05899834659989453,enap,0.01399595610281617,0.4739677375463183,4.159641837873548,0.9952682523648808,1.1538142741477804,0.3217675690784652,0.41642641995383234,0.029825484505087707
1969,0.07489227016225035,-0.05742338287201352,0.05363502195469004,0.01413960841865902,eneo,0.01654129820593507,0.27003947264566114,0.21327700252590795,0.2726413090045142,0.07832456826622357,0.10946662110814623,0.31446925158490646,0.020618199020799075
1969,-0.05226888611949121,0.03192235725229363,-0.00336678013482804,-0.01584272929562859,escuela nacional de musica,0.01781007028935568,0.14162365329864485,0.07096634374877943,0.00115669880552462,0.10587155462721665,0.06335140589384142,0.2909200237629897,0.01852185154565717
1969,-0.1330361712677062,-0.04520558570465415,-0.06297118009463148,-0.00814755918597846,facultad de arquitectura,0.10006913527148507,5.154936163116932,0.7996155623573136,2.2735732603453194,0.15732902410375227,0.1541879375556688,0.33708905792871946,0.01926426177794241
1969,-0.07433428661158846,-0.06900891251687,0.2576267364253661,-0.05496384500888927,facultad de ciencias,0.09211677874477348,1.4814969706070622,1.7153233505942267,35.03045257092044,6.590928632823269,0.28227712580398906,0.4040387920290343,0.02597745977258053
1969,-0.25358862854203096,0.02576338772551984,-0.04961074421279318,-0.02370540358442255,facultad de contaduria y administracion,0.12154134422003346,22.749258970403112,0.31544733599830255,1.7139599151714529,1.617604685842871,0.26075681539198775,0.3948357690902085,0.022851110470481602
1969,-0.18842489202660237,-0.01330032814781605,-0.02699752243728504,0.01699657547937541,facultad de derecho,0.09005371182753844,9.305974065329858,0.06229070128497557,0.3760751015154536,0.6161381874569392,0.19156875648146324,0.34634199517863534,0.020028162027927027
1969,-0.1032801372992309,0.09000746394864116,0.06226405181647249,0.09878687748808264,facultad de economia,0.03807943508172404,1.182245799271448,1.2062697503779354,0.8458442400108839,8.801215749352705,0.18001052646849225,0.3249417820555828,0.021582754881275156
1969,-0.05902284678325691,0.13729280721810036,-0.1195575182290024,0.04586189364755932,facultad de ingenieria,0.12067229923241368,1.2235777250170952,8.89405985368663,9.882948039627468,6.011255775072664,0.1968002154730644,0.3474690762246223,0.02184619068788594
1969,0.20935349971121,-0.18579142107721272,-0.12210764317673016,-0.04198430545598971,facultad de medicina,0.1897497307141558,24.206125926290373,25.611167191487112,16.210335659924876,7.921524473261155,0.3082536267653947,0.4608423212080822,0.026564434167007336
1969,0.0666339177540985,0.06308304058084618,0.22301306790927036,-0.05202031444254092,facultad de quimica,0.06383462073195859,0.8249557401514791,0.9932953635684376,18.19039158982642,4.091248718907741,0.24669919046723748,0.36225593668044165,0.025219903867088847
1969,-0.02649814526058058,0.00281883615802691,0.13220796039164756,0.05496853738480506,fcpys,0.02865417951778253,0.05856020655871039,8.90275731074937e-4,2.8696460278300315,2.0505482552973184,0.14563853347476688,0.31010299817366066,0.020950159294443303
1969,0.2361418317774775,-0.21237899776252617,0.1476635027868668,0.22786094136771748,ffyl,0.04491552732789182,7.289974814137968,7.921665988486656,5.61135799758836,55.231893372761874,0.41784317879092747,0.5223702111924688,0.03456662986448108
1969,0.3790381489959203,0.5942327784443345,-0.1098458885650593,0.03925480731034653,fmvz,0.02500172046520847,10.454888602249271,34.520731787466765,1.7284731968117757,0.9124503641887428,0.7144155460959307,0.727342299966982,0.05366611737971991
1969,0.3756534657585499,0.30579101200227016,0.1373920129233197,-0.07295728121549307,fo,0.03696419226692769,15.182374153376156,13.515357654812268,3.99787614025242,4.659852363889612,0.508746498224077,0.5459288315517855,0.04044339341195752
1970,0.03390027829303988,0.2806340569397436,0.07560192171842602,-0.1099952578325876,enap,0.01325863367498191,0.043264457471645,4.218999653805368,1.062014278754746,5.756487152369024,0.3126008798707726,0.38210218583147815,0.028296275170257602
1970,0.10646421798539528,-0.02853859248795732,0.21065896005405685,-0.05143361555406171,eneo,0.0153025642841046,0.4924901094614748,0.05035693418642074,9.516779320556438,1.452677350793257,0.2432523283186724,0.37148653542905447,0.024462666159790515
1970,-0.17570454414914596,0.0432515582784948,-0.04315070239487981,-0.04805956669710321,escuela nacional de musica,0.02380291676558198,2.086517967051435,0.1799134637505126,0.6211147334235854,1.972880243572389,0.1921314372934893,0.31512342632408163,0.01912446754562329
1970,-0.1232662035825441,-0.04089796148902866,0.09076871852079568,-0.04673209498508183,facultad de arquitectura,0.09662380622849692,4.168676039963352,0.6530063936975364,11.156358562018337,7.572259466877195,0.165197001072094,0.31292603236410815,0.018314179962548464
1970,-0.12142541822925317,-0.05089597601123278,-0.16651648587669218,0.04292405747018948,facultad de ciencias,0.08133000066199973,3.404834097704134,0.8512314068896317,31.603207626424417,5.377286240482751,0.21657503860027774,0.36539432405363514,0.02127216728947044
1970,-0.2203045002639621,-0.01868440321633794,-0.00137891593660647,-0.02708245378682563,facultad de contaduria y administracion,0.12171124881464704,16.772717016598232,0.17167978049657504,0.00324318867454219,3.203447301734512,0.22275219521338177,0.3354096474390293,0.01931006679247085
1970,-0.2021067440023225,-0.01464661943333227,-0.0104395178588849,-0.00270369945709973,facultad de derecho,0.08585074860991489,9.957072314573823,0.07441300623655943,0.1311205867773745,0.02252017485471174,0.20292351503935044,0.32146067786991667,0.018509617829549043
1970,-0.07115630342668225,0.04655722652340612,0.01067054259077103,0.1293539403147063,facultad de economia,0.03655048759276426,0.5254675425603769,0.32010860270472286,0.05832195810063088,21.946402703814776,0.15516796451917475,0.3026771270441372,0.019304668955109325
1970,-0.09677760405009908,0.05096888606194225,0.03436434411033994,0.00542067033413453,facultad de ingenieria,0.12299642001904793,3.270906776079778,1.291019267880312,2.0355159217000183,0.12969084102411169,0.11477815038184849,0.2740250636268488,0.016667923302961348
1970,0.2728036605484673,-0.16844691556432678,-0.01930866779019171,-0.0236064106377145,facultad de medicina,0.2071679257489595,43.77728949958709,23.750820240521772,1.0824131333855984,4.142793409922024,0.32206565766440726,0.46755491965090173,0.025892562903441482
1970,0.09451314069207938,0.05419874438690137,-0.10240974080751925,0.06059621479261944,facultad de quimica,0.06341896948961681,1.6085313687404634,0.7527098522672488,9.321109913219807,8.356434578870063,0.1613378254348744,0.3289565044345242,0.02072551055906594
1970,0.00755692527053895,8.169790417286856e-4,0.0524211429560366,0.05548278892392025,fcpys,0.03044894103434727,0.00493728744204084,8.211528285640857e-5,1.1726032111166218,3.3635632904460153,0.07670782665342989,0.28076087370065944,0.017613539234228145
1970,0.1402025431019659,0.00198025637849647,0.2414800544405803,0.13336795373080734,ffyl,0.03804887596433944,2.1236335489416907,6.028574636460517e-4,31.0935476408391,24.28598101059467,0.30945161541435123,0.41312400717906184,0.02779425971367597
1970,0.3820025956577191,0.7156377258067979,-0.03205349246254152,0.02290666987376673,fmvz,0.02274040518740767,9.42229701410639,47.055958205121634,0.32742725339236134,0.4281864861025986,0.8121671500318837,0.8109438476076799,0.059814943670179255
1970,0.14225519281985227,0.3539742665824456,-0.03778345955290989,-0.09055025348563324,fo,0.04074805592379006,2.341364959717881,20.629098219694992,0.8152226716162423,11.989389748541951,0.393905140241775,0.4446434082906218,0.032842134262272525
1971,0.09933377147852632,0.30782910169383443,0.07298812794348356,-0.08314874299809907,enap,0.01184628651878205,0.3814052682010505,5.941238077980671,0.860589291071345,1.2701915405886408,0.3418580616113059,0.3868624736673719,0.029484715813173426
1971,0.01290308205806764,0.13388609551170802,0.1936589896282951,-0.08941883184858723,eneo,0.01383069684851819,0.00751348780372213,1.312170859281688,7.073406894303662,1.715053426704773,0.25217356691569687,0.34307342903048377,0.024331404803241807
1971,-0.18038503516087345,0.04976935592764373,-0.05869827828709647,-0.02225444620930851,escuela nacional de musica,0.02315717731789623,2.4586529873780867,0.30358830372026785,1.0880418561565617,0.17786676713770558,0.19737400525245075,0.3231177777136112,0.019405717490948642
1971,-0.10361755237796422,-0.01875308820457623,0.08189264247302862,-0.07574608999207465,facultad de arquitectura,0.09096979385921924,3.186944308617394,0.16932386636387867,8.319481038390114,8.094560191965991,0.15340192475425962,0.3112602703299636,0.018046064962609673
1971,-0.11073617719299136,-0.06611796881112827,-0.12817123639721015,0.05067733176749316,facultad de ciencias,0.08127526793879002,3.2519815178193947,1.8804976277698104,18.20743688337238,3.2371401206420356,0.18875948859246522,0.3566359039725787,0.019925109818655175
1971,-0.24934117681696324,-2.4325440253094983e-4,-0.0223108265577318,-0.01264868470244204,facultad de contaduria y administracion,0.125168812058228,25.3918734755449,3.920061875048055e-5,0.8496434355710991,0.31057212357562874,0.25065682483340335,0.36177437352307834,0.020901992130153164
1971,-0.20409031087201984,-2.154680402659513e-4,-0.01261982167557541,-0.00746868060398837,facultad de derecho,0.08540683320340337,11.607748730856088,2.0986195570440236e-5,0.18548479356968517,0.07388495292798129,0.2046165743711926,0.32926271637150356,0.018906334593454723
1971,-0.03742583403087055,0.03682520772555456,0.03721104820981478,0.02980327570505138,facultad de economia,0.03414451334640742,0.15605385696555288,0.2450680591060488,0.6447242281510513,0.47035366812336904,0.07092028150367831,0.27385717647058916,0.016700310106503264
1971,-0.0469673095851288,0.04464250864079731,0.04129021178652777,-0.03873015544004177,facultad de ingenieria,0.11334532646081588,0.815841117420813,1.1955732068872316,2.635160635964453,2.6368031263512357,0.08604526876705719,0.27345487207916885,0.016393591272734223
1971,0.2142517930236621,-0.15307420344045625,-0.01956010862960652,-0.01455629873399628,facultad de medicina,0.22826129543918883,34.18942627231428,28.308161681669873,1.1909240294307974,0.7500838325822975,0.26444286009499235,0.4268571490861791,0.022261914350520134
1971,0.1354818845390905,0.04676164787329165,-0.08959896128885463,0.02804064941273367,facultad de quimica,0.0636740458053131,3.8136032466389578,0.7369150622301907,6.970720206436008,0.7764512400100404,0.17133664124646159,0.33408879770333677,0.020337845758032894
1971,-0.02635136111360142,-0.00704697218557507,0.15622652496112324,0.3794906959115993,fcpys,0.03536688082205293,0.08013338140034708,0.0092955961427608,11.771059634243358,78.99045791879796,0.4112954770410466,0.5056385219890841,0.03354521422186607
1971,0.1877713087051948,0.03796369728186753,0.2814809009772786,-0.05218117812717098,ffyl,0.03113470309592416,3.581902829598679,0.23749644077154805,33.639679489239136,1.3147648848875406,0.34446143419821457,0.43130073425959914,0.02935251329078929
1971,0.3059073065750028,0.5790920325866148,-0.06891666809401507,0.01661197407111721,fmvz,0.02278921328291783,6.95856420111786,40.44826391057105,1.4760026381102382,0.09753206723451072,0.6587505804513494,0.6547508338324595,0.04917458053230331
1971,0.1784634167897101,0.30265309888426756,-0.0970278413050284,0.01171056156847109,fo,0.03962915400254259,4.118355318322813,19.212347120690644,5.087644945990066,0.08428413847034454,0.3646911414293892,0.4162443139565313,0.03052937763621692
1972,-0.07253085819063632,0.2429761702245245,0.3293462208758543,-0.0480746509704327,enap,0.00968826414020036,0.0313340096243182,2.34750458086383,6.495866385738555,0.34752371462593656,0.41842352940290445,0.48497002986605875,0.035150078834649774
1972,-0.029986146519885,-0.02563489658058906,0.16148248257522216,-0.00407177758886314,eneo,0.0115191194566681,0.00636773481620718,0.03106816007080696,1.8567603803176984,0.00296410492174146,0.1662813533057739,0.35964024031060254,0.025196094913149537
1972,-0.15191332209575958,0.1297877618724489,0.06076431182645363,0.2195135181431947,ents,0.00372891529818072,0.05290523042287089,0.2578001215316975,0.08510702891341076,2.7887607288608,0.30298680961615254,0.40212031471144805,0.028887454708583414
1972,-0.12337493664096667,-0.02274471408759735,0.11817676552716812,-0.05554653493579629,escuela nacional de musica,0.01361981783290834,0.12745285067720066,0.0289178083592807,1.1757669299419653,0.6522159848098138,0.1810797130103922,0.33618220744429617,0.023471196014402923
1972,1.046552504182122,-0.05567495914746178,0.03842136930324152,7.318171691885715e-4,facultad de arquitectura,0.12265298491858204,82.5894423298563,1.5603824192075513,1.1192047447689324,0.00101950534122171,1.0487366601113204,1.2377613344418694,0.06675216626364443
1972,-0.2645199450981481,-0.10827464479926165,-0.094131385240578,-0.04016511808045354,facultad de ciencias,0.08436716591257165,3.629231549404639,4.05938374537977,4.620916315776764,2.112407747406269,0.3035920856327787,0.4106479589496079,0.025335942257395536
1972,-0.26451986955152973,-0.21714130401943965,0.05735330588333555,-0.06009959372981714,facultad de contaduria y administracion,0.10219484854564688,4.396124400598944,19.77638919027492,2.077933572315071,5.728992739424615,0.3521682412726303,0.4319101794729987,0.027218107664705348
1972,-0.23064688953785295,-0.17868256288673603,0.04210502547364016,-0.02400313122151837,facultad de derecho,0.07567428107527156,2.4749582514929784,9.916211072998465,0.8292813836939583,0.67669083972701,0.2957607638139857,0.39008349664413117,0.024952036517873456
1972,-0.1701861945901371,-0.00737295932051355,-0.01856490204071084,0.06733543825676423,facultad de economia,0.03390304558449846,0.6036868807087324,0.00756406934518749,0.07222869712504434,2.385790422659126,0.18410979928082497,0.33561581375379423,0.022639541940099237
1972,-0.12424962070894496,-0.0496867376181194,0.06826618770855987,-0.02594455037679553,facultad de ingenieria,0.11318642711539112,1.0742586609574791,1.1468547781718166,3.2605539885477466,1.1824773848892831,0.1524471456602679,0.32716763817095734,0.021987131524033705
1972,-2.599015892527563e-4,0.1260637926966412,-0.17530220938018948,-0.01177837163016337,facultad de medicina,0.21194073494500165,8.801499643222464e-6,13.82382688622332,40.26011015600467,0.4563427309998816,0.21624463468426647,0.4522734321010367,0.024754626625415173
1972,-0.30623829306586525,-0.06167911137915771,0.0178385379125952,-5.402307543148e-4,facultad de psicologia,0.0214925641091209,1.2391719983028204,0.3355811513556225,0.04227586338685399,9.735382829168832e-5,0.3128972837922124,0.37686916797886166,0.02552917956705221
1972,-0.13210059086745984,0.20973246556868055,-0.083052052176676,-0.00650748318047676,facultad de quimica,0.05862695803840085,0.6289719102448502,10.584291641375945,2.4996766904670467,0.03853271978999693,0.2614923783385498,0.41264845523330196,0.026004997558970077
1972,-0.2479888939759651,-0.09044120336286114,0.01002960221926868,0.3419289877924837,fcpys,0.03991136098807223,1.5089865552918826,1.3398689243719528,0.02481702390388707,72.42267701776291,0.4320811595228541,0.5028668047212592,0.033795127007567934
1972,-0.03053869155288107,-0.02645530202334961,0.098663275675083,0.129188123186541,ffyl,0.03096643888747393,0.01775482864624621,0.08895079322727696,1.863322673516568,8.02126081297553,0.16750076962899893,0.3645392807886152,0.025246993286832362
1972,-0.2187623083341079,0.5260572693579039,0.387968594408643,0.02673411608123394,fmvz,0.02074403482734105,0.610327019659255,23.56092832691752,19.300658175480507,0.2301076657506217,0.6898025379788223,0.6943615678657512,0.048523580860959814
1972,-0.18933667628715992,0.24342548085598684,0.2256939821320976,-0.06445594252676545,fo,0.04578303832467009,1.0090169877955966,11.134476330324883,14.4155199901013,2.9521385262269932,0.3875521691528696,0.4404097161526141,0.03207626810199317
1973,0.08806175005628536,0.26738680876406945,-0.10580934195060716,0.13577803945921907,enap,0.01106997068964582,0.27949528910719057,3.111007187697697,0.961265723753464,3.945664626524829,0.3299725294133111,0.38404266784567126,0.024234709874096795
1973,0.02904711246328105,0.0768336850576008,-0.08831929764907744,0.2927180733720455,eneo,0.0105407086475255,0.02895537134664703,0.244595083370231,0.6377199180972506,17.461579105292525,0.3165933017577182,0.4051512982843199,0.02382769090871434
1973,0.12003386387943578,0.3846987488268415,-0.0188516145491275,0.01338867528862718,enep cuautitlan,0.0308785070482517,1.4484958796199223,17.962733620334088,0.08511426555212274,0.10701536634402968,0.4036531875556756,0.42966573682918024,0.027308106587737767
1973,0.2334307644184607,0.2865327822131477,0.07618956040779377,0.35372084954407357,ents,0.00326898019556458,0.5799384070035415,1.0549588276415809,0.1471811473278594,7.907664565313251,0.5172177931752813,0.5350614139205333,0.03392103766794008
1973,-0.03729025739527827,0.0803202737696488,-0.06257893283501993,0.11179039483267351,escuela nacional de musica,0.01271843520158429,0.0575808194492973,0.3225214690811667,0.38631266479495985,3.0729627239596886,0.15574056917403512,0.30690601753573915,0.01693843149065097
1973,-0.1488246706617102,-0.05441177499197711,-0.06720532499829276,0.08349750948622983,facultad de arquitectura,0.0774417860142565,5.5844269984013675,0.9012301967488492,2.7128869135342426,10.438474495081028,0.19130555050461356,0.34888072271347365,0.016526190768932036
1973,-0.11422163500088198,-0.07402186127197768,-0.01188387908607334,-0.14769559921706665,facultad de ciencias,0.07803825852298013,3.314802910975636,1.680746281641028,0.08548166583126655,32.91223004515068,0.20119899219097348,0.3890600829765375,0.017623655480038327
1973,-0.20490577919956385,-0.03337786403966796,-0.06349603886523059,0.01625047900182372,facultad de contaduria y administracion,0.09413353446327098,12.867855576405203,0.4122266221490941,2.9436528443867993,0.4806083696957158,0.21770687902910774,0.36179209896660064,0.016933298506501823
1973,-0.243143210570202,-0.00452510973146885,-0.06009891130280133,-0.04901177452395419,facultad de derecho,0.08033819774901259,15.463214354246938,0.00646628589892925,2.250630776337365,3.7311058419851633,0.2552511129187027,0.38952999460948967,0.018596155887257892
1973,-0.06379491420252008,0.01993190182732647,0.01171897307705536,-0.04888050716529866,facultad de economia,0.03716951014802153,0.4925069351678627,0.05804420990607863,0.03959268088981269,1.7170101983110968,0.08362840485910658,0.30749494648472403,0.014813740034246153
1973,-0.06764400109413658,0.01560390103388458,-0.04567630794678267,0.0341678561253755,facultad de ingenieria,0.10721510496625287,1.5972318001936423,0.10261171280859858,1.7349498215757635,2.419948172509641,0.08984965281709495,0.29694951042112017,0.014306616791396424
1973,0.2419908758864132,-0.17081918446135613,-0.01349642803572401,0.00916382735396686,facultad de medicina,0.21994625995312755,41.934161339062264,25.226933197344664,0.31074434004913865,0.3570960192533655,0.2966562102734629,0.4727501564081703,0.020362828304712175
1973,-0.1318478465457315,0.04136047296245893,0.4917149842396386,0.04027405419201053,facultad de psicologia,0.03128049256414669,1.770406772593693,0.21033868928220348,58.66099537524902,0.9809320258206498,0.5123477027656844,0.5851226767391086,0.03309642751280581
1973,0.163428031305133,0.03090046909959473,0.04341095059670716,-0.08869887305124076,facultad de quimica,0.05983978811278658,5.20351178659068,0.22459225701132104,0.874656640906884,9.102084887554978,0.19343102418980368,0.3744300968816187,0.018452855977572277
1973,-0.079872562527082,-0.03688185385443941,0.3015585332767491,0.02827666682319219,fcpys,0.03855116421573817,0.8007300576291461,0.2061282758557985,27.191283099283837,0.5959482622385884,0.3153997721417009,0.43888895843496856,0.023442975568636924
1973,-0.0924532492362212,0.02291380714232141,0.01150334616562243,0.05748895980339043,ffyl,0.03414922945137079,0.9503392440772463,0.07047742094063549,0.03504921097753279,2.1820487060877283,0.1118479026373419,0.2986825966111903,0.015049893375887805
1973,0.2977525668555664,0.579738419161116,0.00405345839928575,-0.06065983968951902,fmvz,0.02228881146568534,6.433559713449986,29.445956220496107,0.00284045105390641,1.5856380451132983,0.6545603657392198,0.6502618009202227,0.04047840279364728
1973,0.08464697713735762,0.30550458185187657,-0.04867585483466075,-0.0318369028979558,fo,0.05113126059077844,1.1927867446798297,18.758432441791964,0.9396424603989654,1.0019885437639138,0.32230589119809944,0.38476599110665116,0.02350111077925368
1974,0.1601712694052091,0.4220227269203617,-0.19014775644169016,0.04246520760883276,enap,0.00876296600686108,0.7981154648520126,7.815664218551747,2.214974313897242,0.2908730140444196,0.4916477201383566,0.5111799517451651,0.02848930689765766
1974,-0.01703557663500356,0.02579754199697934,-0.09773579935369296,-0.02258938814949483,eneo,0.01072178340363787,0.01104653494395321,0.03573277730740507,0.7159942331322925,0.10070748867417062,0.10496804740799393,0.2792180809958359,0.0132202569519749
1974,-0.19643582948493593,0.05207200348851251,-0.04537102036772796,0.01421196125030086,enep acatlan,0.03045682846292495,4.172260838862799,0.4135579172788944,0.4383055060367996,0.11323443240910196,0.2087080208917025,0.3059803171005093,0.014719613305610339
1974,0.09139313509396084,0.16852332273191037,-0.07783562117379617,-0.3551380528799076,enep cuautitlan,0.03407253918380749,1.0103620244969806,4.845823742014535,1.4431000683179205,79.10149997948407,0.4110161018424331,0.47974989101850074,0.02492618622445028
1974,-0.14833095502278962,0.08963181536448318,-0.0411519573752934,0.043440655832716,enep iztacala,0.03675841216529009,2.871214860158082,1.4788503045737855,0.4351839737405081,1.2768365042126315,0.18334805348980415,0.28958143786778784,0.014398015438317742
1974,0.08649004031233197,0.16803310988554596,-0.01839260254685374,-0.12755368520603874,ents,0.00346633421367119,0.0920551302716696,0.49012093250202227,0.00819769889051242,1.038107325347546,0.2287441442510049,0.3314339620606727,0.01767224607692661
1974,-0.05649067281138276,0.0563183382785762,-0.06086554829132589,0.07161035116081187,escuela nacional de musica,0.01136869972131565,0.12879815868964628,0.18057330496225513,0.29443472547018606,1.0731197884361796,0.12327046971323406,0.2765220512853368,0.013416725706618544
1974,-0.11269120232054168,-0.08386007864417346,-0.05324892028726839,-0.01394575231141008,facultad de arquitectura,0.07143115130079003,3.220423884902242,2.515598155496641,1.415938590956776,0.25571567224993097,0.15086998173906987,0.30780122602745663,0.013021684105743487
1974,-0.04940545417308713,-0.12218348426974564,0.02398126416338535,0.03285513423972405,facultad de ciencias,0.07634098556470058,0.6615351402506655,5.707236383015822,0.306928392411727,1.516875913371977,0.13792847279343215,0.32437452651282145,0.013352284968573953
1974,-0.2221080997576407,-0.05468192233200742,-0.02097057791194918,0.01399386333450128,facultad de contaduria y administracion,0.08610904807048107,15.080750166345275,1.28937552604731,0.2647309647995202,0.3103915184128857,0.2301254309216163,0.3381112499696424,0.01489795869997273
1974,-0.2311063282225454,-0.02932745724124031,-0.02631351740236796,0.01157705259995533,facultad de derecho,0.07117818459519427,13.496338009874412,0.3065764666448889,0.3445401781942995,0.17560170199233416,0.2347267859400169,0.3355255541068473,0.01506990891687946
1974,-0.03271930520652438,0.08507988816172753,0.01886864848126941,-2.939576850445717e-4,facultad de economia,0.03043923716442754,0.1156877232635434,1.1033941372259577,0.07576183903153236,4.841603300848763e-5,0.09308733860971675,0.2623359361668733,0.013091789925865748
1974,-0.092430165411286,0.00758189320559064,-0.03001382760458855,-0.0117070736438515,facultad de ingenieria,0.10382688068838032,3.14907229510674,0.02988878212640476,0.6538644564648078,0.2619342610759597,0.09817691176299649,0.2645447488539875,0.01194543151926156
1974,0.23572273818283548,-0.14086382241611872,-0.03422113295179087,0.00872834050047502,facultad de medicina,0.20343809421053885,40.13105688382284,20.215025977407063,1.66554435195212,0.2852866437887772,0.2768665664728947,0.43410510141952147,0.017216053811779864
1974,-0.02988790818582113,0.13154879112467424,0.6100250389390486,-0.00872166042009421,facultad de psicologia,0.02563424902070512,0.08129372121876191,2.2214544302164843,66.68851975701526,0.03589258572764552,0.6248239648054149,0.6800922556323161,0.03491550946639811
1974,0.20237562551195512,0.05347257460465963,0.05245729392284255,0.0455524580520007,facultad de quimica,0.05408913076747992,7.864511910915641,0.7744890453291594,1.0405355555401368,2.0659482410617382,0.22054932363644367,0.36037339632682025,0.01676798487006431
1974,0.08029264154354969,-0.01610270532943313,0.27091468586946554,-0.02817916735247778,fcpys,0.03678769125787419,0.8419753731467331,0.04776868777988463,18.87568779325752,0.5377057075650914,0.2844205300209492,0.41021369341554126,0.01952321673957232
1974,-0.10755404143808024,0.03533735296326941,0.03446917656990188,-0.05408131843295061,ffyl,0.03294801209854473,1.3530942513332846,0.2060346824191573,0.2736693687556853,1.7738200470428882,0.13011346387276085,0.27718856516756946,0.013212822082925825
1974,0.24122750048628033,0.5711207993452428,-0.08307819749256502,0.11194596741671496,fmvz,0.02124292023643333,4.3884708324359964,34.69870438213608,1.0249991499048192,4.900235212933132,0.6354553965111048,0.6366558108596853,0.035291764954200194
1974,0.05424177825848887,0.2475158218158492,-0.07148023808731989,0.07219677079270306,fo,0.05092685186694171,0.5319367951089315,15.624130146964449,1.819089082230058,4.8861655461366436,0.27299826136393673,0.3482049652124298,0.018845862813592077
1975,0.05028186974150209,0.09600105796296196,-0.08323010561105161,0.13845944918143063,enap,0.01009060170940921,0.09185302566012146,0.4311262258044079,0.48866722741512136,2.931009558958901,0.19453210301223123,0.29133890301848686,0.01441990231550002
1975,-0.01283104542901462,0.07816770943358856,-0.07601858693919185,0.17736717047294154,eneo,0.00994282861530914,0.00589369427523363,0.2816437155136381,0.4016842438888073,4.739269443835267,0.20859713623802303,0.3148019974640676,0.014947378401490484
1975,0.11571156731171184,-0.05134059622314624,-0.06557075944989048,0.01982105418672698,enep acatlan,0.04306207374560573,2.075879106110552,0.5262015169387252,1.2943467158570885,0.2563323442736032,0.14393547969208123,0.28063094273342065,0.012242006272069568
1975,0.30125510678469697,0.5265431002870853,-0.00374550769509287,-0.06937191415958385,enep aragon,0.0141665043089025,4.628977805339582,18.2081528376771,0.00138937456351121,1.032963617974278,0.6105970579079574,0.5977128962619837,0.030779317370619487
1975,0.07233873711984905,0.1802450907087785,-0.0227724917179535,0.03447777350763975,enep cuautitlan,0.03644734295715864,0.6866908866045928,5.489440758337588,0.13213632902785655,0.6564463977319553,0.19856608184128222,0.289976508892139,0.014604600356325811
1975,0.14339821386437646,0.0713828667546052,-0.06610966065049015,-0.18108736829266553,enep iztacala,0.04821996915814072,3.5699980354193923,1.139069540295149,1.4733028950769511,23.95842221677859,0.2506425414651025,0.3570314658597338,0.016312272149953372
1975,0.31437649982395177,0.353790498360368,0.00121264937095634,-0.23415452054824631,enep zaragoza,0.01815457349887708,6.4601077879055016,10.534494974070158,1.8663444536850775e-4,15.08155475580628,0.5280436633303279,0.5395489546142025,0.02728984841735787
1975,0.07462625846287455,0.15426581197062036,-0.00798907821621403,0.1413818691457799,ents,0.00370433238793119,0.07427571647096766,0.40868120687486936,0.001652869452043,1.1218953762263029,0.22230536990595115,0.29826560205375663,0.015357764522868496
1975,0.02142961392815473,0.03530234803145513,-0.07460182755964996,0.1056792451994619,escuela nacional de musica,0.00944292516269881,0.01561308797310359,0.05455682295148149,0.3674013430337097,1.5978680930756315,0.1357903519062068,0.2753658575346953,0.012770390689193854
1975,0.08811613485940818,-0.17165136592608335,-0.09309559062943346,0.01824633944111648,facultad de arquitectura,0.08035162806487464,2.2462553458434105,10.975505906288603,4.868421393170935,0.40532290993738906,0.21500781972871377,0.3401576612270037,0.013679322086941779
1975,-0.04906256070422818,-0.11735900487823368,-0.00684908759705714,-0.1321609864066648,facultad de ciencias,0.0725765386120419,0.6289994120900702,4.634089613801766,0.02380109573523087,19.206921695608024,0.18355845722210717,0.36124145658575,0.013838241521182534
1975,0.10158338938438424,-0.13321116499310473,-0.06565238127365755,0.063879513057283,facultad de contaduria y administracion,0.06193017676970455,2.3009187498507138,5.094703476340745,1.866115601756606,3.828956962258654,0.19093251905575667,0.3135114119269551,0.013059413231013395
1975,0.14835656123588975,-0.1806495378289848,-0.07567263118414459,-0.02412536204674486,facultad de derecho,0.0627318966089084,4.971134338628818,9.490682990876993,2.511315898570534,0.5532113329113455,0.24688520608530234,0.3583663655087225,0.014829281200471561
1975,0.04702013512945955,-0.02664694830574901,0.09677205333570264,0.00868267122892403,facultad de economia,0.02998592780894661,0.2386925158167894,0.09870696294181604,1.963146280786882,0.03425146689555387,0.111180807912515,0.28516555068362076,0.012538225110405404
1975,0.04046847428164227,-0.03282228005417093,-0.04474297590102812,0.0674703262748894,facultad de ingenieria,0.08841241558596562,0.5213153152808264,0.4415563041136763,1.2373661949643484,6.098090263780678,0.09627657191008819,0.26745331050475246,0.011468139983932877
1975,-0.2971390566278782,0.03879028028611492,-0.00764776932229227,-0.01669774944432891,facultad de medicina,0.19547162822066447,62.1379292108311,1.363530652811504,0.07992608649306439,0.8257614074661156,0.3002225974681009,0.4530281891720774,0.01648152953500161
1975,0.16073387849887527,-0.13808621120350398,0.6228103436326615,0.00906125037984552,facultad de psicologia,0.02750009687513689,2.5580123533022165,2.430917335275184,74.57291426667041,0.03421097543004448,0.657934656190195,0.7156042858228243,0.033122687530848835
1975,-0.12174139539376448,0.10936811130564476,0.09172379327677307,0.0821044912870089,facultad de quimica,0.04459587334216763,2.379714128398075,2.4729278041628144,2.6229737559743347,4.554948529983281,0.2047846499754401,0.3441168920548345,0.01484633649948134
1975,-0.02895423571390094,-0.08056021151237884,0.13290095885717687,-0.05522996674858443,fcpys,0.04293365888287354,0.12959124963489696,1.2917380027210368,5.301385528925538,1.9842776298518137,0.16745539566374718,0.33904588755072235,0.01384482278811169
1975,0.1026315887901542,-0.08033117782163103,0.0427938676746473,0.08689474080325152,ffyl,0.03098429585377958,1.175052579093381,0.9269263749528792,0.39667969256159274,3.5447334741110748,0.16238334963173195,0.2941419061815808,0.013089882283105893
1975,0.09199527557653048,0.3395309171644964,0.04782218064372288,0.04664847979403357,fmvz,0.02048201705146328,0.6241045342345491,10.946284114484143,0.32746639052072124,0.6753092295459758,0.3580606318315113,0.391816893565794,0.02020871348706857
1975,0.11876659648825524,0.23745172376386545,-0.01408721147561531,0.096437258998257,fo,0.04881269477943986,2.478991121236047,12.759062862765544,0.06772018110918802,6.878242317559337,0.28282047310987,0.3295496848560605,0.017182168160585293
1976,0.10288626098179944,0.3854582881676588,-0.05457550298764725,0.06935346050893344,enap,0.00860234123008901,0.2516843781224397,5.952551331595355,0.27253429000693524,0.7254535585402458,0.40859767819564974,0.4214392110040146,0.022312977336163994
1976,-0.00728845657254192,0.05865697488097365,-0.10690463908866768,0.1904719320537092,eneo,0.00996419893846598,0.00146297988703442,0.15966635802100088,1.2112798311233637,6.338128529915334,0.22627841492362483,0.3207074871355481,0.015922585318133117
1976,-0.1069358927514485,-0.01309616897853326,-0.02572174792467308,0.04528041799395088,enep acatlan,0.05244079805438894,1.6574525954864168,0.04188799173443786,0.36904492771197017,1.8851539602986889,0.11966085145305848,0.26341797931315347,0.012014001936918314
1976,-0.00633540668300183,0.37403651773464175,-0.02781507025803752,0.04214735975959505,enep aragon,0.02121245952260612,0.00235323255711478,13.821358869158331,0.17456627384627954,0.6606758819516009,0.37748315465072124,0.3889592062439273,0.020894305428854135
1976,0.08966535021663516,0.11915766051639236,-0.03347939141068915,-0.01277127580184118,enep cuautitlan,0.03334273254514507,0.7409268135828,2.204838741428629,0.3975257733339635,0.09535125957141496,0.1533701347200571,0.2884697467269678,0.014119621510116885
1976,-0.13975037951083216,0.04753498906247589,-0.05444010908450186,-0.12320984453249705,enep iztacala,0.0770237316374146,4.157721279151804,0.8105560632544281,2.4281276905980524,20.50085871242381,0.19983526972345467,0.3157374710158432,0.014225201149335356
1976,-0.03498637930127728,0.1379594110875526,0.02742112852318385,-0.07030375155123068,enep zaragoza,0.03287978098279991,0.1112376335595189,2.914494810295235,0.2629714235655255,2.849328977824993,0.16109432521320952,0.2809282814665402,0.013952675841145356
1976,-0.07024769484223359,0.0968465414562249,-0.05363331365231225,0.13710835222391338,ents,0.00455914947749015,0.06218316332823746,0.19915158629720792,0.13949610586289046,1.5026863184664303,0.18970825971887426,0.2823021890698654,0.014500160229498474
1976,0.01193963986402806,0.09807706961352544,-0.1131944916470466,0.03240614299309048,escuela nacional de musica,0.00882317402631797,0.00347641907961002,0.39526787110821354,1.2024981719647074,0.16245617035952184,0.15370366822877368,0.28056909805606683,0.013920108018550282
1976,-0.1923806479864973,-0.1177934058287996,-0.08841238082341601,0.03375886372605405,facultad de arquitectura,0.08322244659452258,8.513106577151362,5.377917601268494,6.919514811200964,1.6629255194182953,0.24462626624995093,0.34746404907384865,0.014813473403837813
1976,-0.05626986662082529,-0.14474023701057376,-0.01225125563828132,-0.1303647996319659,facultad de ciencias,0.06977626801187947,0.6106387126365789,6.807975796398183,0.11139813867764116,20.791465330553656,0.203128305135448,0.358224770763293,0.014692895735559725
1976,-0.16905547994244458,-0.05304510374372459,-0.04874239022578691,0.09088374209033769,facultad de contaduria y administracion,0.0545317822450065,4.307576735189021,0.7146147973865061,1.3780733340963076,7.897302451443311,0.2050102765985615,0.3065751456172529,0.01377749040691641
1976,-0.22905522606416204,-0.07902705967264181,-0.04934771251713742,-0.02408586880645907,facultad de derecho,0.0540924987322982,7.844084770044931,1.573332078545754,1.4011353439344283,0.5501971728571646,0.24844898581930994,0.3447388404995494,0.01495272233110258
1976,-0.0790374727633076,-0.02910186272701257,0.11763879916387383,0.03711865109053209,facultad de economia,0.03337669854859304,0.5762809872127297,0.131648725390788,4.913076589607569,0.806277285505988,0.14936707081044126,0.2890325943153654,0.013416095660979873
1976,-0.05466096036301424,0.01327608413777191,-0.05021842651500167,0.0786511660207982,facultad de ingenieria,0.08195571855899007,0.6767972770282801,0.06727457476643106,2.198439188419047,8.888864202088635,0.1089585759631338,0.25999934333758523,0.012209016395526186
1976,0.3571463933172615,-0.11724777253746398,-0.03015458875303655,-0.00816646617221783,facultad de medicina,0.1680709564600253,59.25295772371424,10.76052794900316,1.625580512319106,0.1965249454587044,0.3771956744411734,0.5034188861017936,0.019922569750744062
1976,-0.16157602250683392,-0.05598048614943391,0.35158132713967055,0.01113282429615499,facultad de psicologia,0.03111247202399375,2.2449835852366755,0.4540875107309491,40.90676296107571,0.06760859438180504,0.3911189016766602,0.46280248392609036,0.021553476895432265
1976,0.2867655750449325,0.16380876309465311,0.11000382242992109,0.09786357976956576,facultad de quimica,0.03385862673185046,7.695701153452224,4.231314520894633,4.358066823320616,5.68549410160194,0.36158806270666455,0.4351064627467209,0.02065421716469136
1976,-0.03611967900448788,-0.1150749365672028,0.23794955891775416,-0.04826493528213423,fcpys,0.04258097109021326,0.15354233845983112,2.6260848648536212,25.64450748063659,1.739144613400934,0.2711021372181993,0.3891741449205201,0.01725007542956607
1976,-0.09199809204396306,-0.04072586804057441,0.0932594041043141,0.15497357953187924,ffyl,0.02924586167031759,0.6841429996705,0.225910713747879,2.7055694506413355,12.315057053385726,0.20696949551613456,0.3154674286300668,0.014909184037817559
1976,0.0866620121560837,0.4253088397199739,0.07013806607727104,-0.07400615919185094,fmvz,0.02130009970785462,0.4421442670200093,17.944119868911393,1.1145465270455452,2.045380190668585,0.4458634021830911,0.4579878248708269,0.023742764727998723
1976,0.00847944892743803,0.31776380182234343,-0.02278806950892883,-0.05592527869911598,fo,0.04802723320973732,0.00954437842848533,22.585417375209182,0.26528435101158815,2.6336651698832747,0.32356246338569644,0.35811617489949665,0.018793877483947792
1977,-0.01033760901599095,0.29836022785307775,-0.02218607695135246,0.058746533388597,enap,0.0099354685714416,0.00186914719407097,5.057727448520854,0.05565043952544971,0.6105027989481684,0.3050722355777019,0.36155719071978143,0.019029264379672176
1977,0.0517861235196376,0.03556926251770612,-0.1172632342063126,0.15395665458740085,eneo,0.00896259914846806,0.0423131856134833,0.06484386645657182,1.4024162142571406,3.782384901431009,0.2034706185509678,0.3307699374048914,0.01634138595265852
1977,-0.17544833372733673,-0.03135810817998886,-0.03011686817396794,-7.265904625758424e-4,enep acatlan,0.06880963816044665,3.72874526030036,0.3869315920263222,0.7102121617162911,6.467902686726664e-4,0.18075674935845487,0.26830646684929615,0.012732519341349282
1977,-0.15917263002010013,0.10131716302869236,-0.05753625578181869,-0.03875382184838927,enep aragon,0.03478840063497019,1.551622939332424,2.0421409418132064,1.3104995332143914,0.9302471690918268,0.20103077652177007,0.2784235847624944,0.014064618257664214
1977,-0.02033806039152126,0.10628845510516716,-0.03136443605797224,-0.07170733300304523,enep cuautitlan,0.04737444898680654,0.03449674998639324,3.0605647303089745,0.5303204236757726,4.337166845570002,0.1335535167817626,0.27010107676710426,0.013468909621875655
1977,-0.076030860304506,0.09434532693331284,-0.04516596049461042,-0.10171490961193444,enep iztacala,0.06736618045579938,0.6855461210906832,3.429003433589793,1.5638087536516203,12.409262642302824,0.16452239743439703,0.2763833540227519,0.013592587975811357
1977,-0.09782640444876192,0.06275519455575441,0.02537381352654793,-0.06830717053024435,enep zaragoza,0.03975087516693705,0.6696900125319689,0.895223065794239,0.2912308630913391,3.3022815941838433,0.13717842326631127,0.25781685885801087,0.0128699373784227
1977,-0.1273122578285864,0.06058647031399524,-0.04751299139433137,0.04905309278531831,ents,0.00472141472534643,0.13471859192602131,0.09910798854620424,0.12128751931169042,0.20227385751352428,0.15666148742292707,0.25508660362424485,0.013082295340666343
1977,-0.04073171384319178,0.0093716812712689,-0.09249742710826268,0.0025450241258751,escuela nacional de musica,0.00967189366459048,0.02824826803738242,0.00485771175347134,0.9416511329994436,0.00111539870929736,0.10153399475990083,0.25965324550788454,0.012728586187299813
1977,-0.17590104868576462,-0.11882181740400076,-0.08697148864178336,0.0394058220770634,facultad de arquitectura,0.07815903789965474,4.257268156502647,6.310398625761597,6.727477083652541,2.160900680176163,0.2327588062138111,0.3168358353764799,0.01441804172358349
1977,-0.0263037236693662,-0.07560751614200802,-0.01416697202694334,-0.11485514166479956,facultad de ciencias,0.06579407841132347,0.08013757922856082,2.1508095586661047,0.15026578195223383,15.45334530065407,0.1407152764958082,0.3008810129119434,0.013679136534252045
1977,-0.17016405839269988,-0.076212068104727,-0.0508807461229067,0.0981090806802648,facultad de contaduria y administracion,0.05705621907901194,2.9083964316129896,1.8951155317124313,1.6808507273314288,9.778139271815204,0.21674484568594501,0.2986265867677085,0.01406791201434475
1977,-0.24121222508182624,-0.08677324431157785,-0.04861489274281688,-0.01394977835463812,facultad de derecho,0.05888617895638916,6.031522447719902,2.5355387563851375,1.583693933661835,0.2040247273415917,0.26128707884206887,0.3260395039050917,0.01507224460312055
1977,-0.08594957855997187,-0.02563993991783904,0.11991043374829724,0.02291477762145037,facultad de economia,0.03269786198229647,0.4252279509458809,0.12292453406279108,5.349984442100318,0.30569298128709976,0.15148708106228886,0.2775136075880425,0.013718779961315639
1977,-0.1020379936187144,-0.01762351916792449,-0.04826414960950841,0.05077071926375429,facultad de ingenieria,0.08504023235951592,1.5587023972901524,0.15104102240086234,2.254202723184572,3.902886192071097,0.12501773730828344,0.25106161709995223,0.012150742828182045
1977,0.5453985823284017,-0.09050772245952772,-0.02816833297427701,-0.01166554765545631,facultad de medicina,0.13633438614368623,71.39180473934553,6.386484875602294,1.2309684260531195,0.3303318796438761,0.553697391555435,0.6647849026557926,0.027641450972460638
1977,-0.12473919119025842,-0.07438982929294409,0.3414429252542558,0.02280454222639319,facultad de psicologia,0.02694699583002062,0.7381270938952468,0.8527518838555164,35.74915715247433,0.2495099618538831,0.3717486124700022,0.43902804744783863,0.021230734868657848
1977,0.2604472023092698,0.12147195345664116,0.08420285698648437,0.1759923088007488,facultad de quimica,0.03521776848110266,4.205485807842838,2.9716596927313574,2.8414152271840307,19.421556329219257,0.34734938397671383,0.4465556734267404,0.021214383281491472
1977,-0.06895604029626462,-0.1287807193390157,0.252206639716266,-0.09524337028343736,fcpys,0.04244310825675877,0.35527672365456864,4.0252613446986985,30.721288576312695,6.855063914926138,0.3066250118087772,0.4023082020396612,0.01884630991238664
1977,-0.09832710661276976,-0.05643073518733086,0.09566535196483604,0.1715157429277917,ffyl,0.02969399934632034,0.5053940892506609,0.540736044051735,3.0924113375267313,15.552903933748704,0.22676454177681735,0.32320144593179906,0.01592024130605717
1977,0.07972446269850829,0.4718724315705581,0.08529071837426846,0.02401416877267236,fmvz,0.02042152036683589,0.2285000072295981,26.002942172493366,1.690483092079848,0.2096804819410126,0.486693711251253,0.5158369541554882,0.026117949219343163
1977,0.07884053638505567,0.3685519577536012,0.00126272564791823,3.4034562330215087e-4,fo,0.03992769337227747,0.4369062994686084,31.01393517876842,7.24455043168732e-4,8.23473028503193e-5,0.3768926717949034,0.4251425764875027,0.021689335247365535
1978,-0.01497922185325322,0.13207375564488533,-0.05896280416701707,0.18150369233268945,enap,0.01081438153783888,0.00344745404644353,1.0146776464555332,0.3117827226253828,5.063146815561512,0.23256839128117013,0.34567580694545413,0.017882473210477867
1978,-0.0225008350417716,-0.05781062557213613,-0.08191216614367548,0.1157116479202703,eneo,0.01019378464752205,0.00733248221297144,0.18325006711302944,0.5671871388467196,1.9397131779984471,0.15474864921346626,0.317895660432845,0.015695003486252357
1978,-0.21696891108512392,-0.0265725645601338,-0.04947039482967368,-0.03059742307417262,enep acatlan,0.09012315862465536,6.027673435345896,0.34229195838155846,1.829031797715808,1.1990961595465133,0.22619710835497125,0.3085843559864394,0.014909364539614334
1978,-0.16428512547860036,0.03880348332025383,-0.09729562101889568,-0.05140180494426917,enep aragon,0.04923338385021313,1.887880349085686,0.39874427675527313,3.8649187936359546,1.8486910094572588,0.2015040848029785,0.30407727134557383,0.01503388683340261
1978,-0.03991593447117009,0.15799594662557764,-0.07965426720711268,-0.1085416794185875,enep cuautitlan,0.04966360184849169,0.11242143061928073,6.668427812034254,2.6130661557017296,8.315324307109426,0.211381407484501,0.333498413625657,0.016340664692393002
1978,0.04675449909600307,0.1299393829853226,-0.0891106888864608,-0.09176093708950124,enep iztacala,0.06554121984685274,0.20355399453092127,5.952363851536903,4.315868667557823,7.842925771994073,0.1882312696809101,0.33898944300679,0.016269110329388586
1978,-5.951762185932274e-4,0.16196717747024694,-0.02642434643748213,-0.137654218970793,enep zaragoza,0.04707681411420854,2.3692805890272205e-5,6.642849950342169,0.27258984456866925,12.677511768247534,0.21419769115823062,0.3433578466343859,0.016732730423490987
1978,-0.2006027347389225,0.04647994841325452,-0.07091687631672801,-0.00995941629167769,ents,0.00611298215755086,0.34949834123770723,0.07103587804035218,0.2549449549965463,0.00861725221051487,0.21801430253225668,0.3028931758774019,0.015252886283923375
1978,-0.12726013730251992,0.00255508657754635,-0.08932675912073439,0.00999572313946521,escuela nacional de musica,0.01069443860476445,0.24607135381846357,3.755455175267412e-4,0.7076446782789113,0.01518568311946497,0.1558231542158274,0.2839101351281398,0.0141946338718838
1978,-0.19342766639666276,-0.15681183073066127,-0.06439204426626087,0.04294485873670656,facultad de arquitectura,0.07967556169412547,4.235265207644988,10.538435312114055,2.739577924235764,2.0883120539752436,0.2607581420425142,0.3470785728778973,0.016162175351698675
1978,0.29663604853239417,-0.03130659662717145,0.13796492221124437,-0.06410270395808829,facultad de ciencias,0.03878141629553189,4.84830365230419,0.20445076062310352,6.121461529881703,2.264770858624731,0.33483805741997485,0.4748212220245596,0.02163004089316957
1978,-0.23449463001726137,-0.12264410285099168,-0.04201855502910562,0.0399214986091729,facultad de contaduria y administracion,0.06080688641495814,4.750473083580289,4.9197094808121475,0.8902850718739027,1.3772549511674088,0.2709032899191021,0.33983905079455,0.01603338064774913
1978,-0.24938924585347144,-0.10996976383377528,-0.04251897892085686,0.02981597159415616,facultad de derecho,0.05217499391665445,4.6103738478476775,3.3939257890147054,0.7822078290209413,0.6591864074162741,0.2774620706251493,0.34186393369012796,0.016184117204977158
1978,-0.09527534382329124,-0.02702234544231045,0.1442192488427092,0.05246142953436386,facultad de economia,0.02899024636838924,0.3738791508457425,0.11386528544325542,5.000258570124734,1.1339138287611306,0.182644440428375,0.3095577135769664,0.015809984724587875
1978,-0.11649216240455663,-0.04224410814862291,-0.01928735371316916,0.07052579143354279,facultad de ingenieria,0.08027957798440248,1.5478069304459,0.7706030478668346,0.24765349957014335,5.674778598328498,0.1438779963912016,0.2814039565848895,0.013944415550162128
1978,0.6042685478415881,-0.11901409594794578,-0.04209647611487288,0.00668185949552158,facultad de medicina,0.12756991443724858,66.17996543414468,9.719376779089188,1.8747089288901433,0.0809451527600928,0.6173504624542664,0.7321758723660934,0.030783633977207188
1978,-0.09310194273788468,0.0203857427199561,0.3986810313282043,-0.09201483686159244,facultad de psicologia,0.02393021307314135,0.29470149871456386,0.05349251206356879,31.54218756338039,2.879454304906244,0.42011527607479204,0.48848412692040816,0.02415027740185332
1978,0.19196464578208067,0.20868355155253143,0.1783836366212045,0.15284824941572517,facultad de quimica,0.03187420492208499,1.6687841117150006,7.46636383195556,8.41091967702965,10.582985547202512,0.3682153705136104,0.45943061245356903,0.022671626628694742
1978,-0.14042074405193067,-0.10500488410233064,0.2242446167501879,-0.14805683258831964,fcpys,0.04321322241693032,1.2105911226136987,2.562884312622808,18.020000694982837,13.462368239531433,0.3208589797137772,0.41330875981613935,0.01997887285233221
1978,-0.15940106900022047,-0.05901967454653284,0.17157846890667364,0.10226877358323608,ffyl,0.03122778265928459,1.1273062099488138,0.5850973333286211,7.623612657321151,4.641679483015225,0.2622786606351521,0.3492905632089741,0.017664222937567794
1978,-0.00105853517654608,0.2756503126406255,0.08495602075116845,0.20046027197804409,fmvz,0.02267794050178819,3.610210235863282e-5,9.268595739729344,1.3573318326557673,12.95114442644009,0.35126352138953876,0.41959259979855607,0.021670295610065088
1978,0.07502173713516004,0.3710023899357848,-0.04472895707697159,0.07674158458946582,fo,0.03934427408336271,0.31461111438876294,29.129182829160193,0.6527594671054608,3.2929942026263093,0.38879427051763105,0.46030646172386236,0.02286431913917698
1979,0.18051527841631185,0.4760246511908733,-0.14454009080986485,0.14859737825833427,enap,0.00786128977044078,0.49232374179722527,10.834115017411412,1.338805335601524,1.874933565629483,0.5496892330760041,0.6007086911621403,0.02897158805921889
1979,-0.11678476467934013,-0.0573516794887929,-0.06460530310085268,0.1236229087047132,eneo,0.01208484437177003,0.31676886293562534,0.24175423607713195,0.4111728042102654,1.9948431901789032,0.19074686143357897,0.33184532112781323,0.015388035164661926
1979,-0.19252359278986272,-0.05772464225832073,-0.02291971034634405,-0.00787861563544681,enep acatlan,0.0848873038407159,6.046996246850371,1.7203071333255413,0.3635029776327891,0.05691311443683527,0.20244716301114077,0.32441998085347706,0.014552050690653278
1979,-0.21788326203293443,-0.03797400230626222,-0.07899061743257658,-0.01930493926624368,enep aragon,0.05820764173754578,5.310761344328371,0.5104973585418395,2.9605882049348087,0.2343077580760603,0.23564239654128752,0.3398026236530028,0.015365186092717451
1979,-0.09746092186791792,0.09976639345525376,-0.05515224480847462,-0.03944861239303678,enep cuautitlan,0.05678977527131281,1.036717008898164,3.437790805759023,1.4081324956986212,0.954560365522306,0.15508039102853355,0.3134600004712861,0.014267780254369795
1979,0.10515856571995556,-0.0164891606582424,-0.06555466384347867,-0.10683143038031788,enep iztacala,0.0772976315358425,1.642799412343919,0.12782153715206274,2.707823541351367,9.528708875163444,0.16444021659018737,0.36706846256663006,0.015113763880188522
1979,0.02441851862454181,0.0911869475986432,-0.04074777528842194,-0.15054770054421673,enep zaragoza,0.06337879005658921,0.07262925923078592,3.2051624835250725,0.8578250655599109,15.51536446637202,0.18230829601058116,0.3551517238824208,0.015374316511898556
1979,-0.1997868698355948,0.01667517638713223,-0.06053509134695385,0.08341962019073432,ents,0.00757956456256766,0.5814430525183378,0.01281816564931685,0.226415233823617,0.5697055599272669,0.22542445560186516,0.32963713607476813,0.015633716390739218
1979,-0.2287543488061018,-0.08367847067725152,-0.07690257221735919,-0.00237300474200223,escuela nacional de musica,0.01210542466597087,1.217440629618852,0.5155232398652371,0.5835912140556421,7.362868200658637e-4,0.2554413343954714,0.3531824432655602,0.015975420459854017
1979,0.09545753077846623,0.0030219916719011,-0.00989618281658287,0.29871185225835234,facultad de arquitectura,0.03127695591996263,0.5477393147934828,0.00173720773498471,0.02496932950102216,30.143881416120657,0.31376420721609055,0.4336317958033981,0.019982856610246583
1979,0.3572643023437353,-0.08984410639181621,0.04612747618280544,-0.06449339094485915,facultad de ciencias,0.04268471651465821,10.47081997989513,2.095522548867767,0.7403528818071557,1.917664418986995,0.3768247427081476,0.5157717472376292,0.02096153570303815
1979,-0.3122984882193161,-0.13306906235619634,-0.04503075657570551,0.02930058502526332,facultad de contaduria y administracion,0.06816921712217436,12.7778302398593,7.3414737443107985,1.1268180032207242,0.6321362194703891,0.343691743312275,0.4140931832217222,0.018729177149864485
1979,-0.3235420774178635,-0.11834538165830588,-0.05006911373130476,-0.01354713577605892,facultad de derecho,0.05178761613709449,10.41877126145855,4.411327481056783,1.058309541241744,0.10265749727791376,0.3483899342077641,0.41769268818055105,0.01886746942619425
1979,-0.1305501653379905,0.057275344659937,0.16624822805882986,0.013091339122297,facultad de economia,0.02447191694929484,0.8015892535816015,0.4882521481426716,5.513520878825861,0.04530080517854722,0.21939386333351923,0.346733271714268,0.016479576354872537
1979,-0.0854126827641088,0.06431750640808837,-0.0329231360810478,0.07522664945207752,facultad de ingenieria,0.06930043612416058,0.9716497372394128,1.7435528443520043,0.612329728774605,4.235934058479443,0.13481487189740501,0.3010833327256575,0.013984191765424599
1979,0.39741407380485055,-0.13990297661023682,-0.01027271025096535,0.01342734879698794,facultad de medicina,0.13708812962486652,41.611692522038084,16.319036382897643,0.11792799417287804,0.2669624486781122,0.4216593544488109,0.5539349987242377,0.02210618859656771
1979,-0.15271398172752318,0.11878855700995664,0.4733269494457419,-0.01506327851118231,facultad de psicologia,0.021970017445143,0.9847297232842716,1.885473206794873,40.123596052479456,0.05384423347370634,0.5115638620179296,0.573658089744436,0.027375583140454175
1979,0.2117029653761454,0.24454081607516095,0.04838393560192568,0.1422800431772712,facultad de quimica,0.03419243374732925,2.9451874454408133,12.435792831920129,0.6524982934710353,7.4763181740357805,0.35665525677692816,0.45288510810728744,0.021187547026409886
1979,-0.07903684565016911,-0.04381385463410155,0.3159822970615482,-0.11403814220195028,fcpys,0.04135489485613342,0.49649532477142694,0.4828259426259225,33.65886041221508,5.808941101809576,0.34787352121337367,0.4597532979203187,0.02098680155399466
1979,-0.06595138952752,-0.01193587327862276,0.10723223903408252,0.2087136369300656,ffyl,0.03288132878407381,0.2748693425795407,0.0284903974871037,3.082102596962103,15.471085865065929,0.24403316614831652,0.3693192904111106,0.01748567365595156
1979,0.0302165810642328,0.3378299575680493,-0.06864120961601644,-0.10497220396315377,fmvz,0.02482894765819177,0.04356904127140397,17.23436872331303,0.953619564493704,2.9551309408773108,0.3616253603718539,0.4474200673021855,0.02118823859745429
1979,0.11068752674018267,0.2483183799849481,-0.0674767345167563,-0.01929620590991154,fo,0.03980112330416144,0.9371772552654478,14.926356563189485,1.4772378499659262,0.16006963841924904,0.2807831898062458,0.3950755614924956,0.018337073916547125
