general,year,emet,tct,mtt,catt,ayut,tect,totalf,eme_f,tc_f,mt_f,cat_f,ayu_f,total_f
biblioteca nacional,1971,0,1,0,1,0,0,2,0,1,0,1,0,1
biblioteca nacional,1972,0,0,0,1,0,0,1,0,0.875,0,1,0,1
biblioteca nacional,1973,0,0,0,2,0,0,2,0,0.75,0,1,0,1
biblioteca nacional,1974,0,0,0,3,0,0,3,0,0.625,0,0.6666666666666666,0,0.6666666666666666
biblioteca nacional,1975,0,0,0,2,0,0,2,0,0.5,0,1,0,1
biblioteca nacional,1976,0,0,0,2,0,0,2,0,0.375,0,0.5,0,0.5
biblioteca nacional,1977,0,0,0,1,0,0,1,0,0.25,0,1,0,1
biblioteca nacional,1978,0,0,0,2,3,0,5,0,0.125,0,0.5,0,0.2
biblioteca nacional,1979,0,2,0,3,0,0,5,0,0,0,0.3333333333333333,0,0.2
cch,1971,0,0,0,887,0,0,887,0,0.2857142857142857,0.5,0.19729425028184894,0.5,0.19729425028184894
cch,1972,0,7,2,842,2,0,853,0,0.2857142857142857,0.5,0.2755344418052256,0.5,0.27667057444314186
cch,1973,0,14,3,797,3,0,817,0,0.2857142857142857,0.6666666666666666,0.36386449184441655,0.6666666666666666,0.36474908200734396
cch,1974,0,14,3,1583,0,0,1600,0,0.6428571428571429,0,0.3474415666456096,0.3958333333333333,0.349375
cch,1975,0,56,3,1567,8,0,1634,0,0.21428571428571427,0.6666666666666666,0.3631142310146777,0.125,0.3574051407588739
cch,1976,0,13,0,1666,44,0,1723,0,0,0.6666666666666666,0.39315726290516206,0.2727272727272727,0.3871154962275102
cch,1977,0,0,0,1544,69,0,1613,0,0.13636363636363635,0.6666666666666666,0.3335492227979275,0.2028985507246377,0.32796032238065714
cch,1978,0,11,0,1575,56,0,1642,0,0.2727272727272727,0.6666666666666666,0.35873015873015873,0.23214285714285715,0.353836784409257
cch,1979,0,4,0,1598,53,0,1655,0,0.25,0.6666666666666666,0.3660826032540676,0.32075471698113206,0.36435045317220544
cch,1980,0,2,0,2131,23,0,2156,0,0,0.6666666666666666,0.29516658845612387,0.17391304347826086,0.29359925788497215
cele,1970,0,1,0,19,0,0,20,0,1,0.5,0.7894736842105263,0,0.8
cele,1971,0,0,0,16,0,0,16,0,0.5,0.5,0.9375,0,0.9375
cele,1972,0,1,0,46,0,0,47,0,0,0.5,0.717391304347826,0,0.7021276595744681
cele,1973,0,6,0,45,0,0,51,0,0,0.5,0.6444444444444445,0,0.5686274509803921
cele,1974,2,5,0,36,0,0,43,0,0.2,0.5,0.6666666666666666,0,0.5813953488372093
cele,1975,0,6,0,35,0,0,41,0,0,0.5,0.6,0,0.5121951219512195
cele,1976,0,5,0,45,1,0,51,0,0.2,0.5,0.6666666666666666,0,0.6078431372549019
cele,1977,0,4,0,47,0,0,51,0,0.25,0.5,0.6595744680851063,0,0.6274509803921569
cele,1978,0,6,0,64,0,0,70,0,0.3333333333333333,0.5,0.609375,0,0.5857142857142857
cele,1979,0,9,2,58,0,0,69,0,0.5555555555555556,0.5,0.7068965517241379,0,0.6811594202898551
cele,1980,0,13,4,94,0,0,111,0,0.3076923076923077,0.25,0.7659574468085106,0,0.6936936936936937
centro de ciencias del mar y limnologia,1975,0,0,0,6,1,0,7,0,0,0,0,0,0
centro de ciencias del mar y limnologia,1976,0,0,0,7,1,0,8,0,0,0,0.14285714285714285,0,0.125
centro de ciencias del mar y limnologia,1977,0,0,0,7,1,0,8,0,0,0,0.14285714285714285,0,0.125
centro de ciencias del mar y limnologia,1978,0,0,0,6,1,0,7,0,0,0,0.16666666666666666,0,0.14285714285714285
centro de ciencias del mar y limnologia,1979,0,0,0,5,0,0,5,0,0,0,0.4,0,0.4
centro de estudios clasicos,1974,0,0,0,1,0,0,1,0,0,0,1,0,1
centro de estudios clasicos,1975,0,0,0,2,0,0,2,0,0,0,0.5,0,0.5
centro de estudios clasicos,1976,0,0,0,3,0,0,3,0,0,0,0.6666666666666666,0,0.6666666666666666
centro de estudios clasicos,1977,0,0,0,7,0,0,7,0,0,0,0.14285714285714285,0,0.14285714285714285
centro de estudios clasicos,1978,0,0,0,9,0,0,9,0,0,0,0.2222222222222222,0,0.2222222222222222
centro de estudios literarios,1971,0,0,0,1,0,0,1,0,0,0,0,0,0
centro de estudios literarios,1972,0,0,0,1,0,0,1,0,0,0,1,0,1
centro de estudios literarios,1973,0,0,0,1,0,0,1,0,0,0,1,0,1
centro de estudios literarios,1974,0,0,0,4,0,0,4,0,0,0,0.25,0,0.25
centro de estudios literarios,1975,0,0,0,7,0,0,7,0,0,0,0.42857142857142855,0,0.42857142857142855
centro de estudios literarios,1976,0,0,0,7,0,0,7,0,0,0,0.42857142857142855,0,0.42857142857142855
centro de estudios literarios,1977,0,0,0,5,0,0,5,0,0,0,0.4,0,0.4
centro de estudios literarios,1978,0,0,0,3,0,0,3,0,0,0,0.6666666666666666,0,0.6666666666666666
centro de estudios mayas,1975,0,0,0,1,0,0,1,0,0,0,1,0,1
centro de estudios mayas,1976,0,0,0,2,0,0,2,0,0,0,1,0,1
centro de estudios mayas,1977,0,0,0,2,0,0,2,0,0,0,1,0,1
centro de estudios mayas,1978,0,0,0,2,0,0,2,0,0,0,1,0,1
centro de estudios nucleares,1971,0,0,0,0,1,0,1,0,0,0,0,0,0
centro de estudios nucleares,1972,0,0,0,1,1,0,2,0,0,0,0,0,0
centro de estudios nucleares,1973,0,0,0,1,1,0,2,0,0,0,0,0,0
centro de estudios nucleares,1974,0,0,0,2,1,0,3,0,0,0,0,0,0
centro de estudios nucleares,1975,0,0,0,6,2,0,8,0,0,0,0.3333333333333333,0,0.25
centro de estudios nucleares,1976,0,0,0,5,1,0,6,0,0,0,0.2,0,0.16666666666666666
centro de estudios nucleares,1977,0,0,0,2,4,0,6,0,0,0,0,0,0
centro de estudios nucleares,1978,0,0,0,5,1,0,6,0,0,0,0,0,0
centro de estudios sobre la universidad,1978,0,0,0,2,0,0,2,0,0,0,0.5,0,0.5
centro de estudios sobre la universidad,1979,0,0,0,1,0,0,1,0,0,0,1,0,1
centro de informacion cientifica y humanistica,1974,0,0,0,2,0,0,2,0,0,0,0,0,0
centro de informacion cientifica y humanistica,1975,0,0,0,2,0,0,2,0,0,0,0,0,0
centro de informacion cientifica y humanistica,1976,0,0,0,2,0,0,2,0,0,0,0,0,0
centro de informacion cientifica y humanistica,1977,0,0,0,1,0,0,1,0,0,0,0,0,0
centro de informacion cientifica y humanistica,1978,0,0,0,1,0,0,1,0,0,0,0,0,0
centro de instrumentos,1973,0,0,0,3,1,0,4,0,0,0,0,0,0
centro de instrumentos,1974,0,0,0,4,3,0,7,0,0,0,0.25,0,0.14285714285714285
centro de instrumentos,1975,0,0,0,4,1,0,5,0,0,0,0,0,0
centro de instrumentos,1976,0,0,0,4,1,0,5,0,0,0,0,0,0
centro de instrumentos,1977,0,0,0,5,0,0,5,0,0,0,0,0,0
centro de instrumentos,1978,0,0,0,6,0,0,6,0,0,0,0,0,0
centro de investigacion tuxtlas,1978,0,0,0,1,0,0,1,0,0,0,0,0,0
centro de linguistica hispanica,1975,0,0,0,2,0,0,2,0,0,0,0.5,0,0.5
centro de linguistica hispanica,1976,0,0,0,2,0,0,2,0,0,0,0.5,0,0.5
centro de linguistica hispanica,1977,0,0,0,7,0,0,7,0,0,0,0.2857142857142857,0,0.2857142857142857
centro de linguistica hispanica,1978,0,0,0,1,0,0,1,0,0,0,1,0,1
centro de servicios de computo,1974,0,0,0,1,3,0,4,0,0,0,0,0.3333333333333333,0.25
centro de servicios de computo,1975,0,0,0,0,3,0,3,0,0,0,0,0.3333333333333333,0.3333333333333333
centro de servicios de computo,1976,0,0,0,0,2,0,2,0,0,0,0,0.5,0.5
centro de servicios de computo,1977,0,0,0,0,2,0,2,0,0,0,0,0,0
centro de servicios de computo,1978,0,0,0,1,1,0,2,0,0,0,0,0,0
centro de servicios de computo,1979,0,0,0,2,0,0,2,0,0,0,0,0,0
cuec,1973,0,1,0,0,0,0,1,0,0,0,0,0,0
cuec,1974,0,3,1,1,0,0,5,0,0.3333333333333333,0,0,0,0.2
cuec,1975,0,2,1,1,0,0,4,0,0.5,0,0,0,0.25
cuec,1976,0,1,1,0,0,0,2,0,0,0,0,0,0
cuec,1977,0,4,3,2,0,0,9,0,0,0,0,0,0
cuec,1978,0,3,3,4,0,0,10,0,0.3333333333333333,0,0,0,0.1
cuec,1979,0,4,4,4,0,0,12,0,0.25,0.25,0,0,0.16666666666666666
cuec,1980,0,6,5,5,0,0,16,0,0,0.2,0.4,0,0.1875
enap,1960,0,0,0,110,0,0,110,0,0,0,0.045454545454545456,0,0.045454545454545456
enap,1962,0,0,0,115,3,0,118,0,0,0,0.0522068511198946,0,0.051214196762141964
enap,1963,0,0,0,100,3,0,103,0,0,0,0.058959156785243744,0,0.05697384806973848
enap,1964,0,0,0,84,4,0,88,0,0,0,0.0657114624505929,0,0.062733499377335
enap,1965,0,0,0,69,4,0,73,0,0,0,0.07246376811594203,0,0.0684931506849315
enap,1966,0,0,0,67,3,0,70,0,0,0,0.1044776119402985,0,0.1
enap,1967,0,0,0,71,3,0,74,0,0,0,0.11267605633802817,0,0.10810810810810811
enap,1968,0,0,0,70,4,0,74,0,0,0,0.08571428571428572,0,0.08108108108108109
enap,1969,0,0,0,66,1,0,67,0,0,0,0.06060606060606061,0,0.05970149253731343
enap,1970,0,0,0,68,5,0,73,0,0,0,0.014705882352941176,0,0.0136986301369863
enap,1971,0,2,0,68,4,0,74,0,0,0,0.029411764705882353,0.25,0.04054054054054054
enap,1972,0,0,0,77,4,0,81,0,0,0,0.05194805194805195,0,0.04938271604938271
enap,1973,0,0,0,75,4,0,79,0,0,0,0.06666666666666667,0.25,0.0759493670886076
enap,1974,0,1,0,90,5,0,96,0,0,0,0.13333333333333333,0.2,0.13541666666666666
enap,1975,0,0,0,87,6,0,93,0,0,0,0.13793103448275862,0.5,0.16129032258064516
enap,1976,0,0,0,91,18,0,109,0,0,0,0.07692307692307693,0.3888888888888889,0.12844036697247707
enap,1977,0,0,0,93,22,0,115,0,0,0,0.11827956989247312,0.36363636363636365,0.16521739130434782
enap,1978,0,1,0,84,21,0,106,0,0,0,0.14285714285714285,0.3333333333333333,0.1792452830188679
enap,1979,0,2,0,101,27,0,130,0,0,0,0.1485148514851485,0.4074074074074074,0.2
enap,1980,0,2,0,146,25,0,173,0,0,0,0.1643835616438356,0.52,0.2138728323699422
eneo,1960,0,0,1,57,16,0,74,0,0,0,0.3333333333333333,0.3125,0.32432432432432434
eneo,1962,0,0,1,62,18,0,81,0,0,0,0.3063725490196078,0.3553427419354839,0.3146718146718147
eneo,1963,0,0,1,75,22,0,98,0,0,0,0.27941176470588236,0.39818548387096775,0.305019305019305
eneo,1964,0,0,0,89,27,0,116,0,0,0,0.25245098039215685,0.4410282258064516,0.29536679536679533
eneo,1965,0,0,0,102,31,0,133,0,0,0,0.22549019607843138,0.4838709677419355,0.2857142857142857
eneo,1966,0,0,0,109,27,0,136,0,0,0,0.29357798165137616,0.6666666666666666,0.36764705882352944
eneo,1967,0,0,0,118,41,0,159,0,0,0,0.3305084745762712,0.4878048780487805,0.3710691823899371
eneo,1968,0,0,0,110,30,0,140,0,0,0,0.41818181818181815,0.6,0.45714285714285713
eneo,1969,0,0,0,95,10,0,105,0,0,0,0.5157894736842106,0.9,0.5523809523809524
eneo,1970,0,3,0,127,23,0,153,0,0,0,0.3700787401574803,0.8260869565217391,0.43137254901960786
eneo,1971,0,0,0,120,33,0,153,0,0,0,0.39166666666666666,0.8181818181818182,0.48366013071895425
eneo,1972,0,0,0,95,10,0,105,0,0,0,0.5052631578947369,0.7,0.5238095238095238
eneo,1973,0,0,0,100,6,0,106,0,0,0,0.64,0.5,0.6320754716981132
eneo,1974,0,0,0,112,5,0,117,0,0,0,0.625,0.6,0.6239316239316239
eneo,1975,0,1,1,126,5,0,133,0,0,0,0.6587301587301587,0.6,0.6466165413533834
eneo,1976,0,1,0,143,8,0,152,0,0,0,0.7342657342657343,0.5,0.7171052631578947
eneo,1977,0,1,0,136,5,0,142,0,1,0,0.6838235294117647,1,0.6971830985915493
eneo,1978,0,1,0,142,8,0,151,0,1,0,0.5492957746478874,0.5,0.5496688741721855
eneo,1979,0,1,8,145,7,0,161,0,1,0,0.7310344827586207,0.7142857142857143,0.6956521739130435
eneo,1980,0,2,0,207,14,0,223,0,0.5,0,0.6811594202898551,0.7142857142857143,0.6816143497757847
enep acatlan,1975,0,0,2,131,31,0,164,0,0.5,0.5,0.21374045801526717,0.25806451612903225,0.22560975609756098
enep acatlan,1976,0,12,12,309,48,0,381,0,0.5,0.08333333333333333,0.23948220064724918,0.22916666666666666,0.24146981627296588
enep acatlan,1977,0,46,36,409,91,0,582,0,0.21739130434782608,0.25,0.2200488997555012,0.31868131868131866,0.23711340206185566
enep acatlan,1978,0,46,43,416,95,0,600,0,0.2826086956521739,0.20930232558139536,0.24278846153846154,0.30526315789473685,0.25333333333333335
enep acatlan,1979,0,59,41,503,131,0,734,0,0.2542372881355932,0.21951219512195122,0.2544731610337972,0.3435114503816794,0.2683923705722071
enep acatlan,1980,0,93,53,863,270,0,1279,0,0.26881720430107525,0.20754716981132076,0.23406720741599074,0.32592592592592595,0.254886630179828
enep aragon,1976,0,2,1,87,29,0,119,0,0,1,0.06896551724137931,0.20689655172413793,0.1092436974789916
enep aragon,1977,0,0,0,175,53,0,228,0,0,0.6666666666666667,0.10857142857142857,0.20754716981132076,0.13157894736842105
enep aragon,1978,0,2,0,197,64,0,263,0,0,0.33333333333333337,0.15228426395939088,0.25,0.17490494296577946
enep aragon,1979,0,8,5,344,97,0,454,0,0.125,0,0.14534883720930233,0.21649484536082475,0.15859030837004406
enep aragon,1980,0,8,6,595,140,0,749,0,0,0,0.12100840336134454,0.20714285714285716,0.1348464619492657
enep cuautitlan,1974,0,5,0,119,85,0,209,0,0.2,0,0.13445378151260504,0.23529411764705882,0.17703349282296652
enep cuautitlan,1975,0,6,1,199,135,0,341,0,0,0,0.1407035175879397,0.17777777777777778,0.15249266862170088
enep cuautitlan,1976,0,8,0,225,157,0,390,0,0.125,0.3333333333333333,0.1511111111111111,0.2802547770700637,0.20256410256410257
enep cuautitlan,1977,0,18,0,297,189,0,504,0,0.05555555555555555,0.6666666666666667,0.16161616161616163,0.31216931216931215,0.21428571428571427
enep cuautitlan,1978,0,24,1,327,234,0,586,0,0.08333333333333333,1,0.1743119266055046,0.2692307692307692,0.2098976109215017
enep cuautitlan,1979,0,29,1,343,232,0,605,0,0.1724137931034483,1,0.1836734693877551,0.25,0.20991735537190082
enep cuautitlan,1980,0,59,6,605,244,0,914,0,0.1016949152542373,0,0.17520661157024794,0.26639344262295084,0.1936542669584245
enep iztacala,1975,0,3,1,109,85,0,198,0,0.3333333333333333,1,0.3577981651376147,0.3411764705882353,0.35353535353535354
enep iztacala,1976,0,5,2,178,176,0,361,0,0,0.5,0.3539325842696629,0.29545454545454547,0.32132963988919666
enep iztacala,1977,0,4,3,277,301,0,585,0,0,0,0.3212996389891697,0.3787375415282392,0.347008547008547
enep iztacala,1978,0,9,3,328,346,0,686,0,0,0.3333333333333333,0.27439024390243905,0.34971098265895956,0.30903790087463556
enep iztacala,1979,0,10,0,502,495,0,1007,0,0,0.3333333333333333,0.26095617529880477,0.3656565656565657,0.3098311817279047
enep iztacala,1980,0,22,3,983,867,0,1875,0,0.2727272727272727,0.3333333333333333,0.20549338758901323,0.3137254901960784,0.25653333333333334
enep zaragoza,1976,0,11,1,43,46,0,101,0,0.36363636363636365,0,0.5116279069767442,0.5,0.48514851485148514
enep zaragoza,1977,0,28,1,177,146,0,352,0,0.42857142857142855,0,0.5988700564971752,0.4863013698630137,0.5369318181818182
enep zaragoza,1978,0,36,1,190,163,0,390,0,0.4166666666666667,0,0.531578947368421,0.4539877300613497,0.48717948717948717
enep zaragoza,1979,0,55,0,249,334,0,638,0,0.34545454545454546,0,0.42168674698795183,0.5389221556886228,0.47648902821316613
enep zaragoza,1980,0,74,0,554,629,0,1257,0,0.25675675675675674,0,0.3628158844765343,0.47217806041335453,0.411296738265712
enp,1960,0,0,0,1077,65,0,1142,0,0.47058823529411764,0.25,0.2683379758588672,0.23076923076923078,0.266199649737303
enp,1962,0,27,0,1382,58,0,1467,0,0.47058823529411764,0.25,0.27911417841156333,0.3269230769230769,0.27855258892211693
enp,1963,0,40,0,1538,50,0,1628,0,0.47058823529411764,0.25,0.28989038096425945,0.4230769230769231,0.2909055281069309
enp,1964,0,54,0,1693,41,0,1788,0,0.47058823529411764,0.25,0.30066658351695563,0.5192307692307693,0.30325846729174477
enp,1965,0,34,12,2010,13,0,2069,0,0.47058823529411764,0.25,0.31144278606965176,0.6153846153846154,0.3156114064765587
enp,1966,2,38,0,2149,9,0,2198,0,0.47368421052631576,0.2777777777777778,0.2922289436947417,0.1111111111111111,0.2943585077343039
enp,1967,2,32,0,2229,1,0,2264,0,0.46875,0.3055555555555556,0.3171825930910722,0,0.31890459363957596
enp,1968,0,34,18,1795,4,0,1851,0,0.47058823529411764,0.3333333333333333,0.3649025069637883,0.25,0.36628849270664504
enp,1969,0,0,0,1515,0,0,1515,0,0.44957983193277307,0.5,0.37293729372937295,0.125,0.37293729372937295
enp,1970,1,14,3,1623,2,0,1643,0,0.42857142857142855,0.6666666666666666,0.3783117683302526,0,0.37918441874619596
enp,1971,2,28,6,1731,3,0,1770,0,0.42857142857142855,0.8333333333333334,0.3830155979202773,0.3333333333333333,0.3847457627118644
enp,1972,2,26,10,1741,3,0,1782,0,0.46153846153846156,0.6,0.3790924755887421,0.3333333333333333,0.38047138047138046
enp,1973,2,25,13,1751,3,0,1794,0,0.44,0.46153846153846156,0.375214163335237,0.3333333333333333,0.3762541806020067
enp,1974,0,72,11,1770,61,0,1914,0,0.4027777777777778,0.5454545454545454,0.38813559322033897,0.3442622950819672,0.3881922675026123
enp,1975,1,25,9,1717,38,0,1790,0,0.44,0.4444444444444444,0.37740244612696566,0.5,0.38100558659217876
enp,1976,0,27,10,1736,40,0,1813,0,0.4074074074074074,0.8,0.3807603686635945,0.55,0.38720353006067293
enp,1977,1,17,2,1765,30,0,1815,0,0.23529411764705882,1,0.373371104815864,0.5666666666666667,0.37575757575757573
enp,1978,1,30,6,1770,33,0,1840,0,0.3333333333333333,0.6666666666666666,0.3700564971751412,0.6060606060606061,0.3744565217391304
enp,1979,1,37,9,1624,25,0,1696,0,0.2972972972972973,0.3333333333333333,0.3805418719211823,0.52,0.3803066037735849
enp,1980,0,17,2,2625,29,0,2673,0,0.47058823529411764,0,0.2914285714285714,0.4482758620689655,0.2940516273849607
ents,1973,0,0,2,15,18,0,35,0,0,1,0.4666666666666667,0.6666666666666666,0.6
ents,1974,0,0,2,20,16,0,38,0,0,0,0.65,0.75,0.6578947368421053
ents,1975,0,0,2,23,16,0,41,0,0,0,0.6086956521739131,0.625,0.5853658536585366
ents,1976,0,0,2,35,10,0,47,0,0,0,0.6,0.9,0.6382978723404256
ents,1977,0,0,4,45,6,0,55,0,0,0.5,0.5777777777777777,0.8333333333333334,0.6
ents,1978,0,0,4,38,6,0,48,0,0,0.5,0.4473684210526316,1,0.5208333333333334
ents,1979,0,0,4,40,6,0,50,0,0,0.5,0.5,1,0.56
ents,1980,0,0,5,100,4,0,109,0,0,0.6,0.44,1,0.46788990825688076
escuela nacional de musica,1960,0,1,0,94,26,0,121,0,0,0,0.2872340425531915,0.19230769230769232,0.2644628099173554
escuela nacional de musica,1962,0,1,0,84,21,0,106,0,0,0,0.28647816349384103,0.2805944055944056,0.28168044077134985
escuela nacional de musica,1963,0,1,0,88,21,0,110,0,0,0,0.2857222844344905,0.3688811188811189,0.2988980716253443
escuela nacional de musica,1964,0,0,0,91,22,0,113,0,0,0,0.28496640537513995,0.4571678321678322,0.31611570247933884
escuela nacional de musica,1965,0,0,0,95,22,0,117,0,0,0,0.28421052631578947,0.5454545454545454,0.3333333333333333
escuela nacional de musica,1966,0,0,0,95,15,0,110,0,0,0,0.3368421052631579,0.3333333333333333,0.33636363636363636
escuela nacional de musica,1967,1,0,0,116,25,0,142,0,0,0,0.3017241379310345,0.32,0.3028169014084507
escuela nacional de musica,1968,0,1,0,111,27,0,139,0,0,0,0.22522522522522523,0.2962962962962963,0.23741007194244604
escuela nacional de musica,1969,1,2,1,96,22,0,122,0,0.5,0,0.28125,0.2727272727272727,0.2786885245901639
escuela nacional de musica,1970,0,3,0,100,17,0,120,0,0.3333333333333333,0.3333333333333333,0.3,0.23529411764705882,0.2916666666666667
escuela nacional de musica,1971,0,0,0,81,19,0,100,0,0.25,0.6666666666666667,0.37037037037037035,0.2631578947368421,0.35
escuela nacional de musica,1972,0,0,1,76,20,0,97,0,0.16666666666666669,1,0.39473684210526316,0.25,0.3711340206185567
escuela nacional de musica,1973,0,0,0,84,18,0,102,0,0.08333333333333334,0.875,0.4166666666666667,0.3333333333333333,0.4019607843137255
escuela nacional de musica,1974,0,1,0,84,21,0,106,0,0,0.75,0.34523809523809523,0.3333333333333333,0.33962264150943394
escuela nacional de musica,1975,0,1,0,82,23,0,106,0,0,0.625,0.34146341463414637,0.4782608695652174,0.36792452830188677
escuela nacional de musica,1976,0,1,0,85,25,0,111,0,0,0.5,0.35294117647058826,0.44,0.36936936936936937
escuela nacional de musica,1977,0,0,0,92,26,0,118,0,0,0.375,0.31521739130434784,0.4230769230769231,0.3389830508474576
escuela nacional de musica,1978,0,1,0,88,32,0,121,0,0,0.25,0.3409090909090909,0.40625,0.35537190082644626
escuela nacional de musica,1979,0,1,0,86,24,0,111,0,0,0.125,0.32558139534883723,0.625,0.38738738738738737
escuela nacional de musica,1980,0,1,1,121,30,0,153,0,0,0,0.34710743801652894,0.4666666666666667,0.3660130718954248
escuela para extranjeros,1976,0,0,0,45,0,0,45,0,0,0,0.5555555555555556,0,0.5555555555555556
escuela para extranjeros,1977,0,0,0,52,0,0,52,0,0,0,0.5,0,0.5
escuela para extranjeros,1978,0,0,1,43,0,0,44,0,0,0,0.6511627906976745,0,0.6363636363636364
escuela para extranjeros,1979,0,0,3,38,0,0,41,0,0,0.6666666666666666,0.631578947368421,0,0.6341463414634146
estacion de investigacion chamela,1972,0,0,0,0,1,0,1,0,0,0,0,0,0
estacion de investigacion chamela,1973,0,0,0,1,0,0,1,0,0,0,0,0,0
estacion de investigacion chamela,1974,0,0,0,1,0,0,1,0,0,0,0,0,0
estacion de investigacion chamela,1975,0,0,0,1,0,0,1,0,0,0,0,0,0
estacion de investigacion chamela,1976,0,0,0,1,0,0,1,0,0,0,0,0,0
estacion de investigacion chamela,1977,0,0,0,1,0,0,1,0,0,0,0,0,0
estacion de investigacion chamela,1978,0,0,0,1,0,0,1,0,0,0,0,0,0
facultad de arquitectura,1960,0,0,41,174,218,0,433,0,0,0,0,0.013761467889908258,0.006928406466512702
facultad de arquitectura,1962,1,0,36,247,141,0,425,0,0,0,0.013414634146341463,0.010321100917431193,0.0177533824754553
facultad de arquitectura,1963,2,0,30,387,106,0,525,0,0,0,0.026829268292682926,0.006880733944954129,0.028578358484397902
facultad de arquitectura,1964,2,27,25,359,53,0,466,0,0,0,0.04024390243902439,0.0034403669724770644,0.039403334493340506
facultad de arquitectura,1965,2,1,24,410,1,0,438,0,0,0,0.05365853658536585,0,0.0502283105022831
facultad de arquitectura,1966,2,0,26,378,2,0,408,0,0,0,0.05555555555555555,0.5,0.05392156862745098
facultad de arquitectura,1967,2,0,22,456,3,0,483,0,0,0,0.041666666666666664,0,0.039337474120082816
facultad de arquitectura,1968,3,0,24,459,10,0,496,0,0,0,0.0718954248366013,0.3,0.07258064516129033
facultad de arquitectura,1969,4,19,4,499,18,0,544,0,0,0,0.0781563126252505,0.3333333333333333,0.08272058823529412
facultad de arquitectura,1970,2,0,22,564,33,0,621,0,0.5,0,0.07446808510638298,0.18181818181818182,0.07729468599033816
facultad de arquitectura,1971,2,1,22,571,45,0,641,0,1,0.045454545454545456,0.0893169877408056,0.2,0.0967238689547582
facultad de arquitectura,1972,2,0,0,574,62,0,638,0,0.5,0.040584415584415584,0.08885017421602788,0.22580645161290322,0.10188087774294671
facultad de arquitectura,1973,2,2,28,4161,52,0,4245,0,0,0.03571428571428571,0.01201634222542658,0.25,0.015076560659599529
facultad de arquitectura,1974,2,1,23,561,51,0,638,0,0,0.043478260869565216,0.0766488413547237,0.21568627450980393,0.08620689655172414
facultad de arquitectura,1975,2,3,19,638,64,0,726,0,0.3333333333333333,0,0.0987460815047022,0.171875,0.10330578512396695
facultad de arquitectura,1976,1,2,19,556,68,0,646,0,0,0.10526315789473684,0.11870503597122302,0.11764705882352941,0.11764705882352941
facultad de arquitectura,1977,1,11,22,619,38,3,694,0,0,0.09090909090909091,0.1308562197092084,0.15789473684210525,0.1282420749279539
facultad de arquitectura,1978,1,11,21,636,42,4,715,0,0,0,0.1320754716981132,0.14285714285714285,0.1258741258741259
facultad de arquitectura,1979,0,11,24,675,47,4,761,0,0,0.08333333333333333,0.13037037037037036,0.2978723404255319,0.1366622864651774
facultad de arquitectura,1980,1,13,26,796,38,0,874,0,0,0.15384615384615385,0.13944723618090452,0.2894736842105263,0.14416475972540047
facultad de ciencias,1960,0,0,0,165,14,0,179,0,0,0,0.06060606060606061,0.2857142857142857,0.0782122905027933
facultad de ciencias,1962,0,1,0,144,18,0,163,0,0,0,0.08787878787878789,0.33360389610389607,0.1164422367450195
facultad de ciencias,1963,0,1,0,147,25,0,173,0,0,0,0.11515151515151516,0.3814935064935065,0.1546721829872457
facultad de ciencias,1964,0,4,0,145,31,0,180,0,0,0,0.14242424242424243,0.4293831168831169,0.19290212922947192
facultad de ciencias,1965,0,3,0,165,44,0,212,0,0,0,0.1696969696969697,0.4772727272727273,0.23113207547169812
facultad de ciencias,1966,0,4,0,247,100,0,351,0,0,0,0.10526315789473684,0.35,0.1737891737891738
facultad de ciencias,1967,0,16,0,341,161,0,518,0,0.125,0,0.08797653958944282,0.36645962732919257,0.17567567567567569
facultad de ciencias,1968,0,14,5,372,186,0,577,0,0.21428571428571427,0,0.0913978494623656,0.3333333333333333,0.17157712305025996
facultad de ciencias,1969,0,15,5,328,219,0,567,0,0.13333333333333333,0.2,0.06097560975609756,0.3789954337899543,0.18694885361552027
facultad de ciencias,1970,0,21,12,466,295,0,794,0,0.047619047619047616,0,0.09227467811158799,0.33220338983050846,0.17884130982367757
facultad de ciencias,1971,0,12,6,130,231,0,379,0,0.16666666666666666,0,0.24615384615384617,0.38095238095238093,0.32189973614775724
facultad de ciencias,1972,0,21,8,150,257,0,436,0,0.19047619047619047,0.25,0.24,0.3346303501945525,0.29357798165137616
facultad de ciencias,1973,0,24,17,146,290,0,477,0,0.20833333333333334,0.29411764705882354,0.22602739726027396,0.3689655172413793,0.31446540880503143
facultad de ciencias,1974,0,35,15,147,339,0,536,0,0.11428571428571428,0.3333333333333333,0.35374149659863946,0.35103244837758113,0.3358208955223881
facultad de ciencias,1975,0,30,12,225,432,2,701,0,0.13333333333333333,0.3333333333333333,0.30666666666666664,0.38657407407407407,0.34807417974322397
facultad de ciencias,1976,0,26,9,227,485,2,749,0,0.15384615384615385,0.3333333333333333,0.3039647577092511,0.3938144329896907,0.35647530040053405
facultad de ciencias,1977,0,39,8,240,476,12,775,0,0.23076923076923078,0.25,0.31666666666666665,0.4222689075630252,0.3716129032258065
facultad de ciencias,1978,0,46,10,269,495,0,820,0,0.32608695652173914,0.3,0.3048327137546468,0.4121212121212121,0.37073170731707317
facultad de ciencias,1979,0,97,7,281,556,29,970,0,0.29896907216494845,0.2857142857142857,0.39501779359430605,0.4154676258992806,0.3845360824742268
facultad de ciencias,1980,0,111,10,732,693,0,1546,0,0.2882882882882883,0.3,0.2677595628415301,0.38816738816738816,0.32341526520051744
facultad de contaduria y administracion,1960,0,0,3,310,0,0,313,0,0.25,0,0.05806451612903226,0,0.05750798722044728
facultad de contaduria y administracion,1962,1,0,2,335,0,0,338,0,0.25,0,0.05499204906860518,0,0.05453449918726529
facultad de contaduria y administracion,1963,1,0,0,342,0,0,343,0,0.25,0,0.0519195820081781,0,0.05156101115408329
facultad de contaduria y administracion,1964,1,1,0,320,0,0,322,0,0.25,0,0.04884711494775103,0,0.048587523120901296
facultad de contaduria y administracion,1965,1,0,0,284,0,0,285,0,0.25,0,0.045774647887323945,0,0.0456140350877193
facultad de contaduria y administracion,1966,1,0,0,333,2,0,336,0,0.25,0,0.042042042042042045,0,0.041666666666666664
facultad de contaduria y administracion,1967,0,0,0,333,0,0,333,0,0.25,0,0.057057057057057055,0.09375,0.057057057057057055
facultad de contaduria y administracion,1968,0,0,1,342,16,0,359,0,0.25,0,0.05847953216374269,0.1875,0.06406685236768803
facultad de contaduria y administracion,1969,0,4,3,525,41,0,573,0,0.25,0.3333333333333333,0.0380952380952381,0.07317073170731707,0.04363001745200698
facultad de contaduria y administracion,1970,0,16,1,422,43,0,482,0,0.25,0,0.05687203791469194,0.20930232558139536,0.07676348547717843
facultad de contaduria y administracion,1971,0,24,0,504,17,0,545,0,0.20833333333333334,0.5,0.06547619047619048,0.23529411764705882,0.07706422018348624
facultad de contaduria y administracion,1972,0,13,3,430,20,0,466,0,0.15384615384615385,1,0.07906976744186046,0.35,0.09871244635193133
facultad de contaduria y administracion,1973,0,25,4,327,10,0,366,0,0.2,0,0.07339449541284404,0.4,0.09016393442622951
facultad de contaduria y administracion,1974,0,35,15,507,32,15,604,0,0.17142857142857143,0.06666666666666667,0.07297830374753451,0.3125,0.08940397350993377
facultad de contaduria y administracion,1975,0,35,20,492,10,20,577,0,0.2,0.1,0.08536585365853659,0.2,0.09185441941074524
facultad de contaduria y administracion,1976,0,34,19,481,3,23,560,0,0.20588235294117646,0.10526315789473684,0.10395010395010396,0.6666666666666666,0.10892857142857143
facultad de contaduria y administracion,1977,0,36,17,411,1,32,497,0,0.2222222222222222,0.11764705882352941,0.10218978102189781,1,0.10663983903420524
facultad de contaduria y administracion,1978,0,35,16,456,0,33,540,0,0.2571428571428571,0.1875,0.09429824561403509,1,0.10185185185185185
facultad de contaduria y administracion,1979,0,47,23,414,1,6,491,0,0.19148936170212766,0.17391304347826086,0.11352657004830918,1,0.12423625254582485
facultad de contaduria y administracion,1980,0,59,23,676,1,0,759,0,0.1694915254237288,0.13043478260869565,0.10946745562130178,0,0.11462450592885376
facultad de derecho,1960,0,4,21,280,21,0,326,0,0,0,0.02857142857142857,0.14285714285714285,0.03374233128834356
facultad de derecho,1962,1,5,17,222,19,0,264,0,0.03125,0,0.035269401878398415,0.1274131274131274,0.03963339603072758
facultad de derecho,1963,2,5,13,248,25,0,293,0,0.0625,0,0.041967375185368264,0.11196911196911197,0.045524460773111605
facultad de derecho,1964,2,25,13,252,28,0,320,0,0.09375,0,0.04866534849233811,0.09652509652509653,0.051415525515495636
facultad de derecho,1965,2,8,13,289,37,0,349,0,0.125,0,0.05536332179930796,0.08108108108108109,0.05730659025787966
facultad de derecho,1966,2,5,17,273,36,0,333,0,0.2,0,0.0695970695970696,0.05555555555555555,0.06606606606606606
facultad de derecho,1967,1,7,18,281,30,0,337,0,0.14285714285714285,0,0.08896797153024912,0.03333333333333333,0.08011869436201781
facultad de derecho,1968,1,9,29,276,30,0,345,0,0.1111111111111111,0.10344827586206896,0.10507246376811594,0.13333333333333333,0.1072463768115942
facultad de derecho,1969,1,7,24,267,45,0,344,0,0,0.125,0.1198501872659176,0.13333333333333333,0.11918604651162791
facultad de derecho,1970,1,11,25,390,50,0,477,0,0.18181818181818182,0.08,0.09743589743589744,0.22,0.1111111111111111
facultad de derecho,1971,1,6,12,313,47,0,379,0,0.16666666666666666,0,0.09584664536741214,0.2978723404255319,0.11873350923482849
facultad de derecho,1972,0,10,16,312,47,0,385,0,0,0.8125,0.16025641025641027,0.3191489361702128,0.2025974025974026
facultad de derecho,1973,0,17,38,269,48,0,372,0,0.17647058823529413,0.15789473684210525,0.06319702602230483,0.3541666666666667,0.11559139784946236
facultad de derecho,1974,0,19,33,268,48,0,368,0,0.21052631578947367,0.09090909090909091,0.05223880597014925,0.3333333333333333,0.10054347826086957
facultad de derecho,1975,0,18,29,271,61,2,381,0,0.2222222222222222,0.06896551724137931,0.06642066420664207,0.32786885245901637,0.11548556430446194
facultad de derecho,1976,0,18,26,262,55,2,363,0,0.2222222222222222,0.11538461538461539,0.07633587786259542,0.34545454545454546,0.12672176308539945
facultad de derecho,1977,0,19,24,224,64,2,333,0,0.2631578947368421,0.125,0.0625,0.3125,0.12612612612612611
facultad de derecho,1978,0,19,26,242,67,2,356,0,0.2631578947368421,0.19230769230769232,0.05785123966942149,0.3283582089552239,0.12921348314606743
facultad de derecho,1979,0,19,37,252,52,0,360,0,0.2631578947368421,0.08108108108108109,0.06746031746031746,0.40384615384615385,0.12777777777777777
facultad de derecho,1980,1,18,34,371,74,0,498,0,0.16666666666666666,0.11764705882352941,0.10512129380053908,0.32432432432432434,0.14056224899598393
facultad de economia,1960,0,5,3,196,61,0,265,0,0,0,0.03571428571428571,0.01639344262295082,0.03018867924528302
facultad de economia,1962,1,4,2,190,51,0,248,0,0,0.041666666666666664,0.04450224971878515,0.04717880289744567,0.04498787814904606
facultad de economia,1963,2,2,1,204,49,0,258,0,0,0.08333333333333333,0.05329021372328459,0.07796416317194052,0.059787077052809105
facultad de economia,1964,2,8,4,175,45,0,234,0,0,0.125,0.062078177727784026,0.10874952344643538,0.07458627595657215
facultad de economia,1965,1,2,6,127,43,0,179,0,0,0.16666666666666666,0.07086614173228346,0.13953488372093023,0.0893854748603352
facultad de economia,1966,2,2,8,148,35,0,195,0,0,0,0.04054054054054054,0.2,0.06666666666666667
facultad de economia,1967,2,1,13,136,31,0,183,0,0,0,0.07352941176470588,0.25806451612903225,0.09836065573770492
facultad de economia,1968,3,2,19,144,48,0,216,0,0,0.05263157894736842,0.0625,0.14583333333333334,0.0787037037037037
facultad de economia,1969,3,7,18,109,28,0,165,0,0.14285714285714285,0.05555555555555555,0.06422018348623854,0.25,0.09696969696969697
facultad de economia,1970,3,8,23,122,52,0,208,0,0.125,0.043478260869565216,0.05737704918032787,0.11538461538461539,0.07211538461538461
facultad de economia,1971,3,8,17,117,54,0,199,0,0.125,0.11764705882352941,0.11965811965811966,0.07407407407407407,0.10552763819095477
facultad de economia,1972,1,8,1,143,67,0,220,0,0,0,0.09090909090909091,0.07462686567164178,0.08181818181818182
facultad de economia,1973,3,9,29,125,108,0,274,0,0.2222222222222222,0.06896551724137931,0.12,0.16666666666666666,0.13503649635036497
facultad de economia,1974,3,21,28,139,112,0,303,0,0.19047619047619047,0.10714285714285714,0.1510791366906475,0.125,0.13861386138613863
facultad de economia,1975,4,29,23,142,88,0,286,0,0.1724137931034483,0.13043478260869565,0.13380281690140844,0.1590909090909091,0.14335664335664336
facultad de economia,1976,0,33,24,155,110,0,322,0,0.18181818181818182,0.20833333333333334,0.18064516129032257,0.18181818181818182,0.18322981366459629
facultad de economia,1977,2,46,28,196,102,8,382,0,0.2391304347826087,0.21428571428571427,0.10714285714285714,0.21568627450980393,0.15706806282722513
facultad de economia,1978,3,50,24,167,114,11,369,0,0.24,0.20833333333333334,0.12574850299401197,0.20175438596491227,0.16531165311653118
facultad de economia,1979,0,55,30,163,91,20,359,0,0.2,0.16666666666666666,0.12269938650306748,0.14285714285714285,0.13649025069637882
facultad de economia,1980,0,67,20,227,92,0,406,0,0.23880597014925373,0.15,0.14537444933920704,0.18478260869565216,0.16995073891625614
facultad de ingenieria,1960,0,6,20,315,124,0,465,0,0,0,0.006349206349206349,0.008064516129032258,0.0064516129032258064
facultad de ingenieria,1962,0,7,23,377,116,0,523,0,0.1,0,0.006447298020331728,0.008260776477305167,0.008991533597685137
facultad de ingenieria,1963,0,8,25,441,108,0,582,0,0.2,0,0.006545389691457107,0.008457036825578076,0.011531454292144467
facultad de ingenieria,1964,0,40,31,429,104,0,604,0,0.30000000000000004,0,0.006643481362582486,0.008653297173850985,0.014071374986603796
facultad de ingenieria,1965,0,15,29,445,113,0,602,0,0.4,0,0.006741573033707865,0.008849557522123894,0.016611295681063124
facultad de ingenieria,1966,0,7,27,326,131,0,491,0,0,0,0.006134969325153374,0.015267175572519083,0.008146639511201629
facultad de ingenieria,1967,2,8,36,350,79,0,475,0,0,0,0.014285714285714285,0,0.010526315789473684
facultad de ingenieria,1968,1,15,67,403,131,0,617,0,0,0,0.022332506203473945,0.03816793893129771,0.022690437601296597
facultad de ingenieria,1969,0,12,36,499,113,0,660,0,0,0,0.002004008016032064,0.017699115044247787,0.004545454545454545
facultad de ingenieria,1970,0,0,36,585,0,0,621,0,0,0,0,0.038261322228006246,0
facultad de ingenieria,1971,0,19,38,554,102,0,713,0,0,0,0.0036101083032490976,0.058823529411764705,0.011220196353436185
facultad de ingenieria,1972,0,12,30,624,142,0,808,0,0,0.8333333333333334,0.011217948717948718,0.06338028169014084,0.050742574257425746
facultad de ingenieria,1973,0,26,35,662,174,0,897,0,0,0,0.012084592145015106,0.08620689655172414,0.02564102564102564
facultad de ingenieria,1974,0,74,36,667,176,2,955,0,0.013513513513513514,0.027777777777777776,0.017991004497751123,0.07386363636363637,0.028272251308900525
facultad de ingenieria,1975,0,38,51,693,171,4,957,0,0.05263157894736842,0,0.024531024531024532,0.08771929824561403,0.035527690700104496
facultad de ingenieria,1976,0,36,33,730,182,3,984,0,0.08333333333333333,0.030303030303030304,0.031506849315068496,0.06043956043956044,0.03861788617886179
facultad de ingenieria,1977,0,47,35,785,139,8,1014,0,0.0425531914893617,0,0.025477707006369428,0.10071942446043165,0.03550295857988166
facultad de ingenieria,1978,0,49,34,727,126,13,949,0,0.061224489795918366,0.058823529411764705,0.027510316368638238,0.07142857142857142,0.03582718651211802
facultad de ingenieria,1979,0,66,48,677,129,14,934,0,0.06060606060606061,0.020833333333333332,0.026587887740029542,0.046511627906976744,0.031049250535331904
facultad de ingenieria,1980,0,87,47,967,166,0,1267,0,0.022988505747126436,0.02127659574468085,0.03619441571871768,0.0783132530120482,0.04025256511444357
facultad de medicina,1960,0,20,28,921,63,0,1032,0,0,0,0.021715526601520086,0.047619047619047616,0.022286821705426358
facultad de medicina,1962,0,22,28,1105,104,0,1259,0,0,0,0.022605760274994724,0.09310728182323513,0.031187126457186815
facultad de medicina,1963,0,23,28,1146,134,0,1331,0,0,0,0.023495993948469362,0.13859551602742265,0.040087431208947276
facultad de medicina,1964,0,66,26,1170,174,0,1436,0,0,0,0.024386227621944,0.18408375023161017,0.04898773596070773
facultad de medicina,1965,1,24,24,1266,257,0,1572,0,0,0,0.02527646129541864,0.22957198443579765,0.05788804071246819
facultad de medicina,1966,2,26,24,1337,614,0,2003,0,0,0,0.020942408376963352,0.10749185667752444,0.046929605591612585
facultad de medicina,1967,4,36,24,1602,752,0,2418,0,0.1388888888888889,0,0.024968789013732832,0.125,0.05748552522746071
facultad de medicina,1968,4,50,30,1793,848,0,2725,0,0.1,0.03333333333333333,0.022308979364194088,0.10849056603773585,0.050642201834862385
facultad de medicina,1969,3,29,27,1954,938,0,2951,0,0.06896551724137931,0,0.07267144319344933,0.10980810234541578,0.08370044052863436
facultad de medicina,1970,0,0,29,2183,0,0,2212,0,0.08656609195402298,0,0,0.12344244919087469,0
facultad de medicina,1971,3,48,26,1245,1211,0,2533,0,0.10416666666666667,0,0.058634538152610445,0.1370767960363336,0.09632846427161469
facultad de medicina,1972,1,57,14,1358,1345,0,2775,0,0.10526315789473684,0.7142857142857143,0.0662739322533137,0.14646840148698884,0.10918918918918918
facultad de medicina,1973,2,65,27,1417,1406,0,2917,0,0.2,0,0.07127734650670431,0.15007112375533427,0.11141583818992115
facultad de medicina,1974,0,64,20,1732,1744,9,3569,0,0.078125,0,0.0825635103926097,0.14105504587155962,0.11039506864667974
facultad de medicina,1975,1,57,15,1756,1664,15,3508,0,0.17543859649122806,0,0.08940774487471526,0.14362980769230768,0.11573546180159636
facultad de medicina,1976,1,56,19,1890,1875,12,3853,0,0.21428571428571427,0.10526315789473684,0.07883597883597884,0.1568,0.11860887620036335
facultad de medicina,1977,4,106,21,2134,1927,12,4204,0,0.1792452830188679,0,0.09653233364573571,0.1702127659574468,0.13154138915318744
facultad de medicina,1978,2,133,30,2306,2015,11,4497,0,0.18796992481203006,0,0.11188204683434519,0.18064516129032257,0.14387369357349344
facultad de medicina,1979,1,80,19,2602,1950,11,4663,0,0.175,0.05263157894736842,0.11952344350499616,0.19897435897435897,0.15312030881406818
facultad de medicina,1980,1,78,14,2981,2111,0,5185,0,0.23076923076923078,0,0.1157329755115733,0.18900994789199432,0.14696239151398263
facultad de psicologia,1973,0,11,15,20,54,0,100,0,0.09090909090909091,0.06666666666666667,0.35,0.5370370370370371,0.38
facultad de psicologia,1974,0,35,24,102,79,1,241,0,0.3142857142857143,0.4583333333333333,0.3333333333333333,0.6455696202531646,0.44398340248962653
facultad de psicologia,1975,0,43,28,94,78,1,244,0,0.3488372093023256,0.42857142857142855,0.3191489361702128,0.5897435897435898,0.42213114754098363
facultad de psicologia,1976,0,39,30,87,75,15,246,0,0.41025641025641024,0.5,0.3448275862068966,0.6266666666666667,0.43902439024390244
facultad de psicologia,1977,0,60,31,88,89,19,287,0,0.5166666666666667,0.5483870967741935,0.42045454545454547,0.5955056179775281,0.4808362369337979
facultad de psicologia,1978,0,69,29,87,85,20,290,0,0.4492753623188406,0.5862068965517241,0.40229885057471265,0.5764705882352941,0.45517241379310347
facultad de psicologia,1979,0,87,29,96,88,24,324,0,0.47126436781609193,0.4827586206896552,0.4583333333333333,0.5227272727272727,0.44753086419753085
facultad de psicologia,1980,0,90,34,168,78,0,370,0,0.5,0.5294117647058824,0.4642857142857143,0.5256410256410257,0.4918918918918919
facultad de quimica,1960,0,2,1,118,134,0,255,0,0,0,0.05084745762711865,0.3358208955223881,0.2
facultad de quimica,1962,0,6,3,142,126,0,277,0,0,0,0.04755340143951707,0.36885285112897054,0.1962555066079295
facultad de quimica,1963,0,8,4,150,118,0,280,0,0,0,0.04425934525191549,0.401884806735553,0.19251101321585903
facultad de quimica,1964,0,9,4,159,110,0,282,0,0,0,0.0409652890643139,0.4349167623421355,0.18876651982378856
facultad de quimica,1965,0,4,2,292,156,0,454,0,0,0,0.03767123287671233,0.46794871794871795,0.18502202643171806
facultad de quimica,1966,0,5,3,299,157,0,464,0,0,0,0.04013377926421405,0.4394904458598726,0.17456896551724138
facultad de quimica,1967,0,3,2,315,173,0,493,0,0,0,0.06349206349206349,0.5028901734104047,0.21703853955375255
facultad de quimica,1968,1,8,6,309,169,0,493,0,0.125,0.5,0.042071197411003236,0.46153846153846156,0.1926977687626775
facultad de quimica,1969,1,4,2,342,194,0,543,0,0,0,0.043859649122807015,0.4639175257731959,0.19337016574585636
facultad de quimica,1970,1,15,10,335,195,0,556,0,0,0.5,0.0626865671641791,0.5025641025641026,0.22302158273381295
facultad de quimica,1971,1,36,19,169,238,0,463,0,0.3055555555555556,0.2631578947368421,0.17751479289940827,0.42857142857142855,0.31965442764578833
facultad de quimica,1972,1,32,10,216,279,0,538,0,0.28125,0.4,0.1574074074074074,0.44086021505376344,0.3159851301115242
facultad de quimica,1973,0,45,20,208,369,0,642,0,0.26666666666666666,0.35,0.20192307692307693,0.3875338753387534,0.3177570093457944
facultad de quimica,1974,1,57,20,247,382,10,717,0,0.2982456140350877,0.3,0.2591093117408907,0.4005235602094241,0.33472803347280333
facultad de quimica,1975,1,68,17,266,400,9,761,0,0.35294117647058826,0.29411764705882354,0.2669172932330827,0.4525,0.3692509855453351
facultad de quimica,1976,0,72,13,370,277,14,746,0,0.3611111111111111,0.38461538461538464,0.3864864864864865,0.4187725631768953,0.38873994638069703
facultad de quimica,1977,0,71,12,382,255,33,753,0,0.39436619718309857,0.3333333333333333,0.39267015706806285,0.4117647058823529,0.38114209827357237
facultad de quimica,1978,0,84,11,445,234,41,815,0,0.35714285714285715,0.45454545454545453,0.31685393258426964,0.4230769230769231,0.3374233128834356
facultad de quimica,1979,0,101,17,416,131,54,719,0,0.2871287128712871,0.4117647058823529,0.41346153846153844,0.44274809160305345,0.36995827538247567
facultad de quimica,1980,0,150,17,661,180,0,1008,0,0.21333333333333335,0.29411764705882354,0.32829046898638425,0.2777777777777778,0.30158730158730157
fcpys,1960,0,0,0,76,6,0,82,0,0,0.5,0.13157894736842105,0,0.12195121951219512
fcpys,1962,0,3,1,85,11,0,100,0,0,0.5,0.12760983036102652,0.10119047619047619,0.1374404261283992
fcpys,1963,0,6,2,103,17,0,128,0,0,0.5,0.12364071335363201,0.20238095238095238,0.1529296327446033
fcpys,1964,0,14,23,112,30,0,179,0,0,0.5,0.1196715963462375,0.3035714285714286,0.1684188393608074
fcpys,1965,0,9,2,121,42,0,174,0,0,0.5,0.11570247933884298,0.40476190476190477,0.1839080459770115
fcpys,1966,0,9,1,117,44,0,171,0,0,0,0.10256410256410256,0.38636363636363635,0.1695906432748538
fcpys,1967,0,7,2,114,39,0,162,0,0,0,0.043859649122807015,0.28205128205128205,0.09876543209876543
fcpys,1968,0,9,2,132,52,0,195,0,0,0,0.06818181818181818,0.28846153846153844,0.12307692307692308
fcpys,1969,0,8,2,157,78,0,245,0,0,0,0.05732484076433121,0.2692307692307692,0.12244897959183673
fcpys,1970,0,16,3,150,54,0,223,0,0.125,0,0.06666666666666667,0.2037037037037037,0.1031390134529148
fcpys,1971,0,12,0,149,65,0,226,0,0.08333333333333333,0.125,0.087248322147651,0.3076923076923077,0.1504424778761062
fcpys,1972,0,22,8,142,75,0,247,0,0,0.25,0.1267605633802817,0.4,0.20242914979757085
fcpys,1973,0,37,23,99,74,0,233,0,0.05405405405405406,0.5217391304347826,0.13131313131313133,0.2972972972972973,0.21030042918454936
fcpys,1974,0,47,20,167,119,0,353,0,0.10638297872340426,0.3,0.20958083832335328,0.2605042016806723,0.21813031161473087
fcpys,1975,0,53,16,206,190,0,465,0,0.11320754716981132,0.4375,0.19902912621359223,0.33157894736842103,0.25161290322580643
fcpys,1976,0,59,13,229,219,0,520,0,0.22033898305084745,0.3076923076923077,0.2096069868995633,0.3926940639269406,0.2903846153846154
fcpys,1977,0,61,17,211,241,0,530,0,0.26229508196721313,0.29411764705882354,0.17535545023696683,0.4024896265560166,0.29245283018867924
fcpys,1978,0,69,12,210,210,0,501,0,0.2463768115942029,0.4166666666666667,0.20476190476190476,0.3761904761904762,0.2874251497005988
fcpys,1979,0,84,12,197,173,0,466,0,0.2619047619047619,0.16666666666666666,0.24873096446700507,0.4508670520231214,0.3240343347639485
fcpys,1980,0,103,15,357,314,0,789,0,0.24271844660194175,0.26666666666666666,0.24369747899159663,0.3503184713375796,0.2864385297845374
ffyl,1960,0,29,5,256,0,0,290,0,0.27586206896551724,0,0.08984375,0.375,0.10689655172413794
ffyl,1962,2,29,7,171,0,0,209,0,0.27783251231527095,0.025,0.13566984953703703,0.375,0.14625170894728848
ffyl,1963,3,29,9,215,0,0,256,0,0.27980295566502467,0.05,0.18149594907407407,0.375,0.185606866170439
ffyl,1964,3,70,10,178,0,0,261,0,0.2817733990147783,0.07500000000000001,0.2273220486111111,0.375,0.22496202339358956
ffyl,1965,1,0,10,216,0,0,227,0,0.283743842364532,0.1,0.27314814814814814,0.375,0.2643171806167401
ffyl,1966,3,28,10,229,8,0,278,0,0.2857142857142857,0.2,0.30131004366812225,0.375,0.2949640287769784
ffyl,1967,4,26,11,263,28,0,332,0,0.3076923076923077,0,0.2623574144486692,0.6428571428571429,0.286144578313253
ffyl,1968,6,29,16,238,24,0,313,0,0.4482758620689655,0.25,0.3319327731092437,0.4166666666666667,0.33865814696485624
ffyl,1969,3,23,11,253,46,0,336,0,0.391304347826087,0.2727272727272727,0.31225296442687744,0.5,0.3392857142857143
ffyl,1970,2,38,47,456,77,0,620,0,0.2631578947368421,0.23404255319148937,0.2894736842105263,0.4675324675324675,0.30483870967741933
ffyl,1971,2,25,15,276,82,0,400,0,0.36,0.13333333333333333,0.37681159420289856,0.4146341463414634,0.3725
ffyl,1972,2,19,8,273,68,0,370,0,0.21052631578947367,0.125,0.36996336996337,0.4411764705882353,0.3675675675675676
ffyl,1973,2,23,40,234,31,0,330,0,0.30434782608695654,0.45,0.45726495726495725,0.45161290322580644,0.44242424242424244
ffyl,1974,1,28,44,195,41,0,309,0,0.21428571428571427,0.4090909090909091,0.40512820512820513,0.5609756097560976,0.4077669902912621
ffyl,1975,1,41,33,200,30,4,309,0,0.4146341463414634,0.3333333333333333,0.465,0.7,0.459546925566343
ffyl,1976,1,36,29,195,32,18,311,0,0.3888888888888889,0.41379310344827586,0.42564102564102563,0.75,0.42765273311897106
ffyl,1977,2,50,38,215,36,19,360,0,0.44,0.6842105263157895,0.4883720930232558,0.5555555555555556,0.48055555555555557
ffyl,1978,3,57,43,200,38,27,368,0,0.38596491228070173,0.5581395348837209,0.45,0.6052631578947368,0.4320652173913043
ffyl,1979,0,95,56,170,27,29,377,0,0.4,0.5178571428571429,0.48823529411764705,0.2222222222222222,0.41379310344827586
ffyl,1980,5,98,75,537,42,0,757,0,0.3979591836734694,0.36,0.4264432029795158,0.5714285714285714,0.42140026420079263
fmvz,1960,0,7,4,48,8,0,67,0,0.42857142857142855,0,0.08333333333333333,0,0.1044776119402985
fmvz,1962,0,6,3,77,18,0,104,0,0.3318452380952381,0,0.07538659793814433,0.06818181818181818,0.10514392324093816
fmvz,1963,0,4,2,80,24,0,110,0,0.23511904761904762,0,0.06743986254295532,0.13636363636363635,0.10581023454157781
fmvz,1964,0,19,2,76,28,0,125,0,0.13839285714285715,0,0.05949312714776632,0.20454545454545453,0.10647654584221747
fmvz,1965,0,24,3,97,44,0,168,0,0.041666666666666664,0,0.05154639175257732,0.2727272727272727,0.10714285714285714
fmvz,1966,0,23,2,127,48,0,200,0,0.2608695652173913,0,0.07874015748031496,0.2708333333333333,0.145
fmvz,1967,0,21,0,120,58,0,199,0,0.19047619047619047,0.25,0.05,0.27586206896551724,0.1306532663316583
fmvz,1968,0,22,2,126,60,0,210,0,0.2727272727272727,0.5,0.09523809523809523,0.26666666666666666,0.16666666666666666
fmvz,1969,0,23,2,101,40,0,166,0,0.21739130434782608,0,0.06930693069306931,0.225,0.12650602409638553
fmvz,1970,0,21,3,107,1,0,132,0,0,0,0,0,0
fmvz,1971,0,29,4,67,45,0,145,0,0.2413793103448276,0,0.08955223880597014,0.2222222222222222,0.15862068965517243
fmvz,1972,0,10,5,85,44,0,144,0,0.3,0.2,0.07058823529411765,0.20454545454545456,0.13194444444444445
fmvz,1973,0,36,3,63,51,0,153,0,0.19444444444444445,0.3333333333333333,0.09523809523809523,0.1568627450980392,0.1437908496732026
fmvz,1974,1,43,1,76,71,0,192,0,0.16279069767441862,0,0.10526315789473684,0.15492957746478872,0.13541666666666666
fmvz,1975,0,43,3,84,79,0,209,0,0.16279069767441862,0,0.13095238095238096,0.21518987341772153,0.1674641148325359
fmvz,1976,0,42,4,89,95,2,232,0,0.16666666666666666,0,0.12359550561797752,0.2631578947368421,0.1853448275862069
fmvz,1977,0,51,4,99,108,5,267,0,0.09803921568627451,0,0.10101010101010101,0.2962962962962963,0.1760299625468165
fmvz,1978,0,46,4,109,103,6,268,0,0.1956521739130435,0,0.11926605504587157,0.33980582524271846,0.2126865671641791
fmvz,1979,0,60,4,107,90,7,268,0,0.16666666666666666,0,0.14018691588785046,0.3,0.19402985074626866
fmvz,1980,0,63,7,171,186,0,427,0,0.12698412698412698,0,0.1111111111111111,0.3010752688172043,0.19437939110070257
fo,1960,0,0,3,102,61,0,166,0,0,0,0,0.03278688524590164,0.012048192771084338
fo,1962,0,5,2,146,67,0,220,0,0,0,0.012077294685990338,0.06030444964871194,0.025134629426798102
fo,1963,0,8,1,149,59,0,217,0,0,0,0.024154589371980676,0.08782201405152225,0.03822106608251186
fo,1964,0,10,0,152,51,0,213,0,0,0,0.036231884057971016,0.11533957845433254,0.051307502738225624
fo,1965,0,7,1,207,49,0,264,0,0,0,0.04830917874396135,0.14285714285714285,0.06439393939393939
fo,1966,0,5,98,155,77,0,335,0,0.2,0,0.05806451612903226,0.14285714285714285,0.0626865671641791
fo,1967,0,4,1,210,77,0,292,0,0.25,0,0.023809523809523808,0.15584415584415584,0.06164383561643835
fo,1968,0,4,1,233,93,0,331,0,0.25,0,0.030042918454935622,0.10752688172043011,0.054380664652567974
fo,1969,0,3,1,226,107,0,337,0,0.3333333333333333,0,0.02654867256637168,0.09345794392523364,0.050445103857566766
fo,1970,0,15,3,237,92,0,347,0,0.26666666666666666,0,0.02531645569620253,0.18478260869565216,0.07780979827089338
fo,1971,0,5,2,156,76,0,239,0,0.2,0,0.07051282051282051,0.17105263157894737,0.10460251046025104
fo,1972,0,4,2,150,113,0,269,0,0.25,1,0.06666666666666667,0.17699115044247787,0.12267657992565056
fo,1973,0,5,2,197,105,0,309,0,0.2,0,0.07614213197969544,0.22857142857142856,0.12944983818770225
fo,1974,0,3,13,212,130,0,358,0,0,0,0.09433962264150944,0.27692307692307694,0.1564245810055866
fo,1975,0,19,18,249,168,0,454,0,0,0.05555555555555555,0.10040160642570281,0.2976190476190476,0.16740088105726872
fo,1976,0,0,15,259,178,0,452,0,0,0.06666666666666667,0.13513513513513514,0.3258426966292135,0.2079646017699115
fo,1977,0,3,25,303,188,0,519,0,0,0.04,0.1617161716171617,0.3617021276595745,0.22736030828516376
fo,1978,0,4,35,295,214,0,548,0,0,0.05714285714285714,0.1694915254237288,0.35046728971962615,0.23175182481751824
fo,1979,0,10,57,274,238,0,579,0,0.2,0.08771929824561403,0.19708029197080293,0.3403361344537815,0.2452504317789292
fo,1980,1,24,77,432,349,0,883,0,0.041666666666666664,0.07792207792207792,0.1712962962962963,0.3524355300859599,0.23103057757644394
hemeroteca nacional,1976,0,1,0,0,1,0,2,0,0,0,0,1,0.5
hemeroteca nacional,1977,0,0,0,0,1,0,1,0,0,0,0,1,1
hemeroteca nacional,1978,0,0,0,1,0,0,1,0,0,0,0,1,0
instituto de astronomia,1971,0,0,0,1,0,0,1,0,0,0,1,0,1
instituto de astronomia,1972,0,0,0,1,0,0,1,0,0,0,1,0,1
instituto de astronomia,1973,0,0,0,1,0,0,1,0,0,0,1,0,1
instituto de astronomia,1974,0,0,0,5,0,0,5,0,0,0,0.2,0,0.2
instituto de astronomia,1975,0,0,0,3,1,0,4,0,0,0,0.3333333333333333,0,0.25
instituto de astronomia,1976,0,0,0,3,1,0,4,0,0,0,0.3333333333333333,0,0.25
instituto de astronomia,1977,0,0,0,3,0,0,3,0,0,0,0.3333333333333333,0,0.3333333333333333
instituto de astronomia,1978,0,0,0,3,0,0,3,0,0,0,0.3333333333333333,0,0.3333333333333333
instituto de astronomia,1979,0,0,0,1,0,0,1,0,0,0,0,0,0
instituto de biologia,1968,1,0,0,0,0,0,1,0,0,0,0.25,0,0
instituto de biologia,1969,0,0,0,0,0,0,0,0,0,0,0.25,0,0
instituto de biologia,1970,0,0,1,0,0,0,1,0,0,0,0.25,0,0
instituto de biologia,1971,0,0,0,4,0,0,4,0,0,0,0.25,0,0.25
instituto de biologia,1972,0,0,0,8,0,0,8,0,0,0,0.25,0,0.25
instituto de biologia,1973,0,0,0,10,0,0,10,0,0,0,0.2,0,0.2
instituto de biologia,1974,0,0,0,13,1,0,14,0,0,0,0.15384615384615385,0,0.14285714285714285
instituto de biologia,1975,0,0,0,17,0,0,17,0,0,0,0.23529411764705882,0.25,0.23529411764705882
instituto de biologia,1976,0,0,0,34,2,0,36,0,0,0,0.2647058823529412,0.5,0.2777777777777778
instituto de biologia,1977,0,0,0,24,5,0,29,0,0,0,0.16666666666666666,0.4,0.20689655172413793
instituto de biologia,1978,0,0,0,37,3,0,40,0,0,0,0.4594594594594595,0.6666666666666666,0.475
instituto de biologia,1979,0,0,0,3,0,0,3,0,0,0,0.3333333333333333,0.6666666666666666,0.3333333333333333
instituto de fisica,1970,0,1,0,0,0,0,1,0,0,0,0,0,0
instituto de fisica,1971,0,0,0,2,1,0,3,0,0,0,0,0,0
instituto de fisica,1972,0,0,0,3,1,0,4,0,0,0,0,0,0
instituto de fisica,1973,0,0,0,5,0,0,5,0,0,0,0.2,0,0.2
instituto de fisica,1974,0,0,0,7,2,0,9,0,0,0,0.2857142857142857,0,0.2222222222222222
instituto de fisica,1975,0,0,0,10,3,0,13,0,0,0,0.1,0,0.07692307692307693
instituto de fisica,1976,0,0,0,30,3,0,33,0,0,0,0.13333333333333333,0,0.12121212121212122
instituto de fisica,1977,0,0,0,9,2,0,11,0,0,0,0.1111111111111111,0,0.09090909090909091
instituto de fisica,1978,0,0,0,27,2,0,29,0,0,0,0.18518518518518517,0.5,0.20689655172413793
instituto de fisica,1979,0,3,0,7,0,0,10,0,0,0,0.2857142857142857,0.5,0.2
instituto de geofisica,1970,0,0,1,0,0,0,1,0,0,0,0,0,0
instituto de geofisica,1971,0,0,0,2,0,0,2,0,0,0,0,0,0
instituto de geofisica,1972,0,0,0,4,0,0,4,0,0,0,0.25,0,0.25
instituto de geofisica,1973,0,0,0,6,0,0,6,0,0,0,0.16666666666666666,0,0.16666666666666666
instituto de geofisica,1974,0,0,0,5,0,0,5,0,0,0,0.2,0,0.2
instituto de geofisica,1975,0,1,0,4,0,0,5,0,0,0,0,0,0
instituto de geofisica,1976,0,0,0,5,1,0,6,0,0,0,0,0,0
instituto de geofisica,1977,0,0,0,8,6,0,14,0,0,0,0.125,0,0.07142857142857142
instituto de geofisica,1978,0,0,0,7,2,0,9,0,0,0,0.14285714285714285,0,0.1111111111111111
instituto de geofisica,1979,0,0,0,1,0,0,1,0,0,0,0,0,0
instituto de geografia,1971,0,0,0,3,0,0,3,0,0.5263157894736842,0,0.6666666666666666,0,0.6666666666666666
instituto de geografia,1972,0,0,0,3,0,0,3,0,0.5263157894736842,0,0.6666666666666666,0,0.6666666666666666
instituto de geografia,1973,0,0,0,4,0,0,4,0,0.5263157894736842,0,0.75,0,0.75
instituto de geografia,1974,0,0,0,5,0,0,5,0,0.5263157894736842,0,0.6,0,0.6
instituto de geografia,1975,0,19,0,8,0,0,27,0,0.5263157894736842,0,0.75,0,0.5925925925925926
instituto de geografia,1976,0,0,0,10,1,0,11,0,0.5263157894736842,0,0.7,0,0.6363636363636364
instituto de geografia,1977,0,0,0,9,1,0,10,0,0.5263157894736842,0,0.6666666666666666,0,0.6
instituto de geografia,1978,0,0,0,9,2,0,11,0,0.5263157894736842,0,0.6666666666666666,0.5,0.6363636363636364
instituto de geografia,1979,0,0,0,2,0,0,2,0,0.5263157894736842,0,1,0.5,1
instituto de geologia,1970,0,0,0,1,0,0,1,0,0.23529411764705882,0.3333333333333333,1,1,1
instituto de geologia,1971,0,0,0,1,0,0,1,0,0.23529411764705882,0.3333333333333333,0,1,0
instituto de geologia,1972,0,0,0,1,0,0,1,0,0.23529411764705882,0.3333333333333333,0,1,0
instituto de geologia,1973,0,0,0,1,0,0,1,0,0.23529411764705882,0.3333333333333333,0,1,0
instituto de geologia,1974,0,0,0,5,0,0,5,0,0.23529411764705882,0.3333333333333333,0,1,0
instituto de geologia,1975,0,34,6,8,0,0,48,0,0.23529411764705882,0.3333333333333333,0.125,1,0.22916666666666666
instituto de geologia,1976,0,0,0,11,2,0,13,0,0.23529411764705882,0.3333333333333333,0.18181818181818182,1,0.3076923076923077
instituto de geologia,1977,0,0,0,17,0,0,17,0,0.23529411764705882,0.3333333333333333,0.23529411764705882,1,0.23529411764705882
instituto de geologia,1978,0,0,0,17,0,0,17,0,0.23529411764705882,0.3333333333333333,0.11764705882352941,1,0.11764705882352941
instituto de geologia,1979,0,0,0,1,0,0,1,0,0.23529411764705882,0.3333333333333333,0,1,0
instituto de ingenieria,1969,0,12,37,2,0,0,51,0,0,0,0,0,0
instituto de ingenieria,1970,0,0,19,0,0,0,19,0,0,0,0,0,0
instituto de ingenieria,1971,0,12,0,13,0,0,25,0,0,0,0,0,0
instituto de ingenieria,1972,0,4,1,27,0,0,32,0,0,0,0,0,0
instituto de ingenieria,1973,0,22,20,7,0,0,49,0,0,0,0,0,0
instituto de ingenieria,1974,0,27,10,9,0,0,46,0,0,0,0,0,0
instituto de ingenieria,1975,0,21,9,16,0,0,46,0,0,0,0.0625,0,0.021739130434782608
instituto de ingenieria,1976,0,9,2,30,1,0,42,0,0,0,0,0,0
instituto de ingenieria,1977,0,0,0,43,3,0,46,0,0,0,0.023255813953488372,0,0.021739130434782608
instituto de ingenieria,1978,0,5,1,34,3,0,43,0,0,0,0.029411764705882353,0,0.023255813953488372
instituto de ingenieria,1979,0,2,1,2,0,0,5,0,0,0,0,0,0
instituto de ingenieria,1980,0,0,0,7,0,0,7,0,0,0,0.14285714285714285,0,0.14285714285714285
instituto de investigaciones antropologicas,1968,1,0,0,0,0,0,1,0,0,0,0,0.2,0
instituto de investigaciones antropologicas,1969,1,0,0,1,0,0,2,0,0,0,0,0.2,0
instituto de investigaciones antropologicas,1970,1,0,0,1,0,0,2,0,0,0,1,0.2,0.5
instituto de investigaciones antropologicas,1971,0,0,0,2,0,0,2,0,0,0,0.5,0.2,0.5
instituto de investigaciones antropologicas,1972,0,0,0,3,0,0,3,0,0,0,0.3333333333333333,0.2,0.3333333333333333
instituto de investigaciones antropologicas,1973,0,0,0,3,0,0,3,0,0,0,0.6666666666666666,0.2,0.6666666666666666
instituto de investigaciones antropologicas,1974,0,0,0,4,0,0,4,0,0,0,0.5,0.2,0.5
instituto de investigaciones antropologicas,1975,0,0,0,3,0,0,3,0,0,0,0.3333333333333333,0.2,0.3333333333333333
instituto de investigaciones antropologicas,1976,0,1,0,11,5,0,17,0,0,0,0,0.2,0.058823529411764705
instituto de investigaciones antropologicas,1977,0,0,0,3,0,0,3,0,0,0,0,0.1,0
instituto de investigaciones antropologicas,1978,0,0,0,4,1,0,5,0,0,0,0,0,0
instituto de investigaciones antropologicas,1979,0,2,0,0,0,0,2,0,0,0,0,0,0
instituto de investigaciones biomedicas,1971,0,3,0,1,0,0,4,0,0,0.5,0,0,0
instituto de investigaciones biomedicas,1972,0,0,0,1,0,0,1,0,0.0763888888888889,0.5,0,0,0
instituto de investigaciones biomedicas,1973,0,0,0,1,0,0,1,0,0.1527777777777778,0.5,0,0,0
instituto de investigaciones biomedicas,1974,0,0,0,7,0,0,7,0,0.22916666666666669,0.5,0.14285714285714285,0,0.14285714285714285
instituto de investigaciones biomedicas,1975,1,36,6,6,0,0,49,0,0.3055555555555556,0.5,0.16666666666666666,0,0.30612244897959184
instituto de investigaciones biomedicas,1976,0,0,0,6,1,0,7,0,0.3055555555555556,0.5,0,0,0
instituto de investigaciones biomedicas,1977,0,0,0,6,3,0,9,0,0.3055555555555556,0.5,0.16666666666666666,0,0.1111111111111111
instituto de investigaciones biomedicas,1978,0,0,0,7,5,0,12,0,0.3055555555555556,0.5,0.2857142857142857,0.2,0.25
instituto de investigaciones biomedicas,1979,0,0,0,5,0,0,5,0,0.3055555555555556,0.5,0.4,0.2,0.4
instituto de investigaciones economicas,1971,0,0,0,2,1,0,3,0,0,0,0,0,0
instituto de investigaciones economicas,1972,0,0,0,1,1,0,2,0,0,0,0,1,0.5
instituto de investigaciones economicas,1973,0,0,0,1,0,0,1,0,0,0,0,0.875,0
instituto de investigaciones economicas,1974,0,0,0,3,0,0,3,0,0,0,0,0.75,0
instituto de investigaciones economicas,1975,0,0,0,4,0,0,4,0,0,0,0.25,0.625,0.25
instituto de investigaciones economicas,1976,0,0,0,6,2,0,8,0,0,0,0.16666666666666666,0.5,0.25
instituto de investigaciones economicas,1977,0,0,0,12,3,0,15,0,0,0,0.16666666666666666,0.3333333333333333,0.2
instituto de investigaciones economicas,1978,0,0,0,12,2,0,14,0,0,0,0.16666666666666666,0,0.14285714285714285
instituto de investigaciones economicas,1979,0,0,0,1,0,0,1,0,0,0,0,0,0
instituto de investigaciones en matematicas aplicadas y sistemas,1971,0,1,0,5,2,0,8,0,0,1,0,0,0
instituto de investigaciones en matematicas aplicadas y sistemas,1972,0,0,0,7,6,0,13,0,0,1,0,0,0
instituto de investigaciones en matematicas aplicadas y sistemas,1973,0,3,0,6,7,0,16,0,0,1,0.16666666666666666,0.14285714285714285,0.125
instituto de investigaciones en matematicas aplicadas y sistemas,1974,0,0,0,3,2,0,5,0,0,1,0,0,0
instituto de investigaciones en matematicas aplicadas y sistemas,1975,0,0,0,8,5,0,13,0,0,1,0,0.2,0.07692307692307693
instituto de investigaciones en matematicas aplicadas y sistemas,1976,0,1,0,10,4,0,15,0,0,1,0,0.25,0.13333333333333333
instituto de investigaciones en matematicas aplicadas y sistemas,1977,0,2,1,11,3,0,17,0,0.5,1,0,0.3333333333333333,0.17647058823529413
instituto de investigaciones en matematicas aplicadas y sistemas,1978,0,1,0,11,4,0,16,0,0,1,0,0.5,0.125
instituto de investigaciones en matematicas aplicadas y sistemas,1979,0,1,0,3,0,0,4,0,0,1,0,0.5,0
instituto de investigaciones en materiales,1971,0,0,0,1,1,0,2,0,0,0,0,0,0
instituto de investigaciones en materiales,1972,0,0,0,3,0,0,3,0,0,0,0,0,0
instituto de investigaciones en materiales,1973,0,1,0,5,0,0,6,0,0,0,0.2,0,0.16666666666666666
instituto de investigaciones en materiales,1974,0,0,0,11,3,0,14,0,0.03333333333333333,0,0.09090909090909091,0,0.07142857142857142
instituto de investigaciones en materiales,1975,0,0,0,13,2,0,15,0,0.06666666666666668,0,0,0,0
instituto de investigaciones en materiales,1976,0,0,0,21,2,0,23,0,0.1,0,0,0,0
instituto de investigaciones en materiales,1977,0,0,0,22,3,0,25,0,0.13333333333333333,0,0.045454545454545456,0,0.04
instituto de investigaciones en materiales,1978,0,0,0,23,2,0,25,0,0.16666666666666669,0,0.08695652173913043,0,0.08
instituto de investigaciones en materiales,1979,0,5,0,2,0,0,7,0,0.2,0,0,0,0.14285714285714285
instituto de investigaciones esteticas,1971,0,0,0,1,0,0,1,0,0,0,0,1,0
instituto de investigaciones esteticas,1972,0,0,0,1,0,0,1,0,0,0,0,1,0
instituto de investigaciones esteticas,1973,0,0,0,1,0,0,1,0,0,0,0,1,0
instituto de investigaciones esteticas,1974,0,0,0,2,0,0,2,0,0,0,0,1,0
instituto de investigaciones esteticas,1975,0,0,0,3,0,0,3,0,0,0,0.3333333333333333,1,0.3333333333333333
instituto de investigaciones esteticas,1976,0,0,0,5,1,0,6,0,0,0,0.6,1,0.6666666666666666
instituto de investigaciones esteticas,1977,0,0,0,6,1,0,7,0,0,0,0.6666666666666666,1,0.7142857142857143
instituto de investigaciones esteticas,1978,0,0,0,5,1,0,6,0,0,0,0.6,1,0.6666666666666666
instituto de investigaciones filologicas,1977,0,0,0,2,0,0,2,0,0,0,0.5,0,0.5
instituto de investigaciones filologicas,1978,0,0,0,2,0,0,2,0,0,0,0,0,0
instituto de investigaciones filosoficas,1972,1,0,0,1,0,0,2,0,0,0,0,0,0
instituto de investigaciones filosoficas,1973,0,0,0,1,0,0,1,0,0,0,0,0,0
instituto de investigaciones filosoficas,1974,1,0,0,2,1,0,4,0,0,0,0.5,0,0.25
instituto de investigaciones filosoficas,1975,1,0,0,1,0,0,2,0,0,0,0,0,0
instituto de investigaciones filosoficas,1976,0,0,0,3,0,0,3,0,0,0,0.6666666666666666,0,0.6666666666666666
instituto de investigaciones filosoficas,1977,0,0,0,3,0,0,3,0,0,0,0.3333333333333333,0,0.3333333333333333
instituto de investigaciones filosoficas,1978,0,0,0,1,0,0,1,0,0,0,0,0,0
instituto de investigaciones historicas,1974,0,0,0,1,0,0,1,0,0,0,0,0,0
instituto de investigaciones historicas,1975,0,0,0,1,0,0,1,0,0,0,0,0,0
instituto de investigaciones historicas,1976,0,0,0,2,0,0,2,0,0,0,0,0,0
instituto de investigaciones historicas,1977,0,0,0,5,0,0,5,0,0,0,0,0,0
instituto de investigaciones historicas,1978,0,0,0,6,0,0,6,0,0,0,0,0,0
instituto de investigaciones historicas,1979,0,0,1,1,0,0,2,0,0,0,1,0,0.5
instituto de investigaciones juridicas,1971,0,0,0,2,0,0,2,0,0,0,0,0,0
instituto de investigaciones juridicas,1972,0,0,0,2,0,0,2,0,0,0,0,0,0
instituto de investigaciones juridicas,1973,0,0,0,1,0,0,1,0,0,0,0,0,0
instituto de investigaciones juridicas,1974,0,0,0,1,0,0,1,0,0,0,0,0,0
instituto de investigaciones juridicas,1975,0,0,0,1,0,0,1,0,0,0,0,0,0
instituto de investigaciones juridicas,1976,0,0,0,3,0,0,3,0,0,0,0,0,0
instituto de investigaciones juridicas,1977,0,0,0,10,0,0,10,0,0,0,0.2,0,0.2
instituto de investigaciones juridicas,1978,0,0,0,11,0,0,11,0,0,0,0.18181818181818182,0,0.18181818181818182
instituto de investigaciones juridicas,1979,0,1,0,0,0,0,1,0,0,0,0.18181818181818182,0,0
instituto de investigaciones sociales,1970,0,0,0,1,0,0,1,0,0,0,0,0.5,0
instituto de investigaciones sociales,1971,0,0,0,2,0,0,2,0,0,0,1,0.5,1
instituto de investigaciones sociales,1972,0,0,0,2,0,0,2,0,0,0,1,0.5,1
instituto de investigaciones sociales,1973,0,0,0,2,0,0,2,0,0,0,1,0.5,1
instituto de investigaciones sociales,1974,0,0,0,2,0,0,2,0,0,0,1,0.5,1
instituto de investigaciones sociales,1975,0,0,0,6,2,0,8,0,0,0,0.5,0.5,0.5
instituto de investigaciones sociales,1976,0,1,0,7,3,0,11,0,0,0,0.14285714285714285,0.6666666666666666,0.2727272727272727
instituto de investigaciones sociales,1977,0,0,0,11,2,0,13,0,0,0,0.36363636363636365,0.5,0.38461538461538464
instituto de investigaciones sociales,1978,0,0,0,7,3,0,10,0,0,0,0.2857142857142857,1,0.5
instituto de investigaciones sociales,1979,0,0,0,1,1,0,2,0,0,0,0,1,0.5
instituto de medicina,1973,0,0,0,2,1,0,3,0,0.1,0,0,0,0
instituto de medicina,1974,0,0,0,7,0,0,7,0,0.1,0,0,0,0
instituto de medicina,1975,0,20,0,9,0,0,29,0,0.1,0,0.1111111111111111,0,0.10344827586206896
instituto de medicina,1976,0,0,0,11,0,0,11,0,0.1,0,0.18181818181818182,0,0.18181818181818182
instituto de medicina,1977,0,0,0,14,1,0,15,0,0.1,0,0.14285714285714285,0,0.13333333333333333
instituto de medicina,1978,0,0,0,13,1,0,14,0,0.1,0,0.15384615384615385,0,0.14285714285714285
instituto de medicina,1979,0,0,0,1,0,0,1,0,0.1,0,1,0,1
instituto de quimica,1968,0,0,0,10,0,0,10,0,0,0,0.1,0,0.1
instituto de quimica,1969,0,2,0,5,0,0,7,0,0,0,0,0,0
instituto de quimica,1970,0,4,0,0,0,0,4,0,0,0,0,0,0
instituto de quimica,1971,0,0,0,4,0,0,4,0,0.02,0,0,0,0
instituto de quimica,1972,0,0,0,3,1,0,4,0,0.04,0,0,0,0
instituto de quimica,1973,0,0,0,3,2,0,5,0,0.06,0,0,0,0
instituto de quimica,1974,0,0,0,1,1,0,2,0,0.08,0,0,0,0
instituto de quimica,1975,0,20,0,3,2,0,25,0,0.1,0,0,0,0.08
instituto de quimica,1976,0,0,0,11,1,0,12,0,0.1,0,0,0,0
instituto de quimica,1977,0,0,0,16,1,0,17,0,0.1,0,0,0,0
instituto de quimica,1978,0,0,0,16,0,0,16,0,0.1,0,0,0,0
instituto de quimica,1979,0,0,0,1,0,0,1,0,0.1,0,0,0,0
jardin botanico,1974,0,0,0,0,1,0,1,0,0.3333333333333333,0,0,1,1
jardin botanico,1975,0,0,0,1,1,0,2,0,0.3333333333333333,0,0,1,1
jardin botanico,1976,0,0,0,2,1,0,3,0,0.3333333333333333,0,0.5,1,0.6666666666666666
jardin botanico,1977,0,0,0,2,0,0,2,0,0.3333333333333333,0,0.5,1,0.5
jardin botanico,1978,0,0,0,2,0,0,2,0,0.3333333333333333,0,0.5,1,0.5
jardin botanico,1979,0,3,0,1,0,0,4,0,0.3333333333333333,0,0,1,0.25
