general,year,tc,ay,eme,mt,tec,total,tc_f,ay_f,eme_f,mt_f,tec_f,total_f
biblioteca nacional,1960,8,1,0,1,0,8,0,1,0,0,0,0
biblioteca nacional,1962,4,1,0,1,0,4,0,1,0,0,0,0
biblioteca nacional,1963,2,1,0,1,0,3,0,1,0,0,0,0
biblioteca nacional,1964,4,1,0,2,0,6,0,1,0,0.5,0,0.16666666666666666
biblioteca nacional,1965,4,1,0,1,0,5,0,1,0,1,0,0.2
biblioteca nacional,1966,7,1,0,1,0,8,0.42857142857142855,1,0,1,0,0.5
biblioteca nacional,1967,4,1,0,3,0,7,0.25,1,0,0,0,0.14285714285714285
biblioteca nacional,1968,2,1,0,4,0,6,0,1,0,0.25,0,0.16666666666666666
biblioteca nacional,1969,4,1,0,6,0,10,0.25,1,0,0.3333333333333333,0,0.3
biblioteca nacional,1970,4,1,0,6,0,10,0,1,0,0.3333333333333333,0,0.3
biblioteca nacional,1971,5,1,0,6,0,11,0,1,0,0.5,0,0.2727272727272727
biblioteca nacional,1972,5,1,0,7,0,12,0.2,1,0,0.42857142857142855,0,0.3333333333333333
biblioteca nacional,1973,5,1,0,7,0,12,0.2,1,0,0.42857142857142855,0,0.3333333333333333
biblioteca nacional,1974,5,1,0,5,0,11,0.2,1,0,0.4,0,0.36363636363636365
biblioteca nacional,1975,6,1,0,5,0,12,0.5,1,0,0.4,0,0.5
biblioteca nacional,1976,5,1,0,8,0,13,0.2,1,0,0.375,0,0.3076923076923077
biblioteca nacional,1977,9,1,0,5,0,15,0.4444444444444444,1,0,0.2,0,0.4
biblioteca nacional,1978,7,2,0,6,0,15,0.42857142857142855,0.5,0,0.3333333333333333,0,0.4
biblioteca nacional,1979,9,4,0,4,0,17,0.5555555555555556,0.25,0,0.5,0,0.47058823529411764
cch,1975,2,0,0,0,1,2,0,0,0,0,0,0
cch,1976,2,0,0,0,1,2,0,0,0,0,0,0
cch,1977,3,0,0,0,1,3,0.3333333333333333,0,0,0,0,0.3333333333333333
cch,1978,1,0,0,0,1,1,0,0,0,0,0,0
cch,1979,1,0,0,0,1,1,0,0,0,0,0,0
cele,1977,1,1,0,1,0,2,1,1,0,0,0,1
cele,1978,1,1,0,1,0,3,1,1,0,0,0,0.6666666666666666
centro de ciencias de la atmosfera,1977,1,1,0,1,4,1,0,0,0,0,0.5,0
centro de ciencias de la atmosfera,1978,8,1,0,1,4,2,0,0,0,0,0.5,0
centro de ciencias de la atmosfera,1979,16,5,0,3,4,28,0,0.2,0,0.3333333333333333,0.5,0.14285714285714285
centro de ciencias de la tierra,1974,1,1,0,0,1,2,0,0,0,0,0,0
centro de ciencias de la tierra,1975,2,3,0,0,1,5,0,0,0,0,0,0
centro de ciencias de la tierra,1976,3,1,0,0,1,5,0,0,0,0,0,0
centro de ciencias de la tierra,1977,2,2,0,0,1,5,0,0,0,0,0,0
centro de ciencias de la tierra,1978,1,1,0,0,1,3,0,0,0,0,0,0
centro de ciencias de la tierra,1979,2,1,0,0,1,3,0,0,0,0,0,0
centro de ciencias del mar y limnologia,1975,12,2,0,1,1,16,0.08333333333333333,0,0,0,0,0.0625
centro de ciencias del mar y limnologia,1976,20,1,0,1,9,31,0.15,0,0,0,0.4444444444444444,0.22580645161290322
centro de ciencias del mar y limnologia,1977,23,1,0,1,14,39,0.08695652173913043,0,0,0,0.2857142857142857,0.15384615384615385
centro de ciencias del mar y limnologia,1978,24,2,0,1,11,37,0.08333333333333333,0,0,0,0.36363636363636365,0.16216216216216217
centro de ciencias del mar y limnologia,1979,38,2,0,1,5,45,0.02631578947368421,0,0,0,0.2,0.044444444444444446
centro de estudios clasicos,1972,2,1,0,1,1,1,0,1,0,0,1,0
centro de estudios clasicos,1973,2,1,0,1,1,4,0,1,0,0,1,0.25
centro de estudios clasicos,1974,6,3,0,3,1,10,0.16666666666666666,0.6666666666666666,0,0.3333333333333333,1,0.3
centro de estudios clasicos,1975,7,5,0,1,1,14,0.14285714285714285,0.8,0,1,0,0.42857142857142855
centro de estudios clasicos,1976,8,5,0,2,1,11,0.125,0.8,0,0.5,0,0.18181818181818182
centro de estudios clasicos,1977,2,5,0,2,1,4,0.5,0.8,0,0.5,0,0.5
centro de estudios clasicos,1978,1,5,0,1,1,2,1,0.8,0,1,0,1
centro de estudios clasicos,1979,10,5,0,2,1,12,0.2,0.8,0,0.5,0,0.25
centro de estudios en linguistica hispanica,1972,4,3,0,3,4,3,0.25,0.3333333333333333,0,0.3333333333333333,0.25,0.3333333333333333
centro de estudios en linguistica hispanica,1973,4,3,0,3,4,6,0.25,0.3333333333333333,0,0.3333333333333333,0.25,0.3333333333333333
centro de estudios en linguistica hispanica,1974,4,1,0,1,4,10,0.25,1,0,0,0.25,0.3
centro de estudios literarios,1972,9,3,0,1,5,9,0.4444444444444444,0.6666666666666666,0,0,0.4,0.4444444444444444
centro de estudios literarios,1973,8,3,0,1,5,11,0.375,0.6666666666666666,0,0,0.4,0.45454545454545453
centro de estudios literarios,1974,8,4,0,1,5,18,0.375,0.5,0,0,0.4,0.3888888888888889
centro de estudios literarios,1975,7,4,0,1,2,10,0.2857142857142857,0.5,0,0,0,0.2
centro de estudios literarios,1976,7,4,0,2,2,15,0.2857142857142857,0.75,0,0,0.5,0.4
centro de estudios literarios,1977,7,8,0,1,2,16,0.5714285714285714,0.875,0,0,0.5,0.6875
centro de estudios literarios,1978,7,9,0,1,2,16,0.42857142857142855,1,0,0,0.5,0.75
centro de estudios literarios,1979,9,10,0,1,2,19,0.3333333333333333,0.8,0,0,0.5,0.5789473684210527
centro de estudios mayas,1973,7,2,0,5,1,7,0.5714285714285714,1,0,0.4,1,0.5714285714285714
centro de estudios mayas,1974,7,3,0,5,1,16,0.5714285714285714,0.6666666666666666,0,0.6,1,0.625
centro de estudios mayas,1975,6,3,0,2,1,11,0.16666666666666666,0.3333333333333333,0,0.5,1,0.2727272727272727
centro de estudios mayas,1976,6,5,0,3,1,14,0.5,0.8,0,0.3333333333333333,1,0.5714285714285714
centro de estudios mayas,1977,8,6,0,3,1,14,0.375,0.5,0,0.3333333333333333,1,0.42857142857142855
centro de estudios mayas,1978,8,6,0,3,1,14,0.5,0.6666666666666666,0,0.3333333333333333,1,0.5714285714285714
centro de estudios mayas,1979,10,6,0,3,1,10,0.5,0.6666666666666666,0,0.3333333333333333,1,0.5
centro de estudios nucleares,1968,4,0,1,4,1,4,0.5,0,0,0.25,0,0.5
centro de estudios nucleares,1969,5,0,1,4,1,6,0.4,0,0,0.25,0,0.3333333333333333
centro de estudios nucleares,1970,6,0,1,4,1,8,0.3333333333333333,0,0,0.25,0,0.25
centro de estudios nucleares,1971,8,0,1,4,1,11,0.125,0,0,0.25,0,0.18181818181818182
centro de estudios nucleares,1972,9,0,1,4,1,13,0.1111111111111111,0,0,0.25,0,0.15384615384615385
centro de estudios nucleares,1973,11,0,1,4,1,16,0.2727272727272727,0,0,0.25,0,0.25
centro de estudios nucleares,1974,11,0,1,3,2,17,0.09090909090909091,0,0,0.3333333333333333,0.5,0.17647058823529413
centro de estudios nucleares,1975,13,0,1,4,2,19,0.15384615384615385,0,0,0.25,0.5,0.21052631578947367
centro de estudios nucleares,1976,14,0,1,3,2,19,0.21428571428571427,0,0,0,0.5,0.21052631578947367
centro de estudios nucleares,1977,15,0,1,3,3,18,0.26666666666666666,0,0,0,0.6666666666666666,0.3333333333333333
centro de estudios nucleares,1978,18,0,1,3,3,21,0.3333333333333333,0,0,0,0.6666666666666666,0.38095238095238093
centro de estudios nucleares,1979,20,0,1,3,2,22,0.3,0,0,0,0.5,0.3181818181818182
centro de informacion cientifica y humanistica,1974,1,0,0,0,10,10,0,0,0,0,0.4,0.4
centro de informacion cientifica y humanistica,1975,1,0,0,0,9,9,0,0,0,0,0.4444444444444444,0.4444444444444444
centro de informacion cientifica y humanistica,1976,1,0,0,0,5,5,0,0,0,0,1,1
centro de informacion cientifica y humanistica,1977,1,0,0,0,16,17,0,0,0,0,0.5,0.47058823529411764
centro de informacion cientifica y humanistica,1978,1,0,0,0,18,19,0,0,0,0,0.5,0.47368421052631576
centro de informacion cientifica y humanistica,1979,2,0,0,0,14,16,0,0,0,0,0.42857142857142855,0.375
centro de instrumentos,1973,1,1,0,0,3,1,0,0,0,0,0,0
centro de instrumentos,1974,1,1,0,0,3,3,0,0,0,0,0,0
centro de instrumentos,1975,1,1,0,0,3,3,0,0,0,0,0,0
centro de instrumentos,1976,1,1,0,0,7,8,0,0,0,0,0.14285714285714285,0.125
centro de instrumentos,1977,1,1,0,0,10,11,0,0,0,0,0.1,0.09090909090909091
centro de instrumentos,1978,1,1,0,0,11,12,0,0,0,0,0.09090909090909091,0.08333333333333333
centro de instrumentos,1979,1,1,0,0,22,23,0,0,0,0,0.09090909090909091,0.08695652173913043
centro de investigacion tuxtlas,1977,2,0,0,0,2,2,0,0,0,0,0,0
centro de investigacion tuxtlas,1978,2,0,0,0,2,2,0,0,0,0,0,0
centro de investigacion tuxtlas,1979,2,0,0,0,2,2,0,0,0,0,0,0
centro de investigaciones en arquitectura,1973,0,0,0,2,0,2,0,0,0,0,0,0
centro de linguistica hispanica,1975,5,0,0,2,2,9,0.6,0,0,0.5,0,0.4444444444444444
centro de linguistica hispanica,1976,4,0,0,1,2,5,1,0,0,1,0,1
centro de linguistica hispanica,1977,1,0,0,2,2,3,0,0,0,0.5,0,0.3333333333333333
centro de linguistica hispanica,1978,2,0,0,2,2,4,0.5,0,0,0.5,0,0.5
centro de linguistica hispanica,1979,3,0,0,2,2,5,0.6666666666666666,0,0,0.5,0,0.6
centro de servicios de computo,1974,2,0,0,0,1,2,0,0,0,0,0,0
centro de servicios de computo,1975,1,0,0,0,1,1,0,0,0,0,0,0
centro de servicios de computo,1976,1,0,0,0,1,1,0,0,0,0,0,0
centro de servicios de computo,1977,2,0,0,0,1,3,0,0,0,0,0,0
centro de servicios de computo,1978,3,0,0,0,1,4,0,0,0,0,0,0
centro de servicios de computo,1979,1,0,0,0,1,2,0,0,0,0,0,0
cuec,1976,0,0,0,6,0,6,0,0,0,0.6666666666666666,0,0.6666666666666666
cuec,1977,0,0,0,5,0,5,0,0,0,0.6,0,0.6
cuec,1978,0,0,0,4,0,4,0,0,0,0.5,0,0.5
cuec,1979,0,0,0,2,0,2,0,0,0,0.5,0,0.5
cuec,1980,0,0,0,1,0,1,0,0,0,0,0,0
enap,1977,1,0,0,0,0,1,0,0,0,0,0,0
enap,1978,2,0,0,0,0,2,0,0,0,0,0,0
enap,1979,1,0,0,0,0,1,0,0,0,0,0,0
enap,1980,1,0,0,0,0,1,0,0,0,0,0,0
enep acatlan,1977,2,2,0,0,3,2,0,0,0,0,0.3333333333333333,0
enep acatlan,1978,1,2,0,0,3,6,1,0,0,0,0.3333333333333333,0.3333333333333333
enep acatlan,1979,3,2,0,0,3,3,0.3333333333333333,0,0,0,0.3333333333333333,0.3333333333333333
enep acatlan,1980,1,1,0,0,3,5,1,0,0,0,0.3333333333333333,0.4
enep aragon,1976,1,0,0,0,0,1,1,0,0,0,0,1
enep cuautitlan,1977,1,0,0,0,1,1,0,0,0,0,0,0
enep cuautitlan,1978,2,0,0,0,1,2,0,0,0,0,0,0
enep cuautitlan,1979,3,0,0,0,1,4,0,0,0,0,0,0
enep cuautitlan,1980,3,0,0,0,1,4,0.6666666666666666,0,0,0,0,0.5
enep zaragoza,1977,0,0,0,0,7,7,0,0,0,0,0.2857142857142857,0.2857142857142857
enep zaragoza,1978,0,0,0,0,8,8,0,0,0,0,0.25,0.25
enep zaragoza,1979,0,0,0,0,8,8,0,0,0,0,0.25,0.25
enep zaragoza,1980,0,0,0,0,8,8,0,0,0,0,0.125,0.125
enp,1974,1,0,0,4,1,1,0,0,0,0.75,1,0
enp,1975,1,0,0,4,1,2,0,0,0,0.75,1,0.5
enp,1976,1,0,0,4,1,3,0,0,0,0.75,1,0.6666666666666666
enp,1977,2,0,0,4,1,5,0.5,0,0,0.75,1,0.6
enp,1978,2,0,0,4,1,6,0.5,0,0,0.75,1,0.6666666666666666
enp,1979,2,0,0,4,1,7,0.5,0,0,0.75,1,0.7142857142857143
escuela nacional de musica,1960,7,0,0,0,0,7,0,0,0,0,0,0
escuela nacional de musica,1962,1,0,0,0,0,1,0,0,0,0,0,0
escuela nacional de musica,1963,1,0,0,0,0,1,0,0,0,0,0,0
escuela nacional de musica,1964,1,0,0,0,0,1,0,0,0,0,0,0
escuela nacional de musica,1965,1,0,0,0,0,1,0,0,0,0,0,0
escuela nacional de musica,1966,1,0,0,0,0,1,0,0,0,0,0,0
escuela nacional de musica,1967,1,0,0,0,0,1,0,0,0,0,0,0
escuela nacional de musica,1968,1,0,0,0,0,1,0,0,0,0,0,0
escuela nacional de musica,1969,1,0,0,0,0,1,0,0,0,0,0,0
escuela nacional de musica,1970,1,0,0,0,0,1,0,0,0,0,0,0
escuela nacional de musica,1971,1,0,0,0,0,1,0,0,0,0,0,0
escuela nacional de musica,1972,1,0,0,0,0,1,0,0,0,0,0,0
escuela nacional de musica,1973,1,0,0,0,0,1,0,0,0,0,0,0
escuela nacional de musica,1974,1,0,0,0,0,1,0,0,0,0,0,0
escuela nacional de musica,1975,1,0,0,0,0,1,0,0,0,0,0,0
estacion de investigacion carmen,1973,1,0,0,0,0,1,1,0,0,0,0,1
estacion de investigacion chamela,1972,1,0,0,0,2,1,0,0,0,0,0,0
estacion de investigacion chamela,1973,1,0,0,0,2,1,0,0,0,0,0,0
estacion de investigacion chamela,1974,1,0,0,0,2,1,0,0,0,0,0,0
estacion de investigacion chamela,1975,1,0,0,0,2,1,0,0,0,0,0,0
estacion de investigacion chamela,1976,1,0,0,0,2,1,0,0,0,0,0,0
estacion de investigacion chamela,1977,1,0,0,0,2,3,0,0,0,0,0,0
estacion de investigacion chamela,1978,1,0,0,0,2,3,0,0,0,0,0,0
estacion de investigacion chamela,1979,2,0,0,0,2,2,0,0,0,0,0,0
facultad de arquitectura,1971,10,0,0,1,0,1,0.3,0,0,0,0,0
facultad de arquitectura,1972,10,0,0,2,0,5,0.3,0,0,0,0,0.2
facultad de arquitectura,1973,10,0,0,2,0,9,0.3,0,0,0,0,0.2222222222222222
facultad de arquitectura,1974,10,0,0,3,0,13,0.3,0,0,0,0,0.23076923076923078
facultad de arquitectura,1975,1,0,0,4,0,5,0,0,0,0,0,0
facultad de arquitectura,1976,1,0,0,3,0,3,0,0,0,0,0,0
facultad de arquitectura,1977,1,0,0,4,0,4,0,0,0,0.25,0,0.25
facultad de arquitectura,1978,1,0,0,4,0,4,0,0,0,0,0,0
facultad de arquitectura,1979,1,0,0,6,0,6,0,0,0,0.16666666666666666,0,0.16666666666666666
facultad de arquitectura,1980,1,0,0,5,0,6,0,0,0,0,0,0
facultad de ciencias,1960,1,1,1,1,2,1,0,1,0,0,0.5,0
facultad de ciencias,1962,1,1,1,1,2,1,0,1,0,0,0.5,0
facultad de ciencias,1963,1,1,1,1,2,1,0,1,0,0,0.5,0
facultad de ciencias,1964,1,1,1,1,2,1,0,1,0,0,0.5,0
facultad de ciencias,1965,1,1,1,1,2,1,0,1,0,0,0.5,0
facultad de ciencias,1966,2,1,1,1,2,2,0,1,0,0,0.5,0
facultad de ciencias,1967,2,1,1,1,2,2,0.5,1,0,0,0.5,0.5
facultad de ciencias,1968,2,1,1,1,2,2,0.5,1,0,0,0.5,0.5
facultad de ciencias,1969,2,1,1,1,2,2,0.5,1,0,0,0.5,0.5
facultad de ciencias,1970,1,1,1,1,2,2,0,1,0,0,0.5,0
facultad de ciencias,1971,1,1,1,1,2,2,0,1,0,0,0.5,0
facultad de ciencias,1972,1,1,1,1,2,2,0,1,0,0,0.5,0
facultad de ciencias,1973,2,1,1,1,2,3,0,1,0,0,0.5,0
facultad de ciencias,1974,3,1,1,1,2,4,0,1,0,0,0.5,0.5
facultad de ciencias,1975,4,3,1,1,1,9,0.25,0.3333333333333333,0,0,0,0.2222222222222222
facultad de ciencias,1976,6,5,1,1,1,12,0.16666666666666666,0,0,0,0,0.08333333333333333
facultad de ciencias,1977,3,1,1,1,1,5,0.3333333333333333,0,0,0,1,0.4
facultad de ciencias,1978,3,2,1,1,1,4,0.3333333333333333,0,0,0,0,0.25
facultad de ciencias,1979,8,2,1,1,2,10,0.25,0.5,0,0,0.5,0.3
facultad de ciencias,1980,1,2,1,1,2,3,0,0.5,0,0,1,0.6666666666666666
facultad de contaduria y administracion,1974,5,0,0,0,3,5,0,0,0,0,0,0
facultad de contaduria y administracion,1975,5,0,0,0,3,3,0,0,0,0,0,0
facultad de derecho,1973,0,0,0,1,0,1,0,0,0,0,0,0
facultad de derecho,1974,0,0,0,1,0,1,0,0,0,0,0,0
facultad de derecho,1975,0,0,0,1,0,1,0,0,0,0,0,0
facultad de derecho,1976,0,0,0,1,0,1,0,0,0,0,0,0
facultad de derecho,1977,0,0,0,2,0,2,0,0,0,0.5,0,0.5
facultad de derecho,1978,0,0,0,2,0,2,0,0,0,0,0,0
facultad de derecho,1979,0,0,0,1,0,1,0,0,0,0,0,0
facultad de economia,1960,31,3,0,1,0,31,0.06451612903225806,0.6666666666666666,0,0,0,0.06451612903225806
facultad de economia,1962,11,3,0,1,0,11,0.18181818181818182,0.6666666666666666,0,0,0,0.18181818181818182
facultad de economia,1963,9,3,0,1,0,9,0.2222222222222222,0.6666666666666666,0,0,0,0.2222222222222222
facultad de economia,1964,10,3,0,1,0,10,0.2,0.6666666666666666,0,0,0,0.2
facultad de economia,1965,8,3,0,1,0,8,0.25,0.6666666666666666,0,0,0,0.25
facultad de economia,1966,6,3,0,1,0,6,0.3333333333333333,0.6666666666666666,0,0,0,0.3333333333333333
facultad de economia,1967,6,3,0,1,0,7,0,0.6666666666666666,0,0,0,0
facultad de economia,1968,5,3,0,1,0,6,0,0.6666666666666666,0,0,0,0
facultad de economia,1969,5,3,0,1,0,6,0,0.6666666666666666,0,0,0,0.16666666666666666
facultad de economia,1970,4,3,0,1,0,5,0,0.6666666666666666,0,0,0,0.2
facultad de economia,1971,4,3,0,1,0,5,0,0.6666666666666666,0,0,0,0.2
facultad de economia,1972,3,3,0,1,0,4,0,0.6666666666666666,0,1,0,0.25
facultad de economia,1973,2,3,0,1,0,4,0,0.6666666666666666,0,1,0,0.5
facultad de economia,1974,2,3,0,1,0,3,0,0.6666666666666666,0,1,0,0.6666666666666666
facultad de economia,1975,1,1,0,1,0,3,0,1,0,1,0,0.6666666666666666
facultad de economia,1976,5,7,0,2,0,12,0.4,0.7142857142857143,0,1,0,0.5833333333333334
facultad de economia,1977,5,11,0,2,0,18,0.2,0.45454545454545453,0,1,0,0.4444444444444444
facultad de economia,1978,6,9,0,3,0,18,0.16666666666666666,0.3333333333333333,0,0.6666666666666666,0,0.3333333333333333
facultad de economia,1979,4,8,0,1,0,13,0,0.75,0,1,0,0.5384615384615384
facultad de economia,1980,4,12,0,1,0,17,0.25,0.6666666666666666,0,1,0,0.5882352941176471
facultad de ingenieria,1960,21,1,0,0,1,21,0,0,0,0,0,0
facultad de ingenieria,1962,19,1,0,0,1,19,0,0,0,0,0,0
facultad de ingenieria,1963,17,1,0,0,1,17,0,0,0,0,0,0
facultad de ingenieria,1964,16,1,0,0,1,16,0,0,0,0,0,0
facultad de ingenieria,1965,14,1,0,0,1,14,0,0,0,0,0,0
facultad de ingenieria,1966,12,1,0,0,1,12,0,0,0,0,0,0
facultad de ingenieria,1967,10,1,0,0,1,10,0,0,0,0,0,0
facultad de ingenieria,1968,8,1,0,0,1,8,0,0,0,0,0,0
facultad de ingenieria,1969,6,1,0,0,1,6,0,0,0,0,0,0
facultad de ingenieria,1970,5,1,0,0,1,5,0,0,0,0,0,0
facultad de ingenieria,1971,3,1,0,0,1,3,0,0,0,0,0,0
facultad de ingenieria,1972,1,1,0,0,1,1,0,0,0,0,0,0
facultad de ingenieria,1973,2,1,0,0,1,1,0,0,0,0,0,0
facultad de ingenieria,1974,3,1,0,0,1,1,0,0,0,0,0,0
facultad de ingenieria,1975,4,1,0,0,1,5,0,0,0,0,0,0
facultad de ingenieria,1976,3,1,0,0,1,4,0,0,0,0,0,0
facultad de ingenieria,1977,2,1,0,0,1,3,0,0,0,0,0,0
facultad de ingenieria,1978,2,1,0,0,1,4,0,0,0,0,0,0
facultad de ingenieria,1979,5,1,0,0,1,6,0.2,0,0,0,0,0.16666666666666666
facultad de ingenieria,1980,5,1,0,0,1,1,0.2,0,0,0,0,0
facultad de medicina,1960,10,9,1,1,1,10,0.3,0.5555555555555556,0,1,0,0.3
facultad de medicina,1962,10,9,1,1,1,10,0.3,0.5555555555555556,0,1,0,0.3
facultad de medicina,1963,9,9,1,1,1,9,0.2222222222222222,0.5555555555555556,0,1,0,0.2222222222222222
facultad de medicina,1964,9,9,1,1,1,9,0.2222222222222222,0.5555555555555556,0,1,0,0.2222222222222222
facultad de medicina,1965,9,9,1,1,1,9,0.2222222222222222,0.5555555555555556,0,1,0,0.2222222222222222
facultad de medicina,1966,8,9,1,1,1,8,0.25,0.5555555555555556,0,1,0,0.25
facultad de medicina,1967,8,9,1,1,1,8,0.125,0.5555555555555556,0,1,0,0.125
facultad de medicina,1968,7,9,1,1,1,7,0.14285714285714285,0.5555555555555556,0,1,0,0.14285714285714285
facultad de medicina,1969,7,9,1,1,1,7,0.14285714285714285,0.5555555555555556,0,1,0,0.14285714285714285
facultad de medicina,1970,7,9,1,1,1,7,0.14285714285714285,0.5555555555555556,0,1,0,0.14285714285714285
facultad de medicina,1971,6,9,1,1,1,6,0,0.5555555555555556,0,1,0,0
facultad de medicina,1972,6,9,1,1,1,6,0,0.5555555555555556,0,1,0,0
facultad de medicina,1973,6,9,1,1,1,7,0.3333333333333333,0.5555555555555556,0,1,0,0.42857142857142855
facultad de medicina,1974,1,9,1,1,1,11,0,0.5555555555555556,0,1,0,0.45454545454545453
facultad de medicina,1975,2,5,1,1,1,8,0,0.8,0,1,0,0.5
facultad de medicina,1976,1,5,1,1,1,7,1,0.8,0,1,1,0.8571428571428571
facultad de medicina,1977,5,7,1,1,2,14,0.8,0.5714285714285714,0,1,0.5,0.6428571428571429
facultad de medicina,1978,5,10,1,1,4,19,0.4,0.4,0,1,0.25,0.3684210526315789
facultad de medicina,1979,7,6,1,1,2,16,0.42857142857142855,0.6666666666666666,0,1,0.5,0.5625
facultad de medicina,1980,3,5,1,1,1,9,0,0.8,0,1,1,0.5555555555555556
facultad de psicologia,1974,1,19,1,7,24,52,1,0.5789473684210527,0,0.42857142857142855,0.2916666666666667,0.4230769230769231
facultad de psicologia,1975,5,22,1,4,21,52,0.2,0.5454545454545454,0,0.75,0.14285714285714285,0.36538461538461536
facultad de psicologia,1976,5,30,1,3,24,59,0.2,0.6,0,0.6666666666666666,0.3333333333333333,0.4576271186440678
facultad de psicologia,1977,6,18,1,2,19,45,0.16666666666666666,0.6666666666666666,0,0,0.3684210526315789,0.4444444444444444
facultad de psicologia,1978,6,15,1,3,15,39,0.16666666666666666,0.6666666666666666,0,0.3333333333333333,0.4,0.46153846153846156
facultad de psicologia,1979,8,26,1,3,2,39,0.125,0.6923076923076923,0,0.6666666666666666,0,0.5384615384615384
facultad de psicologia,1980,10,27,1,6,2,45,0.2,0.5185185185185185,0,0.5,0.5,0.4444444444444444
facultad de quimica,1974,1,5,0,0,2,8,1,0.2,0,0,1,0.5
facultad de quimica,1975,1,9,0,0,2,12,1,0.3333333333333333,0,0,1,0.5
facultad de quimica,1976,3,5,0,0,2,10,0.6666666666666666,0.4,0,0,0.5,0.5
facultad de quimica,1977,1,6,0,0,1,8,0,0.3333333333333333,0,0,1,0.375
facultad de quimica,1978,1,3,0,0,1,4,0,1,0,0,1,0.75
facultad de quimica,1979,3,7,0,0,1,10,0,0.14285714285714285,0,0,0,0.1
facultad de quimica,1980,3,3,0,0,1,4,0,0,0,0,0,0
fcpys,1972,1,35,0,1,2,2,0,0.45714285714285713,0,0,0.5,0
fcpys,1973,2,35,0,4,2,6,0.5,0.45714285714285713,0,0.25,0.5,0.3333333333333333
fcpys,1974,4,35,0,2,2,41,0.25,0.45714285714285713,0,0.5,0.5,0.43902439024390244
fcpys,1975,3,29,0,1,2,33,0.3333333333333333,0.4827586206896552,0,1,0.5,0.48484848484848486
fcpys,1976,3,20,0,1,2,24,0.3333333333333333,0.35,0,1,0.5,0.375
fcpys,1977,2,44,0,1,2,48,0.5,0.5681818181818182,0,0,0.5,0.5625
fcpys,1978,2,50,0,1,4,55,0,0.52,0,0,0.25,0.4909090909090909
fcpys,1979,1,54,0,1,4,55,0,0.5555555555555556,0,0,0.25,0.5454545454545454
fcpys,1980,1,55,0,1,4,56,0,0.5636363636363636,0,0,0.25,0.5535714285714286
ffyl,1972,1,2,0,1,1,1,0,0,0,0,0,0
ffyl,1973,1,2,0,1,1,1,0,0,0,0,0,0
ffyl,1974,1,2,0,1,1,2,0,0,0,0,0,0
ffyl,1975,1,2,0,1,1,2,1,0,0,0,0,0.5
ffyl,1976,1,2,0,1,1,3,1,0,0,1,0,0.3333333333333333
ffyl,1977,1,5,0,1,1,7,1,0.6,0,1,0,0.5714285714285714
ffyl,1978,2,3,0,1,1,4,0.5,0.6666666666666666,0,1,1,0.75
ffyl,1979,3,4,0,1,1,4,0.3333333333333333,0.5,0,1,1,0.5
ffyl,1980,3,4,0,1,1,5,0.3333333333333333,0.5,0,1,1,0.6
hemeroteca nacional,1976,0,2,0,0,2,4,0,0.5,0,0,0.5,0.5
hemeroteca nacional,1977,0,2,0,0,1,3,0,0.5,0,0,0,0.3333333333333333
hemeroteca nacional,1978,0,4,0,0,3,7,0,0.75,0,0,0.3333333333333333,0.5714285714285714
hemeroteca nacional,1979,0,4,0,0,3,4,0,0.75,0,0,0.3333333333333333,0.75
instituto de astronomia,1968,18,7,3,2,3,20,0.05555555555555555,0.14285714285714285,0,0.5,0,0.1
instituto de astronomia,1969,10,7,3,2,3,10,0,0.14285714285714285,0,0,0,0
instituto de astronomia,1970,12,7,3,1,3,13,0,0.14285714285714285,0,0,0,0
instituto de astronomia,1971,12,7,3,1,3,13,0,0.14285714285714285,0,0,0,0
instituto de astronomia,1972,12,7,3,3,3,15,0.08333333333333333,0.14285714285714285,0,0.3333333333333333,0,0.13333333333333333
instituto de astronomia,1973,17,7,3,2,3,22,0.11764705882352941,0.14285714285714285,0,0.5,0,0.13636363636363635
instituto de astronomia,1974,14,7,3,2,12,38,0.2857142857142857,0.14285714285714285,0,0,0.3333333333333333,0.23684210526315788
instituto de astronomia,1975,19,7,3,2,12,40,0.15789473684210525,0.14285714285714285,0,0,0.3333333333333333,0.2
instituto de astronomia,1976,23,8,3,2,17,50,0.17391304347826086,0.375,0,0,0.23529411764705882,0.22
instituto de astronomia,1977,22,7,3,1,19,49,0.22727272727272727,0.42857142857142855,0,0,0.21052631578947367,0.24489795918367346
instituto de astronomia,1978,20,4,3,1,16,41,0.25,0.5,0,0,0.25,0.2682926829268293
instituto de astronomia,1979,24,3,3,1,12,40,0.2916666666666667,0.6666666666666666,0,0,0.3333333333333333,0.325
instituto de astronomia,1980,32,3,3,1,16,51,0.21875,0,0,0,0.3125,0.23529411764705882
instituto de biologia,1960,13,2,9,1,2,15,0.46153846153846156,0.5,0.1111111111111111,0,0.5,0.4666666666666667
instituto de biologia,1962,13,2,9,1,2,13,0.3076923076923077,0.5,0.1111111111111111,0,0.5,0.3076923076923077
instituto de biologia,1963,14,2,9,1,2,15,0.42857142857142855,0.5,0.1111111111111111,0,0.5,0.4
instituto de biologia,1964,16,2,9,7,2,23,0.4375,0.5,0.1111111111111111,0.5714285714285714,0.5,0.4782608695652174
instituto de biologia,1965,15,2,9,6,2,21,0.4666666666666667,0.5,0.1111111111111111,0.5,0.5,0.47619047619047616
instituto de biologia,1966,11,2,9,6,2,17,0.45454545454545453,0.5,0.1111111111111111,0.5,0.5,0.47058823529411764
instituto de biologia,1967,20,2,9,7,2,27,0.3,0.5,0.1111111111111111,0.2857142857142857,0.5,0.2962962962962963
instituto de biologia,1968,39,2,9,4,2,43,0.358974358974359,0.5,0.1111111111111111,0.25,0.5,0.3488372093023256
instituto de biologia,1969,21,2,9,6,2,27,0.3333333333333333,0.5,0.1111111111111111,0.3333333333333333,0.5,0.3333333333333333
instituto de biologia,1970,23,2,9,4,2,23,0.17391304347826086,0.5,0.1111111111111111,0.25,0.5,0.17391304347826086
instituto de biologia,1971,28,2,9,3,2,28,0.14285714285714285,0.5,0.1111111111111111,0.3333333333333333,0.5,0.14285714285714285
instituto de biologia,1972,32,2,9,1,2,33,0.15625,0.5,0.1111111111111111,0,0.5,0.15151515151515152
instituto de biologia,1973,39,2,9,4,2,47,0.23076923076923078,0.5,0.1111111111111111,1,0.5,0.3191489361702128
instituto de biologia,1974,51,3,9,3,11,77,0.19607843137254902,0.3333333333333333,0.1111111111111111,0.6666666666666666,0.5454545454545454,0.2597402597402597
instituto de biologia,1975,44,1,9,2,12,59,0.18181818181818182,1,0.1111111111111111,1,0.5,0.288135593220339
instituto de biologia,1976,33,1,9,1,7,41,0.24242424242424243,0,0.1111111111111111,1,0.5714285714285714,0.3170731707317073
instituto de biologia,1977,38,1,9,2,21,62,0.3157894736842105,0,0.1111111111111111,1,0.38095238095238093,0.3548387096774194
instituto de biologia,1978,19,2,9,1,21,43,0.15789473684210525,0,0.1111111111111111,1,0.5714285714285714,0.37209302325581395
instituto de biologia,1979,68,3,9,1,9,81,0.3088235294117647,0.3333333333333333,0.1111111111111111,1,0.5555555555555556,0.345679012345679
instituto de biologia,1980,61,4,9,2,23,90,0.18032786885245902,0.25,0.1111111111111111,0,0.30434782608695654,0.2111111111111111
instituto de fisica,1960,13,4,8,10,1,17,0,0.5,0,0.2,0,0.11764705882352941
instituto de fisica,1962,16,4,8,10,1,16,0,0.5,0,0.2,0,0
instituto de fisica,1963,18,4,8,10,1,28,0,0.5,0,0.2,0,0.07142857142857142
instituto de fisica,1964,24,4,8,14,1,38,0,0.5,0,0.35714285714285715,0,0.13157894736842105
instituto de fisica,1965,28,4,8,9,1,37,0,0.5,0,0.2222222222222222,0,0.05405405405405406
instituto de fisica,1966,19,3,8,12,1,31,0.15789473684210525,0.3333333333333333,0,0.16666666666666666,0,0.16129032258064516
instituto de fisica,1967,29,3,8,9,1,38,0,0.3333333333333333,0,0.3333333333333333,0,0.07894736842105263
instituto de fisica,1968,59,3,8,12,1,71,0.03389830508474576,0.3333333333333333,0,0.25,0,0.07042253521126761
instituto de fisica,1969,30,3,8,9,1,39,0.03333333333333333,0.3333333333333333,0,0.1111111111111111,0,0.05128205128205128
instituto de fisica,1970,35,3,8,6,1,41,0.02857142857142857,0.3333333333333333,0,0.16666666666666666,0,0.04878048780487805
instituto de fisica,1971,28,3,8,5,1,33,0.03571428571428571,0.3333333333333333,0,0.4,0,0.09090909090909091
instituto de fisica,1972,42,3,8,5,1,47,0.07142857142857142,0.3333333333333333,0,0.2,0,0.0851063829787234
instituto de fisica,1973,41,3,8,6,1,47,0.07317073170731707,0.3333333333333333,0,0.16666666666666666,0,0.0851063829787234
instituto de fisica,1974,39,3,8,9,1,57,0,0.3333333333333333,0,0.2222222222222222,0,0.03508771929824561
instituto de fisica,1975,50,3,8,6,2,58,0.06,0.3333333333333333,0,0.3333333333333333,0,0.08620689655172414
instituto de fisica,1976,33,2,8,4,4,41,0.06060606060606061,0,0,0.25,0,0.07317073170731707
instituto de fisica,1977,37,2,8,3,5,45,0.10810810810810811,0,0,0.6666666666666666,0,0.13333333333333333
instituto de fisica,1978,39,2,8,3,6,48,0.07692307692307693,0,0,0.3333333333333333,0.16666666666666666,0.10416666666666667
instituto de fisica,1979,68,2,8,1,8,77,0.07352941176470588,0,0,0,0.125,0.07792207792207792
instituto de fisica,1980,81,2,8,2,9,94,0.1111111111111111,0,0,0.5,0.1111111111111111,0.11702127659574468
instituto de geofisica,1960,3,17,4,2,7,20,0,0.5882352941176471,0.25,0,0.2857142857142857,0.5
instituto de geofisica,1962,6,16,4,2,7,6,0.16666666666666666,0.5625,0.25,0,0.2857142857142857,0.16666666666666666
instituto de geofisica,1963,10,16,4,2,7,12,0.1,0.5,0.25,0,0.2857142857142857,0.08333333333333333
instituto de geofisica,1964,16,15,4,2,7,18,0.125,0.5333333333333333,0.25,0,0.2857142857142857,0.1111111111111111
instituto de geofisica,1965,18,15,4,3,7,21,0.1111111111111111,0.4666666666666667,0.25,0,0.2857142857142857,0.09523809523809523
instituto de geofisica,1966,15,14,4,4,7,19,0.06666666666666667,0.42857142857142855,0.25,0,0.2857142857142857,0.05263157894736842
instituto de geofisica,1967,16,13,4,4,7,16,0.125,0.38461538461538464,0.25,0,0.2857142857142857,0.125
instituto de geofisica,1968,31,13,4,3,7,31,0.12903225806451613,0.38461538461538464,0.25,0,0.2857142857142857,0.12903225806451613
instituto de geofisica,1969,15,12,4,3,7,15,0.13333333333333333,0.3333333333333333,0.25,0,0.2857142857142857,0.13333333333333333
instituto de geofisica,1970,16,11,4,3,7,16,0.1875,0.2727272727272727,0.25,0.3333333333333333,0.2857142857142857,0.1875
instituto de geofisica,1971,18,11,4,3,7,18,0.16666666666666666,0.18181818181818182,0.25,0.3333333333333333,0.2857142857142857,0.16666666666666666
instituto de geofisica,1972,25,10,4,2,7,25,0.2,0.2,0.25,0.5,0.2857142857142857,0.2
instituto de geofisica,1973,28,10,4,2,7,30,0.17857142857142858,0.1,0.25,0.5,0.2857142857142857,0.2
instituto de geofisica,1974,29,9,4,2,7,51,0.20689655172413793,0,0.25,0,0.2857142857142857,0.17647058823529413
instituto de geofisica,1975,33,9,4,2,7,51,0.24242424242424243,0,0.25,0,0.14285714285714285,0.17647058823529413
instituto de geofisica,1976,26,15,4,2,6,49,0.23076923076923078,0.06666666666666667,0.25,0,0.16666666666666666,0.16326530612244897
instituto de geofisica,1977,45,10,4,3,28,86,0.2222222222222222,0.1,0.25,0.3333333333333333,0.10714285714285714,0.1744186046511628
instituto de geofisica,1978,42,12,4,3,28,85,0.16666666666666666,0.08333333333333333,0.25,0.3333333333333333,0.07142857142857142,0.12941176470588237
instituto de geofisica,1979,34,6,4,1,17,58,0.23529411764705882,0,0.25,0,0,0.13793103448275862
instituto de geofisica,1980,33,1,4,1,18,52,0.09090909090909091,0,0.25,0,0,0.057692307692307696
instituto de geografia,1960,3,3,2,2,5,6,1,0.6666666666666666,0,1,0.2,0.8333333333333334
instituto de geografia,1962,4,4,2,2,5,4,0.5,0.5,0,1,0.2,0.5
instituto de geografia,1963,4,4,2,2,5,6,1,0.75,0,1,0.2,1
instituto de geografia,1964,6,5,2,2,5,8,0.8333333333333334,0.6,0,1,0.2,0.875
instituto de geografia,1965,6,6,2,3,5,9,1,0.5,0,1,0.2,1
instituto de geografia,1966,15,6,2,3,5,18,0.06666666666666667,0.6666666666666666,0,1,0.2,0.2222222222222222
instituto de geografia,1967,7,7,2,3,5,10,0.7142857142857143,0.5714285714285714,0,1,0.2,0.8
instituto de geografia,1968,11,8,2,2,5,13,0.7272727272727273,0.5,0,1,0.2,0.7692307692307693
instituto de geografia,1969,7,9,2,6,5,13,0.7142857142857143,0.4444444444444444,0,0.3333333333333333,0.2,0.5384615384615384
instituto de geografia,1970,9,9,2,2,5,11,0.6666666666666666,0.5555555555555556,0,0.5,0.2,0.6363636363636364
instituto de geografia,1971,9,10,2,1,5,10,0.6666666666666666,0.5,0,0,0.2,0.6
instituto de geografia,1972,9,11,2,3,5,12,0.3333333333333333,0.45454545454545453,0,0.6666666666666666,0.2,0.4166666666666667
instituto de geografia,1973,17,11,2,2,5,17,0.6470588235294118,0.5454545454545454,0,1,0.2,0.6470588235294118
instituto de geografia,1974,20,12,2,2,5,34,0.4,0.5,0,1,0.2,0.4117647058823529
instituto de geografia,1975,19,12,2,2,5,31,0.5263157894736842,0.6666666666666666,0,0.5,0.2,0.5806451612903226
instituto de geografia,1976,22,8,2,1,5,31,0.5454545454545454,0.625,0,1,0.2,0.5806451612903226
instituto de geografia,1977,23,15,2,1,5,39,0.5652173913043478,0.5333333333333333,0,1,0.2,0.5641025641025641
instituto de geografia,1978,27,15,2,1,5,43,0.6296296296296297,0.6,0,1,0.2,0.627906976744186
instituto de geografia,1979,36,7,2,1,5,49,0.6111111111111112,0.8571428571428571,0,1,0.2,0.6122448979591837
instituto de geografia,1980,40,13,2,3,1,57,0.4,0.46153846153846156,0,1,0,0.43859649122807015
instituto de geologia,1960,7,11,3,17,2,18,0.2857142857142857,0.2727272727272727,0,0.17647058823529413,0.5,0.2777777777777778
instituto de geologia,1962,10,11,3,17,2,10,0,0.2727272727272727,0,0.17647058823529413,0.5,0
instituto de geologia,1963,9,10,3,17,2,26,0.1111111111111111,0.3,0,0.17647058823529413,0.5,0.15384615384615385
instituto de geologia,1964,15,10,3,11,2,26,0.13333333333333333,0.2,0,0.18181818181818182,0.5,0.15384615384615385
instituto de geologia,1965,16,9,3,9,2,25,0.1875,0.2222222222222222,0,0,0.5,0.12
instituto de geologia,1966,12,9,3,10,2,22,0.4166666666666667,0.2222222222222222,0,0.1,0.5,0.2727272727272727
instituto de geologia,1967,15,8,3,7,2,22,0.2,0.25,0,0.14285714285714285,0.5,0.18181818181818182
instituto de geologia,1968,33,8,3,8,2,41,0.18181818181818182,0.125,0,0.125,0.5,0.17073170731707318
instituto de geologia,1969,14,7,3,5,2,19,0.2857142857142857,0.14285714285714285,0,0.2,0.5,0.2631578947368421
instituto de geologia,1970,17,7,3,5,2,22,0.23529411764705882,0.14285714285714285,0,0,0.5,0.18181818181818182
instituto de geologia,1971,14,6,3,6,2,20,0.2857142857142857,0.16666666666666666,0,0,0.5,0.2
instituto de geologia,1972,28,6,3,8,2,36,0.21428571428571427,0,0,0.125,0.5,0.19444444444444445
instituto de geologia,1973,32,5,3,6,2,38,0.1875,0,0,0.16666666666666666,0.5,0.18421052631578946
instituto de geologia,1974,30,5,3,5,2,45,0.23333333333333334,0,0,0.4,0.5,0.2222222222222222
instituto de geologia,1975,34,2,3,5,4,45,0.23529411764705882,0,0,0.4,0.25,0.24444444444444444
instituto de geologia,1976,40,2,3,5,5,52,0.225,1,0,0.4,0.2,0.2692307692307692
instituto de geologia,1977,31,4,3,5,5,45,0.22580645161290322,1,0,0.6,0.2,0.3333333333333333
instituto de geologia,1978,31,5,3,4,6,46,0.25806451612903225,1,0,0.5,0.3333333333333333,0.3695652173913043
instituto de geologia,1979,48,5,3,5,5,63,0.16666666666666666,1,0,0.4,0.2,0.25396825396825395
instituto de geologia,1980,51,4,3,4,12,71,0.19607843137254902,1,0,0,0.3333333333333333,0.2535211267605634
instituto de ingenieria,1974,8,17,0,1,2,17,0.125,0.11764705882352941,0,0,0,0.11764705882352941
instituto de ingenieria,1975,8,16,0,1,2,25,0.125,0.0625,0,0,0,0.08
instituto de ingenieria,1976,28,14,0,5,2,47,0,0.07142857142857142,0,0,0,0.02127659574468085
instituto de ingenieria,1977,35,24,0,7,2,68,0.05714285714285714,0.16666666666666666,0,0.2857142857142857,0,0.11764705882352941
instituto de ingenieria,1978,47,26,0,9,2,84,0.02127659574468085,0.15384615384615385,0,0,0,0.05952380952380952
instituto de ingenieria,1979,73,14,0,10,8,97,0.0136986301369863,0.21428571428571427,0,0.2,0,0.061855670103092786
instituto de ingenieria,1980,81,11,0,10,13,115,0.024691358024691357,0.2727272727272727,0,0,0.07692307692307693,0.05217391304347826
instituto de investigaciones antropologicas,1967,1,4,1,3,1,5,0,0.75,0,0,1,0
instituto de investigaciones antropologicas,1968,2,4,1,2,1,5,0,0.75,0,0,1,0
instituto de investigaciones antropologicas,1969,4,4,1,2,1,6,0,0.75,0,0,1,0
instituto de investigaciones antropologicas,1970,5,4,1,1,1,8,0.2,0.75,0,0,1,0.125
instituto de investigaciones antropologicas,1971,7,4,1,1,1,9,0.14285714285714285,0.75,0,0,1,0.1111111111111111
instituto de investigaciones antropologicas,1972,6,4,1,1,1,8,0.16666666666666666,0.75,0,0,1,0.125
instituto de investigaciones antropologicas,1973,6,4,1,1,1,8,0.16666666666666666,0.75,0,0,1,0.125
instituto de investigaciones antropologicas,1974,7,4,1,1,1,7,0.14285714285714285,0.75,0,0,1,0.14285714285714285
instituto de investigaciones antropologicas,1975,11,4,1,1,1,15,0.36363636363636365,0.75,0,0,1,0.4666666666666667
instituto de investigaciones antropologicas,1976,19,9,1,1,1,28,0.5263157894736842,0.8888888888888888,0,0,1,0.6428571428571429
instituto de investigaciones antropologicas,1977,18,13,1,1,1,32,0.5,0.7692307692307693,0,0,1,0.625
instituto de investigaciones antropologicas,1978,15,16,1,1,2,33,0.4666666666666667,0.625,0,0,0.5,0.5454545454545454
instituto de investigaciones antropologicas,1979,22,13,1,1,1,36,0.36363636363636365,0.6153846153846154,0,0,1,0.4722222222222222
instituto de investigaciones antropologicas,1980,24,10,1,1,2,36,0.4583333333333333,0.5,0,0,0.5,0.4722222222222222
instituto de investigaciones bibliograficas,1970,4,6,0,8,4,12,0.25,0.5,0,0.375,0.75,0.3333333333333333
instituto de investigaciones bibliograficas,1971,5,6,0,8,4,14,0.4,0.5,0,0.375,0.75,0.35714285714285715
instituto de investigaciones bibliograficas,1972,6,6,0,7,4,15,0.3333333333333333,0.5,0,0.42857142857142855,0.75,0.4
instituto de investigaciones bibliograficas,1973,6,6,0,7,4,16,0.3333333333333333,0.5,0,0.2857142857142857,0.75,0.4375
instituto de investigaciones bibliograficas,1974,7,6,0,7,4,18,0.42857142857142855,0.5,0,0.2857142857142857,0.75,0.4444444444444444
instituto de investigaciones bibliograficas,1975,8,6,0,7,4,20,0.5,0.5,0,0.2857142857142857,0.75,0.4
instituto de investigaciones bibliograficas,1976,9,6,0,6,4,21,0.4444444444444444,0.5,0,0.3333333333333333,0.75,0.42857142857142855
instituto de investigaciones bibliograficas,1977,10,6,0,6,4,22,0.4,0.5,0,0.3333333333333333,0.75,0.45454545454545453
instituto de investigaciones bibliograficas,1978,10,6,0,6,4,24,0.5,0.5,0,0.16666666666666666,0.75,0.4583333333333333
instituto de investigaciones bibliograficas,1979,11,6,0,5,4,26,0.5454545454545454,0.5,0,0.2,0.75,0.46153846153846156
instituto de investigaciones bibliograficas,1980,12,6,0,5,4,27,0.5,0.5,0,0.2,0.75,0.48148148148148145
instituto de investigaciones biomedicas,1960,9,0,6,6,2,9,0.1111111111111111,0,0,0.3333333333333333,1,0.1111111111111111
instituto de investigaciones biomedicas,1962,14,0,6,6,2,14,0.21428571428571427,0,0,0.3333333333333333,1,0.21428571428571427
instituto de investigaciones biomedicas,1963,14,0,6,6,2,20,0.21428571428571427,0,0,0.3333333333333333,1,0.25
instituto de investigaciones biomedicas,1964,14,0,6,20,2,34,0.14285714285714285,0,0,0.3,1,0.23529411764705882
instituto de investigaciones biomedicas,1965,14,0,6,17,2,31,0.2857142857142857,0,0,0.35294117647058826,1,0.3225806451612903
instituto de investigaciones biomedicas,1966,15,0,6,15,2,30,0.13333333333333333,0,0,0.4,1,0.26666666666666666
instituto de investigaciones biomedicas,1967,25,0,6,9,2,34,0.2,0,0,0.4444444444444444,1,0.2647058823529412
instituto de investigaciones biomedicas,1968,46,0,6,8,2,54,0.17391304347826086,0,0,0.375,1,0.2037037037037037
instituto de investigaciones biomedicas,1969,28,0,6,7,2,35,0.17857142857142858,0,0,0.42857142857142855,1,0.22857142857142856
instituto de investigaciones biomedicas,1970,30,0,6,6,2,36,0.2,0,0,0.5,1,0.25
instituto de investigaciones biomedicas,1971,30,0,6,7,2,37,0.2,0,0,0.5714285714285714,1,0.2702702702702703
instituto de investigaciones biomedicas,1972,35,0,6,6,2,41,0.6857142857142857,0,0,0.6666666666666666,1,0.6829268292682927
instituto de investigaciones biomedicas,1973,37,0,6,7,2,46,0.1891891891891892,0,0,0.42857142857142855,1,0.2608695652173913
instituto de investigaciones biomedicas,1974,28,0,6,7,13,54,0.2857142857142857,0,0,0.2857142857142857,0.5384615384615384,0.3148148148148148
instituto de investigaciones biomedicas,1975,36,0,1,6,10,53,0.3055555555555556,0,0,0.5,0.5,0.3584905660377358
instituto de investigaciones biomedicas,1976,35,0,1,7,11,54,0.3142857142857143,0,0,0.42857142857142855,0.45454545454545453,0.35185185185185186
instituto de investigaciones biomedicas,1977,42,0,1,3,16,62,0.21428571428571427,0,0,0.3333333333333333,0.75,0.3548387096774194
instituto de investigaciones biomedicas,1978,37,0,1,3,21,62,0.24324324324324326,0,0,0.3333333333333333,0.5714285714285714,0.3548387096774194
instituto de investigaciones biomedicas,1979,46,0,1,2,19,68,0.21739130434782608,0,0,0.5,0.631578947368421,0.3382352941176471
instituto de investigaciones biomedicas,1980,61,0,1,4,30,95,0.26229508196721313,0,0,0.5,0.6,0.37894736842105264
instituto de investigaciones economicas,1968,9,12,0,1,11,9,0.2222222222222222,0.3333333333333333,0,0,0.18181818181818182,0.2222222222222222
instituto de investigaciones economicas,1969,7,12,0,1,11,8,0,0.3333333333333333,0,0,0.18181818181818182,0
instituto de investigaciones economicas,1970,9,12,0,5,11,14,0.2222222222222222,0.3333333333333333,0,0.2,0.18181818181818182,0.21428571428571427
instituto de investigaciones economicas,1971,9,12,0,2,11,11,0.2222222222222222,0.3333333333333333,0,0,0.18181818181818182,0.18181818181818182
instituto de investigaciones economicas,1972,11,12,0,2,11,13,0.09090909090909091,0.3333333333333333,0,0,0.18181818181818182,0.07692307692307693
instituto de investigaciones economicas,1973,21,12,0,2,11,33,0.19047619047619047,0.3333333333333333,0,0,0.18181818181818182,0.24242424242424243
instituto de investigaciones economicas,1974,28,8,0,2,11,47,0.25,0.5,0,0,0.18181818181818182,0.2765957446808511
instituto de investigaciones economicas,1975,29,9,0,2,14,52,0.2413793103448276,0.4444444444444444,0,0,0.14285714285714285,0.25
instituto de investigaciones economicas,1976,27,9,0,2,12,50,0.2962962962962963,0.6666666666666666,0,0,0.16666666666666666,0.32
instituto de investigaciones economicas,1977,24,10,0,1,14,49,0.3333333333333333,0.6,0,0,0.21428571428571427,0.3469387755102041
instituto de investigaciones economicas,1978,24,9,0,1,14,48,0.3333333333333333,0.4444444444444444,0,0,0.21428571428571427,0.3125
instituto de investigaciones economicas,1979,36,9,0,1,10,56,0.2777777777777778,0.3333333333333333,0,0,0.3,0.2857142857142857
instituto de investigaciones economicas,1980,42,11,0,1,11,64,0.30952380952380953,0.5454545454545454,0,0,0.2727272727272727,0.34375
instituto de investigaciones en matematicas aplicadas y sistemas,1967,1,2,6,1,2,1,0,0,0.3333333333333333,0,1,0
instituto de investigaciones en matematicas aplicadas y sistemas,1968,2,2,6,1,2,2,0,0,0.3333333333333333,0,1,0
instituto de investigaciones en matematicas aplicadas y sistemas,1969,3,2,6,1,2,3,0,0,0.3333333333333333,0,1,0
instituto de investigaciones en matematicas aplicadas y sistemas,1970,4,2,6,1,2,4,0,0,0.3333333333333333,0,1,0
instituto de investigaciones en matematicas aplicadas y sistemas,1971,5,2,6,1,2,5,0,0,0.3333333333333333,0,1,0
instituto de investigaciones en matematicas aplicadas y sistemas,1972,6,2,6,1,2,6,0,0,0.3333333333333333,0,1,0
instituto de investigaciones en matematicas aplicadas y sistemas,1973,16,2,6,1,2,19,0.125,0,0.3333333333333333,0,1,0.21052631578947367
instituto de investigaciones en matematicas aplicadas y sistemas,1974,18,2,6,3,3,32,0,0,0.3333333333333333,1,0,0.15625
instituto de investigaciones en matematicas aplicadas y sistemas,1975,27,5,6,3,2,34,0.14814814814814814,0,0.3333333333333333,1,0,0.11764705882352941
instituto de investigaciones en matematicas aplicadas y sistemas,1976,31,2,6,3,9,42,0.3225806451612903,0.5,0.3333333333333333,1,0,0.2619047619047619
instituto de investigaciones en matematicas aplicadas y sistemas,1977,32,6,6,3,12,50,0.21875,0.5,0.3333333333333333,1,0,0.2
instituto de investigaciones en matematicas aplicadas y sistemas,1978,36,6,6,3,14,56,0.1388888888888889,0.3333333333333333,0.3333333333333333,1,0,0.125
instituto de investigaciones en matematicas aplicadas y sistemas,1979,47,7,6,3,13,54,0.1702127659574468,0.42857142857142855,0.3333333333333333,1,0,0.2037037037037037
instituto de investigaciones en matematicas aplicadas y sistemas,1980,58,6,6,3,12,76,0.08620689655172414,0.5,0.3333333333333333,1,0.08333333333333333,0.11842105263157894
instituto de investigaciones en materiales,1971,1,4,3,2,1,3,0,0,0,0,0,0
instituto de investigaciones en materiales,1972,11,4,3,1,1,12,0,0,0,0,0,0
instituto de investigaciones en materiales,1973,19,4,3,3,1,23,0,0,0,0,0,0
instituto de investigaciones en materiales,1974,18,4,3,1,6,32,0.1111111111111111,0,0,0,0.16666666666666666,0.09375
instituto de investigaciones en materiales,1975,22,6,3,3,6,31,0.045454545454545456,0,0,0,0.16666666666666666,0.06451612903225806
instituto de investigaciones en materiales,1976,17,7,3,3,5,32,0.058823529411764705,0.14285714285714285,0,0,0.2,0.09375
instituto de investigaciones en materiales,1977,20,6,3,1,10,37,0.05,0.16666666666666666,0,0,0.1,0.08108108108108109
instituto de investigaciones en materiales,1978,23,3,3,1,10,37,0.08695652173913043,0,0,0,0.1,0.08108108108108109
instituto de investigaciones en materiales,1979,47,3,3,1,12,63,0.0425531914893617,0.3333333333333333,0,0,0.08333333333333333,0.06349206349206349
instituto de investigaciones en materiales,1980,52,1,3,1,16,69,0.11538461538461539,0,0,0,0.0625,0.10144927536231885
instituto de investigaciones esteticas,1960,3,2,0,9,4,3,0,1,0,0.3333333333333333,0,0
instituto de investigaciones esteticas,1962,3,2,0,9,4,3,0,1,0,0.3333333333333333,0,0
instituto de investigaciones esteticas,1963,3,2,0,9,4,12,0,1,0,0.3333333333333333,0,0.25
instituto de investigaciones esteticas,1964,1,2,0,13,4,14,0,1,0,0.38461538461538464,0,0.35714285714285715
instituto de investigaciones esteticas,1965,2,2,0,10,4,10,0,1,0,0.4,0,0.4
instituto de investigaciones esteticas,1966,2,2,0,10,4,12,0,1,0,0.4,0,0.3333333333333333
instituto de investigaciones esteticas,1967,2,2,0,8,4,11,0,1,0,0.5,0,0.36363636363636365
instituto de investigaciones esteticas,1968,3,2,0,7,4,10,0.3333333333333333,1,0,0.42857142857142855,0,0.4
instituto de investigaciones esteticas,1969,3,2,0,8,4,11,0.3333333333333333,1,0,0.375,0,0.36363636363636365
instituto de investigaciones esteticas,1970,2,2,0,9,4,11,0.5,1,0,0.4444444444444444,0,0.45454545454545453
instituto de investigaciones esteticas,1971,6,2,0,4,4,10,0.6666666666666666,1,0,0.25,0,0.5
instituto de investigaciones esteticas,1972,9,2,0,4,4,9,0.5555555555555556,1,0,0,0,0.5555555555555556
instituto de investigaciones esteticas,1973,6,2,0,3,4,13,0.8333333333333334,1,0,0,0,0.38461538461538464
instituto de investigaciones esteticas,1974,7,2,0,3,2,14,0.7142857142857143,1,0,0.3333333333333333,0.5,0.6428571428571429
instituto de investigaciones esteticas,1975,7,2,0,5,2,16,0.7142857142857143,1,0,0.6,0.5,0.6875
instituto de investigaciones esteticas,1976,6,2,0,4,2,14,1,1,0,0.5,0,0.7142857142857143
instituto de investigaciones esteticas,1977,6,3,0,4,3,16,0.5,1,0,0,0.3333333333333333,0.4375
instituto de investigaciones esteticas,1978,9,4,0,5,4,22,0.4444444444444444,0.75,0,0,0.25,0.36363636363636365
instituto de investigaciones esteticas,1979,17,4,0,6,6,33,0.5294117647058824,0.5,0,0,0.3333333333333333,0.3939393939393939
instituto de investigaciones esteticas,1980,20,2,0,5,10,37,0.5,1,0,0,0.6,0.4864864864864865
instituto de investigaciones filologicas,1974,5,2,1,1,2,4,0,0.5,1,1,0,0.25
instituto de investigaciones filologicas,1975,5,4,1,1,3,7,0,1,1,1,0.3333333333333333,0.7142857142857143
instituto de investigaciones filologicas,1976,5,4,1,1,4,9,0,0.75,1,1,0.5,0.2222222222222222
instituto de investigaciones filologicas,1977,2,4,1,1,1,3,0.5,0.75,1,1,0,0.3333333333333333
instituto de investigaciones filologicas,1978,2,3,1,1,1,3,0.5,0.6666666666666666,1,1,0,0.3333333333333333
instituto de investigaciones filologicas,1979,4,3,1,1,4,5,0.25,0.6666666666666666,1,1,0.5,0.4
instituto de investigaciones filologicas,1980,39,3,1,9,7,59,0.358974358974359,0.3333333333333333,1,0.4444444444444444,0.7142857142857143,0.423728813559322
instituto de investigaciones filosoficas,1960,8,0,1,1,2,8,0,0,0,0,0.5,0
instituto de investigaciones filosoficas,1962,6,0,1,1,2,6,0,0,0,0,0.5,0
instituto de investigaciones filosoficas,1963,5,0,1,1,2,5,0,0,0,0,0.5,0
instituto de investigaciones filosoficas,1964,8,0,1,1,2,8,0,0,0,0,0.5,0
instituto de investigaciones filosoficas,1965,7,0,1,1,2,8,0,0,0,0,0.5,0
instituto de investigaciones filosoficas,1966,19,0,1,1,2,19,0.3157894736842105,0,0,0,0.5,0.3157894736842105
instituto de investigaciones filosoficas,1967,8,0,1,1,2,9,0,0,0,0,0.5,0
instituto de investigaciones filosoficas,1968,7,0,1,1,2,7,0,0,0,0,0.5,0
instituto de investigaciones filosoficas,1969,5,0,1,1,2,5,0,0,0,0,0.5,0
instituto de investigaciones filosoficas,1970,5,0,1,1,2,5,0.2,0,0,1,0.5,0.2
instituto de investigaciones filosoficas,1971,4,0,1,1,2,4,0.25,0,0,1,0.5,0.25
instituto de investigaciones filosoficas,1972,6,0,1,1,2,8,0,0,0,1,0.5,0.125
instituto de investigaciones filosoficas,1973,8,0,1,1,2,11,0,0,0,0,0.5,0.09090909090909091
instituto de investigaciones filosoficas,1974,5,0,1,1,1,8,0,0,0,0,1,0.125
instituto de investigaciones filosoficas,1975,7,0,1,2,2,12,0,0,0,0,0.5,0.08333333333333333
instituto de investigaciones filosoficas,1976,9,0,1,1,1,12,0,0,0,0,0,0
instituto de investigaciones filosoficas,1977,8,0,1,1,2,12,0.125,0,0,0,1,0.25
instituto de investigaciones filosoficas,1978,8,0,1,2,2,12,0,0,0,0.5,1,0.25
instituto de investigaciones filosoficas,1979,8,0,1,1,4,13,0,0,0,0,0.25,0.07692307692307693
instituto de investigaciones filosoficas,1980,14,0,1,2,3,19,0.35714285714285715,0,0,0,0.6666666666666666,0.3684210526315789
instituto de investigaciones historicas,1960,10,2,1,15,2,12,0.1,0.5,0,0.3333333333333333,1,0.16666666666666666
instituto de investigaciones historicas,1962,9,2,1,15,2,9,0.1111111111111111,0.5,0,0.3333333333333333,1,0.1111111111111111
instituto de investigaciones historicas,1963,9,2,1,15,2,9,0.2222222222222222,0.5,0,0.3333333333333333,1,0.2222222222222222
instituto de investigaciones historicas,1964,8,2,1,15,2,23,0.125,0.5,0,0.3333333333333333,1,0.2608695652173913
instituto de investigaciones historicas,1965,9,2,1,17,2,26,0.2222222222222222,0.5,0,0.29411764705882354,1,0.2692307692307692
instituto de investigaciones historicas,1966,8,2,1,18,2,26,0.25,0.5,0,0.3333333333333333,1,0.3076923076923077
instituto de investigaciones historicas,1967,9,2,1,8,2,17,0.2222222222222222,0.5,0,0.25,1,0.23529411764705882
instituto de investigaciones historicas,1968,7,2,1,7,2,14,0.2857142857142857,0.5,0,0.42857142857142855,1,0.35714285714285715
instituto de investigaciones historicas,1969,9,2,1,8,2,18,0.2222222222222222,0.5,0,0.375,1,0.2777777777777778
instituto de investigaciones historicas,1970,10,2,1,8,2,19,0.3,0.5,0,0.625,1,0.42105263157894735
instituto de investigaciones historicas,1971,5,2,1,6,2,11,0.4,0.5,0,0.8333333333333334,1,0.6363636363636364
instituto de investigaciones historicas,1972,5,2,1,5,2,10,0.4,0.5,0,0.6,1,0.5
instituto de investigaciones historicas,1973,14,2,1,2,2,19,0.21428571428571427,0.5,0,0,1,0.2631578947368421
instituto de investigaciones historicas,1974,8,2,1,6,3,17,0.5,0.5,0,0.6666666666666666,1,0.6470588235294118
instituto de investigaciones historicas,1975,7,2,1,4,3,14,0.2857142857142857,0.5,0,0.5,1,0.5
instituto de investigaciones historicas,1976,9,2,1,7,3,19,0.5555555555555556,0.5,0,0.5714285714285714,1,0.631578947368421
instituto de investigaciones historicas,1977,9,2,1,5,3,17,0.5555555555555556,0.5,0,0.6,1,0.6470588235294118
instituto de investigaciones historicas,1978,5,2,1,5,2,12,0.6,0.5,0,0.6,1,0.6666666666666666
instituto de investigaciones historicas,1979,12,2,1,5,1,18,0.25,0.5,0,0.4,1,0.3333333333333333
instituto de investigaciones historicas,1980,12,2,1,6,5,23,0.16666666666666666,0.5,0,0.6666666666666666,0.2,0.30434782608695654
instituto de investigaciones juridicas,1960,5,4,1,2,2,9,0.2,0.75,0,0,1,0.4444444444444444
instituto de investigaciones juridicas,1962,7,5,1,2,2,7,0.14285714285714285,0.8,0,0,1,0.14285714285714285
instituto de investigaciones juridicas,1963,4,5,1,2,2,4,0.25,0.8,0,0,1,0.25
instituto de investigaciones juridicas,1964,4,6,1,2,2,4,0,0.8333333333333334,0,0,1,0
instituto de investigaciones juridicas,1965,5,7,1,2,2,5,0,0.8571428571428571,0,0,1,0
instituto de investigaciones juridicas,1966,4,8,1,2,2,6,0,0.75,0,0,1,0
instituto de investigaciones juridicas,1967,5,8,1,1,2,6,0.2,0.875,0,0,1,0.16666666666666666
instituto de investigaciones juridicas,1968,4,9,1,2,2,7,0.25,0.8888888888888888,0,0,1,0.14285714285714285
instituto de investigaciones juridicas,1969,4,10,1,3,2,8,0.25,0.8,0,0.3333333333333333,1,0.25
instituto de investigaciones juridicas,1970,4,10,1,2,2,7,0.25,0.9,0,0,1,0.14285714285714285
instituto de investigaciones juridicas,1971,5,11,1,2,2,6,0.2,0.8181818181818182,0,0,1,0.16666666666666666
instituto de investigaciones juridicas,1972,9,12,1,2,2,12,0,0.8333333333333334,0,0,1,0
instituto de investigaciones juridicas,1973,13,13,1,2,2,16,0.15384615384615385,0.8461538461538461,0,0,1,0.25
instituto de investigaciones juridicas,1974,11,13,1,2,1,13,0.09090909090909091,0.8461538461538461,0,0,0,0.07692307692307693
instituto de investigaciones juridicas,1975,15,14,1,1,2,32,0.2,0.8571428571428571,0,0,0,0.46875
instituto de investigaciones juridicas,1976,13,1,1,1,4,20,0.23076923076923078,0,0,0,0,0.15
instituto de investigaciones juridicas,1977,11,1,1,1,3,15,0.18181818181818182,0,0,0,0,0.13333333333333333
instituto de investigaciones juridicas,1978,13,1,1,2,4,18,0.15384615384615385,0,0,0,0.25,0.16666666666666666
instituto de investigaciones juridicas,1979,20,1,1,2,4,27,0.15,0,0,0,0.25,0.14814814814814814
instituto de investigaciones juridicas,1980,25,1,1,4,2,31,0.12,0,0,0.25,0,0.12903225806451613
instituto de investigaciones sociales,1960,7,7,1,1,4,7,0.14285714285714285,1,0,0,0.75,0.14285714285714285
instituto de investigaciones sociales,1962,7,7,1,1,4,7,0.14285714285714285,1,0,0,0.75,0.14285714285714285
instituto de investigaciones sociales,1963,6,7,1,1,4,7,0.16666666666666666,1,0,0,0.75,0.14285714285714285
instituto de investigaciones sociales,1964,6,7,1,1,4,7,0.3333333333333333,1,0,0,0.75,0.2857142857142857
instituto de investigaciones sociales,1965,6,7,1,1,4,7,0.3333333333333333,1,0,0,0.75,0.2857142857142857
instituto de investigaciones sociales,1966,6,7,1,1,4,7,0.3333333333333333,1,0,1,0.75,0.42857142857142855
instituto de investigaciones sociales,1967,9,7,1,2,4,11,0.1111111111111111,1,0,1,0.75,0.2727272727272727
instituto de investigaciones sociales,1968,8,7,1,2,4,10,0.125,1,0,1,0.75,0.3
instituto de investigaciones sociales,1969,9,7,1,1,4,11,0.2222222222222222,1,0,1,0.75,0.2727272727272727
instituto de investigaciones sociales,1970,6,7,1,2,4,8,0,1,0,1,0.75,0.25
instituto de investigaciones sociales,1971,9,7,1,1,4,10,0.2222222222222222,1,0,0,0.75,0.2
instituto de investigaciones sociales,1972,22,7,1,3,4,25,0.13636363636363635,1,0,0.3333333333333333,0.75,0.16
instituto de investigaciones sociales,1973,23,7,1,2,4,33,0.2608695652173913,1,0,0.5,0.75,0.42424242424242425
instituto de investigaciones sociales,1974,23,16,1,3,4,47,0.2608695652173913,0.25,0,0.3333333333333333,0.75,0.2978723404255319
instituto de investigaciones sociales,1975,25,2,1,1,4,33,0.32,0.5,0,1,0.5,0.36363636363636365
instituto de investigaciones sociales,1976,27,17,1,1,4,49,0.48148148148148145,0.8235294117647058,0,1,0.25,0.5714285714285714
instituto de investigaciones sociales,1977,29,18,1,1,6,53,0.3448275862068966,0.7222222222222222,0,0,0.3333333333333333,0.4716981132075472
instituto de investigaciones sociales,1978,29,21,1,1,5,56,0.5172413793103449,0.5714285714285714,0,0,0,0.48214285714285715
instituto de investigaciones sociales,1979,36,19,1,1,5,60,0.3888888888888889,0.631578947368421,0,0,0,0.43333333333333335
instituto de investigaciones sociales,1980,40,24,1,1,5,69,0.375,0.625,0,0,0,0.43478260869565216
instituto de matematicas,1960,7,2,1,1,10,7,0,0,0,0,0.6,0
instituto de matematicas,1962,10,2,1,1,10,10,0,0,0,0,0.6,0
instituto de matematicas,1963,12,2,1,1,10,13,0,0,0,0,0.6,0
instituto de matematicas,1964,13,2,1,1,10,14,0,0,0,0,0.6,0
instituto de matematicas,1965,14,2,1,1,10,15,0,0,0,0,0.6,0
instituto de matematicas,1966,16,2,1,1,10,16,0.1875,0,0,0,0.6,0.1875
instituto de matematicas,1967,16,2,1,1,10,17,0,0,0,0,0.6,0
instituto de matematicas,1968,26,2,1,1,10,26,0,0,0,0,0.6,0
instituto de matematicas,1969,15,2,1,2,10,16,0,0,0,0,0.6,0
instituto de matematicas,1970,15,2,1,2,10,15,0,0,0,0,0.6,0
instituto de matematicas,1971,14,2,1,2,10,14,0,0,0,0,0.6,0
instituto de matematicas,1972,16,2,2,2,10,16,0.0625,0,0,0,0.6,0.0625
instituto de matematicas,1973,18,2,2,3,10,28,0.1111111111111111,0,0,0,0.6,0.2857142857142857
instituto de matematicas,1974,16,2,2,3,9,18,0.1875,0,0,0,0.5555555555555556,0.16666666666666666
instituto de matematicas,1975,20,2,2,3,9,22,0.1,0,0,0,0.5555555555555556,0.09090909090909091
instituto de matematicas,1976,20,2,2,3,8,22,0.55,0,0,0,0.5,0.5
instituto de matematicas,1977,18,3,2,4,7,21,0.1111111111111111,0.3333333333333333,0,0,0.42857142857142855,0.14285714285714285
instituto de matematicas,1978,16,3,2,4,6,23,0.125,0.3333333333333333,0,0,0.3333333333333333,0.13043478260869565
instituto de matematicas,1979,29,3,2,4,6,32,0.13793103448275862,0,0,0,0.3333333333333333,0.125
instituto de matematicas,1980,36,3,2,4,5,41,0.1388888888888889,0,0,0,0.2,0.14634146341463414
instituto de quimica,1960,17,0,2,0,1,17,0.11764705882352941,0,0,0,0,0.11764705882352941
instituto de quimica,1962,16,0,2,0,1,16,0.125,0,0,0,0,0.125
instituto de quimica,1963,18,0,2,0,1,18,0.16666666666666666,0,0,0,0,0.16666666666666666
instituto de quimica,1964,19,0,2,0,1,19,0.15789473684210525,0,0,0,0,0.15789473684210525
instituto de quimica,1965,19,0,2,0,1,19,0.15789473684210525,0,0,0,0,0.15789473684210525
instituto de quimica,1966,19,0,2,0,1,19,0.10526315789473684,0,0,0,0,0.10526315789473684
instituto de quimica,1967,15,0,2,0,1,15,0.13333333333333333,0,0,0,0,0.13333333333333333
instituto de quimica,1968,27,0,2,0,1,27,0.2222222222222222,0,0,0,0,0.2222222222222222
instituto de quimica,1969,11,0,2,0,1,11,0.18181818181818182,0,0,0,0,0.18181818181818182
instituto de quimica,1970,10,0,2,0,1,10,0.2,0,0,0,0,0.2
instituto de quimica,1971,10,0,2,0,1,10,0.2,0,0,0,0,0.2
instituto de quimica,1972,20,0,2,0,1,20,0.1,0,0,0,0,0.1
instituto de quimica,1973,20,0,2,0,1,20,0.1,0,0,0,0,0.1
instituto de quimica,1974,17,0,2,0,1,19,0.11764705882352941,0,0,0,0,0.10526315789473684
instituto de quimica,1975,20,0,2,0,1,20,0.1,0,0,0,0,0.1
instituto de quimica,1976,17,0,2,0,1,17,0.11764705882352941,0,0,0,0,0.11764705882352941
instituto de quimica,1977,16,0,2,0,1,17,0.125,0,0,0,0,0.11764705882352941
instituto de quimica,1978,15,0,2,0,2,17,0.13333333333333333,0,0,0,0,0.11764705882352941
instituto de quimica,1979,30,0,2,0,8,30,0.06666666666666667,0,0,0,0.125,0.06666666666666667
instituto de quimica,1980,30,0,2,0,15,45,0.06666666666666667,0,0,0,0.13333333333333333,0.08888888888888889
jardin botanico,1966,4,0,0,0,6,4,0,0,0,0,0.5,0
jardin botanico,1967,4,0,0,0,6,4,0,0,0,0,0.5,0
jardin botanico,1968,3,0,0,0,6,3,0,0,0,0,0.5,0
jardin botanico,1969,2,0,0,0,6,2,0,0,0,0,0.5,0
jardin botanico,1970,2,0,0,0,6,2,0,0,0,0,0.5,0
jardin botanico,1971,2,0,0,0,6,2,0,0,0,0,0.5,0
jardin botanico,1972,1,0,0,0,6,1,0,0,0,0,0.5,0
jardin botanico,1973,4,0,0,0,6,10,0.25,0,0,0,0.5,0.4
jardin botanico,1974,4,0,0,0,6,10,0.25,0,0,0,0.5,0.4
jardin botanico,1975,4,0,0,0,6,10,0.25,0,0,0,0.5,0.4
jardin botanico,1976,4,0,0,0,4,4,0.25,0,0,0,0.5,0.25
jardin botanico,1977,5,0,0,0,3,8,0.4,0,0,0,0.6666666666666666,0.5
jardin botanico,1978,25,0,0,0,5,30,0.28,0,0,0,0.4,0.3
jardin botanico,1979,4,0,0,0,2,6,0.5,0,0,0,0.5,0.5
observatorio astronomico nacional,1960,3,3,1,2,4,7,0,0.3333333333333333,0,0.5,0,0.14285714285714285
observatorio astronomico nacional,1962,5,3,1,2,4,6,0,0.3333333333333333,0,0.5,0,0
observatorio astronomico nacional,1963,5,3,1,2,4,8,0,0.3333333333333333,0,0.5,0,0.125
observatorio astronomico nacional,1964,8,3,1,3,4,11,0,0.3333333333333333,0,0.3333333333333333,0,0.09090909090909091
observatorio astronomico nacional,1965,8,3,1,2,4,11,0,0.3333333333333333,0,0.5,0,0.09090909090909091
observatorio astronomico nacional,1966,11,3,1,2,4,13,0.2727272727272727,0.3333333333333333,0,0.5,0,0.3076923076923077
observatorio astronomico nacional,1967,8,3,1,2,4,10,0,0.3333333333333333,0,0.5,0,0.1
observatorio astronomico nacional,1968,8,3,1,2,4,9,0,0.3333333333333333,0,0.5,0,0.1111111111111111
observatorio astronomico nacional,1969,7,3,1,2,4,9,0,0.3333333333333333,0,0.5,0,0.1111111111111111
observatorio astronomico nacional,1970,6,3,1,2,4,8,0,0.3333333333333333,0,0.5,0,0.125
observatorio astronomico nacional,1971,6,3,1,2,4,8,0,0.3333333333333333,0,0.5,0,0.125
observatorio astronomico nacional,1972,6,3,1,2,4,7,0,0.3333333333333333,0,0.5,0,0.14285714285714285
observatorio astronomico nacional,1973,5,3,1,2,4,7,0,0.3333333333333333,0,0.5,0,0
observatorio astronomico nacional,1974,4,3,1,2,4,6,0,0.3333333333333333,0,0.5,0,0
observatorio astronomico nacional,1975,4,3,1,2,4,6,0,0.3333333333333333,0,0.5,0,0
observatorio astronomico nacional,1976,4,3,1,2,4,5,0,0.3333333333333333,0,0.5,0,0
observatorio astronomico nacional,1977,3,3,1,2,4,5,0,0.3333333333333333,0,0.5,0,0
observatorio astronomico nacional,1978,2,3,1,2,4,4,0,0.3333333333333333,0,0.5,0,0
observatorio astronomico nacional,1979,2,3,1,2,4,6,0,0.3333333333333333,0,0.5,0,0
oficina regional noroeste hermosillo,1978,1,0,0,0,0,1,0,0,0,0,0,0
oficina regional noroeste hermosillo,1979,1,0,0,0,0,1,0,0,0,0,0,0
