group,year,point,a,b,c,d,e,w,type,dimx,dimy,dist,udist,wdist,clusters,clusterg,id,phase,rweight,rel,det.ord,pos
1,1960,ffyl,2.868064604320924,-2.8787201832085487,-0.6156471271099919,-3.3249331522674703,-1.7664379349689243,0.02854031080469179,row,42.978629531353185,23.35385993946988,5.286494710102043,5.775418879215626,0.3956398077599144,1,5,ffyl,1960,NA,NA,NA,0.03571428571428571
1,1960,eneo,1.643310737992547,0.4275868542627378,0.2406877223540009,-1.4707606084544913,5.414388670515784,0.01095795963707823,row,42.978629531353185,23.35385993946988,2.2592848529154743,3.122488509351851,0.20936746145743423,1,3,eneo,1960,NA,NA,NA,0.07142857142857142
2,1960,fo,2.3195702792896573,3.242575414644546,-0.32753369012182454,0.2320740455599504,0.33354974074133203,0.02849938537922382,row,42.978629531353185,23.35385993946988,4.006973706054049,4.416629043682503,0.3099595779003242,2,4,fo,1960,NA,NA,NA,0.14285714285714285
2,1960,fmvz,1.0465706069946508,2.01295612316972,-1.5719248062823965,1.612174484573467,-2.8112318532623997,0.02472241644962241,row,42.978629531353185,23.35385993946988,3.1964600035894857,3.858024996233544,0.25705975143821064,2,4,fmvz,1960,NA,NA,NA,0.17857142857142858
4,1960,escuela nacional de musica,0.512204523546923,-0.33108697874287435,1.5375055792147043,0.34055566888168043,1.2339508974065307,0.02257357156742655,row,42.978629531353185,23.35385993946988,1.6887491320971293,2.8970883825818143,0.17618405869427656,4,5,escuela nacional de musica,1960,NA,NA,NA,0.3928571428571429
4,1960,facultad de arquitectura,-1.1051453339380406,0.4993025741455848,0.3734501332679626,-1.3890352179062997,-0.05858841837586887,0.13762818981179992,row,42.978629531353185,23.35385993946988,1.881364693060676,3.228484076180451,0.17050637402978033,4,6,facultad de arquitectura,1960,NA,NA,NA,0.42857142857142855
4,1960,facultad de ingenieria,-0.6232121646755014,-0.02744994068268678,0.5525604249933741,0.00768832287901651,-0.6120686788428181,0.1402341955209359,row,42.978629531353185,23.35385993946988,0.8333840861334931,2.5931396313503647,0.12798870273170992,4,2,facultad de ingenieria,1960,NA,NA,NA,0.4642857142857143
4,1960,facultad de quimica,0.37701287652120846,1.8841734428599168,0.5071265550589661,-1.168530758107736,0.13697008359586496,0.05824537129095553,row,42.978629531353185,23.35385993946988,2.30540446501936,3.262593421517541,0.2042474461089129,4,3,facultad de quimica,1960,NA,NA,NA,0.5
5,1960,facultad de contaduria y administracion,-0.5810950373712617,-0.6241539276569772,-0.7326454144980658,0.6324188876094581,0.6081613889692601,0.09496452354656236,row,42.978629531353185,23.35385993946988,1.2899467123324768,2.6983225967903253,0.13557990422272354,5,2,facultad de contaduria y administracion,1960,NA,NA,NA,0.6428571428571429
5,1960,facultad de ciencias,-0.21131971927111184,-0.3984347115729765,-0.5102244170026358,0.5217692358100029,0.8738488580143391,0.04664855441849906,row,42.978629531353185,23.35385993946988,0.8578917963720695,2.446147350525927,0.12353415934465442,5,2,facultad de ciencias,1960,NA,NA,NA,0.6785714285714286
5,1960,enap,0.3338071911705859,0.13987410966346675,-1.0841665690240614,1.0653215404699945,0.0675870611138258,0.02893886777641513,row,42.978629531353185,23.35385993946988,1.5624721250025904,2.733549745217546,0.15764734238009673,5,1,enap,1960,NA,NA,NA,0.7142857142857143
5,1960,facultad de derecho,-0.9932142057216904,-0.368126556218788,-0.6224604298640372,0.33782023308529197,-0.2039990122891737,0.1278681283336988,row,42.978629531353185,23.35385993946988,1.2741943009090866,2.7723425577548757,0.13487728574816724,5,2,facultad de derecho,1960,NA,NA,NA,0.75
5,1960,fcpys,0.9311012822644096,-0.7097793361300724,-0.3458463138493041,0.00886445063693085,4.002836955445675,0.01348879311056002,row,42.978629531353185,23.35385993946988,1.220829453740333,2.5354267004331703,0.14752895663860374,5,1,fcpys,1960,NA,NA,NA,0.7857142857142857
5,1960,facultad de medicina,0.7604609983331857,-0.35602925950316017,-0.4357797599893577,0.451923388768555,0.0104054695184948,0.19300729914235443,row,42.978629531353185,23.35385993946988,1.0484257303885245,2.4273808239390604,0.13215960649253589,5,1,facultad de medicina,1960,NA,NA,NA,0.8214285714285714
3,1960,facultad de economia,0.8510985240593568,-0.7478672330402362,3.7341643432918055,1.5850689553726895,-0.4864173441934919,0.04368243321017608,row,42.978629531353185,23.35385993946988,4.211899931374138,4.892692405823842,0.32180571667005226,3,5,facultad de economia,1960,NA,NA,NA,1
3,1962,ffyl,-0.26399723664306585,0.00361831626176465,4.0419021195207705,-0.5784298260573788,-0.04779454080010929,0.04700792533973368,row,44.25709695830014,33.81282389971908,4.091608661715709,4.6123938833099,0.3147908192550596,3,2,ffyl,1962,NA,NA,NA,0.14285714285714285
3,1962,escuela nacional de musica,-0.1994141227533286,-0.5627960104457456,1.3215326500451976,0.8951877237205758,1.2894675631678063,0.01327769729545958,row,44.25709695830014,33.81282389971908,1.7042050779065987,2.495796606401211,0.17547648488936468,3,4,escuela nacional de musica,1962,NA,NA,NA,0.17857142857142858
2,1962,eneo,0.5710110063371325,0.14549645843770154,0.38624300634006375,1.5320539313942907,0.13730453814511231,0.01255991970324626,row,44.25709695830014,33.81282389971908,1.6862964441115835,2.456595099484858,0.17232809866766444,2,4,eneo,1962,NA,NA,NA,0.2857142857142857
2,1962,facultad de quimica,1.2703395278802505,0.8841914790704487,0.03793052951900183,0.6060302404414465,-1.7905972456993,0.0828242521721278,row,44.25709695830014,33.81282389971908,1.6626089333198333,2.7963758801840397,0.1652332727452756,2,3,facultad de quimica,1962,NA,NA,NA,0.32142857142857145
2,1962,fmvz,0.1349512927047286,0.5309046180044913,0.02885292977887445,2.0936168631814094,0.8997922652239202,0.0329117268351932,row,44.25709695830014,33.81282389971908,2.164286401143703,2.706335845686577,0.19638666160037432,2,4,fmvz,1962,NA,NA,NA,0.35714285714285715
2,1962,fo,0.437145245491055,0.13244619618843392,-0.6962931093577398,2.972865813363091,3.4647174347414618,0.02905506344873715,row,44.25709695830014,33.81282389971908,3.087295450542802,3.4481372620192574,0.24830912903533195,2,4,fo,1962,NA,NA,NA,0.3928571428571429
2,1962,fcpys,-0.6515692307683292,-0.30506515395495415,0.887428470613084,2.587631578501859,-1.6176846364348068,0.01814812204851968,row,44.25709695830014,33.81282389971908,2.8285992447068726,3.0996346222500404,0.23560876420691504,2,4,fcpys,1962,NA,NA,NA,0.42857142857142855
1,1962,facultad de arquitectura,-0.6228908669387105,-0.6035628566755714,-0.7571050744745791,-1.0752926548409396,0.31813403920783884,0.111459941990163,row,44.25709695830014,33.81282389971908,1.5753550524958078,2.9530660437401752,0.1535945949007743,1,6,facultad de arquitectura,1962,NA,NA,NA,0.5714285714285714
1,1962,facultad de medicina,1.185532940666124,0.8264919053516709,-0.26574291016901586,-0.6797701229725637,0.34309146673073626,0.2071114505727972,row,44.25709695830014,33.81282389971908,1.619037966635599,3.0557826541939064,0.15407398862919056,1,5,facultad de medicina,1962,NA,NA,NA,0.6071428571428571
1,1962,facultad de ciencias,-0.36885135538606345,-0.39561743846700953,0.7097327347199015,-1.4514206364809972,1.782505534152634,0.04759987049178044,row,44.25709695830014,33.81282389971908,1.7037919176722336,3.0207724280446273,0.17159148315814546,1,2,facultad de ciencias,1962,NA,NA,NA,0.6428571428571429
5,1962,enap,-3.674398803144432,3.826355227743156,-0.4581351035407328,-0.03415260676205726,-0.26307063053261287,0.03323572821634416,row,44.25709695830014,33.81282389971908,5.324777466436653,5.862621659143973,0.39898839858849505,5,1,enap,1962,NA,NA,NA,0.7142857142857143
4,1962,facultad de contaduria y administracion,-0.411456515637374,-0.9510012892136585,-0.2832426343589921,0.15771892713397404,-0.8045475982081732,0.09272642323262,row,44.25709695830014,33.81282389971908,1.0857262851388476,2.3728627968471496,0.13071982832907,4,6,facultad de contaduria y administracion,1962,NA,NA,NA,0.7857142857142857
4,1962,facultad de derecho,-0.3083941797277239,-0.8363030618148575,-0.6679111623151232,-0.34166658552904183,-0.5303749588450805,0.10095881309444664,row,44.25709695830014,33.81282389971908,1.1650541436787625,2.5755051261584505,0.13357564771033836,4,6,facultad de derecho,1962,NA,NA,NA,0.8214285714285714
4,1962,facultad de economia,-0.25659646417163806,-0.7464570595032175,0.5542533931371387,0.6036710389309122,0.24357904419687076,0.04230118886131826,row,44.25709695830014,33.81282389971908,1.1378292640618517,2.250031119575751,0.143556578049127,4,6,facultad de economia,1962,NA,NA,NA,0.8571428571428571
4,1962,facultad de ingenieria,-0.457501405222785,-0.7110152858101345,-0.1649288188347321,0.5342459537315034,-0.2638787443375218,0.12882187669751297,row,44.25709695830014,33.81282389971908,1.0136422084725922,2.259675708479203,0.13068941007539786,4,6,facultad de ingenieria,1962,NA,NA,NA,0.8928571428571429
2,1963,facultad de quimica,1.8756277997005295,1.702069729182374,-0.7700778183687113,-1.1841213179941836,-0.6970326125579633,0.0859109676832275,row,42.08477789473782,35.06329219591138,2.9000317494952026,3.6127389147964535,0.2346811882262349,2,1,facultad de quimica,1963,NA,NA,NA,0.21428571428571427
2,1963,fo,1.2525255071397134,1.0657113266091915,-0.8358614427379598,1.2448313441020995,2.74727177793437,0.0342432473346039,row,42.08477789473782,35.06329219591138,2.2254954963813662,3.1683238222720713,0.19900452394148732,2,1,fo,1963,NA,NA,NA,0.25
1,1963,fmvz,0.23514803275298088,0.7570682548960875,-0.32345364683156147,-0.38777754202317527,1.888086307310824,0.03309396083694402,row,42.08477789473782,35.06329219591138,0.9399152215094596,2.222223365903443,0.1423760230528341,1,1,fmvz,1963,NA,NA,NA,0.32142857142857145
1,1963,facultad de ciencias,0.4584924633645851,0.4147980239710402,0.15645598635047164,-0.02830543187418017,-1.6006688406658824,0.05825325361405541,row,42.08477789473782,35.06329219591138,0.6383983182863877,2.089137510167682,0.1320709717619425,1,1,facultad de ciencias,1963,NA,NA,NA,0.35714285714285715
1,1963,ffyl,-0.23269747160386228,-0.17567620565462255,3.359598388729614,-2.5011933077768487,-0.17519273830264204,0.04445717328506604,row,42.08477789473782,35.06329219591138,4.198556840028053,4.592545122604267,0.3217705986985854,1,2,ffyl,1963,NA,NA,NA,0.3928571428571429
1,1963,fcpys,-0.5059062220008858,-0.09472757095115684,0.1161824679204704,-1.5256865059337132,2.865225118917629,0.019041831389953,row,42.08477789473782,35.06329219591138,1.614351912811401,2.5355343236213206,0.1689486534729279,1,5,fcpys,1963,NA,NA,NA,0.42857142857142855
1,1963,facultad de ingenieria,-0.3035561658865278,-0.6716620001377824,-0.7141074882337551,-0.13459817088136747,0.03357993221210918,0.15799314181941335,row,42.08477789473782,35.06329219591138,1.0350566944051656,2.2290258132544087,0.11935130490424356,1,5,facultad de ingenieria,1963,NA,NA,NA,0.4642857142857143
1,1963,escuela nacional de musica,-0.1212389507514376,-0.4916651423177719,1.559594872031791,-0.23685460289218285,1.698089759992353,0.01235811289984727,row,42.08477789473782,35.06329219591138,1.6567648484708797,2.5543757938862406,0.17291258995216413,1,3,escuela nacional de musica,1963,NA,NA,NA,0.5
1,1963,facultad de arquitectura,-0.5489518843539226,-0.5836869864348138,-0.3784441483517666,0.5262911201834396,-0.9478134910380166,0.11464419890182036,row,42.08477789473782,35.06329219591138,1.0306507585378817,2.2984742175174886,0.12736945808800942,1,5,facultad de arquitectura,1963,NA,NA,NA,0.5357142857142857
1,1963,facultad de derecho,-0.22527805559926567,-0.7410501699132895,-0.6936329480489972,-0.5388149343710857,-0.13293390044135098,0.09961827777062132,row,42.08477789473782,35.06329219591138,1.171048144519926,2.275798340775325,0.12621130175322323,1,5,facultad de derecho,1963,NA,NA,NA,0.5714285714285714
1,1963,eneo,0.23414314612688472,-0.15973564233194912,0.5517208746252713,0.6070013146076781,1.9592011711626889,0.01393411114517767,row,42.08477789473782,35.06329219591138,0.8678623207295728,2.1810806148127626,0.13487611232343583,1,3,eneo,1963,NA,NA,NA,0.6071428571428571
1,1963,facultad de contaduria y administracion,-0.3264072178892782,-0.8522400639627912,-0.5721506524304241,-0.4305181430901894,0.04662708423963951,0.0925717204744632,row,42.08477789473782,35.06329219591138,1.159981482231465,2.2624648313665583,0.1247889533929957,1,5,facultad de contaduria y administracion,1963,NA,NA,NA,0.6428571428571429
1,1963,facultad de medicina,0.48735017618935383,0.15569389644808918,1.087317868587698,1.6019692746184313,-0.23677410166867485,0.16024946092087652,row,42.08477789473782,35.06329219591138,2.002577461122186,2.9353044255560654,0.17595020755814894,1,3,facultad de medicina,1963,NA,NA,NA,0.6785714285714286
1,1963,facultad de economia,-0.1857803211570356,-0.6587766943513971,0.6525336667121842,-0.00355212661275011,1.294781675173262,0.04253010090244839,row,42.08477789473782,35.06329219591138,0.9456816930374016,2.1652237424747605,0.13561549916842475,1,3,facultad de economia,1963,NA,NA,NA,0.7142857142857143
1,1963,enap,-4.081889154659586,3.691132523171445,-0.18910839808196145,0.19923078517699003,-0.1070845129147661,0.03110044102148209,row,42.08477789473782,35.06329219591138,5.510148207310663,5.932207466250462,0.41138421648236995,1,4,enap,1963,NA,NA,NA,0.75
2,1964,facultad de ciencias,-0.3547917183454287,0.3403695378712067,-0.08061676930333306,-0.5999292317341255,-1.7694831009977892,0.06342800136829566,row,41.616398470885215,34.330293042610585,0.7798350673694827,2.2317735987991463,0.1328525334644703,2,1,facultad de ciencias,1964,NA,NA,NA,0.17857142857142858
2,1964,facultad de quimica,-1.5995430902420238,1.8982738271920736,-0.9454567566740748,1.013588092575256,-0.7156832328818015,0.08844712545751017,row,41.616398470885215,34.330293042610585,2.843102340875976,3.569347203124317,0.23117417393711545,2,1,facultad de quimica,1964,NA,NA,NA,0.21428571428571427
2,1964,fo,-1.099636911539987,1.2304467151263936,-0.5778408946222923,-0.9410520608924124,2.4352313012372355,0.03521761083571168,row,41.616398470885215,34.330293042610585,1.9856181749758135,2.982667748202646,0.18607214246055623,2,1,fo,1964,NA,NA,NA,0.25
2,1964,fmvz,-0.13815642351055712,0.7525479308560418,-0.288398310651394,0.4092379613032731,1.291628027955645,0.03430869916144988,row,41.616398470885215,34.330293042610585,0.9143658349649638,2.2292507061508737,0.14354796438123194,2,1,fmvz,1964,NA,NA,NA,0.2857142857142857
1,1964,escuela nacional de musica,0.07451275650326324,-0.5508927738107501,1.3736051532345563,0.4364288563042621,1.2327545720860555,0.01303158367243843,row,41.616398470885215,34.330293042610585,1.54476414469206,2.450557791618926,0.16778117876540535,1,2,escuela nacional de musica,1964,NA,NA,NA,0.3928571428571429
1,1964,ffyl,0.24817780990457391,-0.32501567693372485,2.7109651068517793,2.809004019075975,-1.1865192106776734,0.04673166734060903,row,41.616398470885215,34.330293042610585,3.925183155641858,4.2654458278213125,0.3035070731446958,1,2,ffyl,1964,NA,NA,NA,0.42857142857142855
1,1964,fcpys,0.45570236256394303,-0.2547413377805931,0.1381296950175403,1.1689218941917845,2.4357118621169196,0.02152901890663413,row,41.616398470885215,34.330293042610585,1.2876397010760243,2.3095615811070744,0.15389832508849904,1,3,fcpys,1964,NA,NA,NA,0.4642857142857143
1,1964,eneo,-0.4921635281064773,0.1765286139647861,1.741802045249239,0.9010232958666652,3.640841440928998,0.01109844129936839,row,41.616398470885215,34.330293042610585,2.0295577435676484,2.7481851093359624,0.1949374345315517,1,2,eneo,1964,NA,NA,NA,0.5
1,1964,facultad de derecho,0.16298307335337647,-0.7949986771283692,-0.8446947381657185,-8.533880002584966e-5,-0.22810561978640764,0.10269496706105452,row,41.616398470885215,34.330293042610585,1.1713648393233986,2.3342659533369705,0.12871740734947276,1,3,facultad de derecho,1964,NA,NA,NA,0.5357142857142857
1,1964,enap,4.5372055496734705,3.158898660025153,-0.10866778493101562,-0.18596439962086972,0.00399273618290584,0.03089504242603872,row,41.616398470885215,34.330293042610585,5.532744923607504,5.959111027813733,0.41305105556071814,1,4,enap,1964,NA,NA,NA,0.5714285714285714
1,1964,facultad de contaduria y administracion,0.242511155989495,-0.9075371131696398,-0.8434960715006417,-0.09080635230891704,-0.16643438791340776,0.09610968288595044,row,41.616398470885215,34.330293042610585,1.2657672332685468,2.3945052015906767,0.1319754889456756,1,3,facultad de contaduria y administracion,1964,NA,NA,NA,0.6071428571428571
1,1964,facultad de arquitectura,0.49297549498142856,-0.658554458858657,-0.3860673934461371,-0.6924791396566732,-0.7225313996706213,0.11236410457389112,row,41.616398470885215,34.330293042610585,1.1424947286866334,2.392795779583421,0.1334575303362527,1,3,facultad de arquitectura,1964,NA,NA,NA,0.6428571428571429
1,1964,facultad de ingenieria,0.19040003542477393,-0.6674666302158966,-0.5554156717468897,0.8194811637502701,0.5716495865152248,0.13310985754580495,row,41.616398470885215,34.330293042610585,1.20904913965689,2.3135989770028416,0.13674122150612836,1,3,facultad de ingenieria,1964,NA,NA,NA,0.6785714285714286
1,1964,facultad de economia,0.13387668752052445,-0.7245590057476115,0.41414733878182186,0.00160137222598373,0.6548798557660875,0.04452294838469552,row,41.616398470885215,34.330293042610585,0.8452391986204301,2.1535165979476263,0.1320411848287931,1,3,facultad de economia,1964,NA,NA,NA,0.7142857142857143
1,1964,facultad de medicina,-0.45877930413002105,0.20196499599293197,1.334032851190136,-1.3301141159399503,0.04342071081211922,0.16651124908054749,row,41.616398470885215,34.330293042610585,1.9493884987302172,2.9190651081755106,0.17323981865026714,1,1,facultad de medicina,1964,NA,NA,NA,0.75
2,1965,facultad de quimica,-1.578325847271413,1.8544965857637283,-1.509536476712719,0.2684884937470878,-0.6202479388885943,0.08850460415125555,row,41.531828657933175,34.21021795628699,2.8776824898822975,3.6763351861636897,0.23428167683719756,2,1,facultad de quimica,1965,NA,NA,NA,0.21428571428571427
2,1965,fo,-0.8802603933262546,0.921933035067525,0.18184432148898383,-1.74279800015364,0.9569602797068746,0.03960113044949706,row,41.531828657933175,34.21021795628699,2.1668481967606836,3.00318242381023,0.19454712856013356,2,1,fo,1965,NA,NA,NA,0.25
1,1965,enap,4.552082592275756,3.155454540556489,-0.0796686543552701,-0.13438128795000723,-0.1522058203717007,0.03073883670476359,row,41.531828657933175,34.21021795628699,5.541006651273432,5.93093014511782,0.4137168610222114,1,4,enap,1965,NA,NA,NA,0.32142857142857145
1,1965,facultad de ciencias,-0.3727655354260896,0.33354854979976833,0.3593738481738095,-0.5391257612603321,-1.9296848676391245,0.06411410137307706,row,41.531828657933175,34.21021795628699,0.8185443962796476,2.105964397153293,0.13388864715510407,1,1,facultad de ciencias,1965,NA,NA,NA,0.35714285714285715
1,1965,facultad de economia,0.18202676811648885,-0.7949577838021691,0.08221759616879783,0.26623882760508416,0.5540815805059405,0.04407920701407381,row,41.531828657933175,34.21021795628699,0.8618204388287014,2.1070884776377627,0.13339569746893187,1,3,facultad de economia,1965,NA,NA,NA,0.39285714285714285
1,1965,escuela nacional de musica,0.03755949109550732,-0.5161830649729602,0.8923783917124577,1.4889633929655886,1.605226440468892,0.0125265631983052,row,41.531828657933175,34.21021795628699,1.8114101831233984,2.6827757330841076,0.1805558020796026,1,2,escuela nacional de musica,1965,NA,NA,NA,0.42857142857142855
1,1965,facultad de ingenieria,0.21868673994854865,-0.7655212832832169,-1.3209275005395351,0.7186976415431626,0.590022821228795,0.14525017053675318,row,41.531828657933175,34.21021795628699,1.7015353322897044,2.7101575006945735,0.16377607546294728,1,3,facultad de ingenieria,1965,NA,NA,NA,0.4642857142857143
1,1965,ffyl,0.27695904465580584,-0.4099292566636342,0.6523735310746145,3.346539039004894,-1.3930507211071952,0.04711156486228511,row,41.531828657933175,34.21021795628699,3.4452377380256385,4.026814684391946,0.27258642542626443,1,2,ffyl,1965,NA,NA,NA,0.5
1,1965,facultad de derecho,0.17807903794161165,-0.7952863211348251,-0.17180153668403136,-0.9529735194790996,-0.3594735210847,0.10053650599744464,row,41.531828657933175,34.21021795628699,1.265648755845693,2.276942807306297,0.13603306486319303,1,5,facultad de derecho,1965,NA,NA,NA,0.5357142857142857
1,1965,eneo,-0.21305496390512224,-0.15027291774014723,1.1650319628906731,-0.562343398736882,1.0985669599417838,0.01640279937363539,row,41.531828657933175,34.21021795628699,1.3196605397262555,2.3199285694272422,0.14915827744278023,1,1,eneo,1965,NA,NA,NA,0.5714285714285714
1,1965,fcpys,0.4375365239505819,-0.25370776853785515,-0.28629504072326245,0.13708839745421458,2.4769028718087247,0.02184134672589568,row,41.531828657933175,34.21021795628699,0.5971297352054369,2.0337411589067793,0.13010526833637542,1,3,fcpys,1965,NA,NA,NA,0.6071428571428571
1,1965,facultad de arquitectura,0.5033001478506456,-0.5831412483514219,0.30864925049087333,-0.5638989285818048,-0.6931365285080607,0.09910092166063696,row,41.531828657933175,34.21021795628699,1.003300112548395,2.125976738904795,0.13125281516364293,1,5,facultad de arquitectura,1965,NA,NA,NA,0.6428571428571429
1,1965,facultad de medicina,-0.5607630867484503,0.3756409184189609,1.684397635645068,0.22894977781035863,0.43096799354434634,0.15994962691891665,row,41.531828657933175,34.21021795628699,1.8289818847589492,2.694441105881681,0.1685896065124526,1,1,facultad de medicina,1965,NA,NA,NA,0.6785714285714286
1,1965,facultad de contaduria y administracion,0.2676552353668188,-0.9255471686927014,-0.3290591968124114,-0.9359641115757944,-0.48158257255075027,0.09551141865064264,row,41.531828657933175,34.21021795628699,1.382962638562242,2.360932795786309,0.1409571443633302,1,5,facultad de contaduria y administracion,1965,NA,NA,NA,0.7142857142857143
1,1965,fmvz,-0.12948181019873095,0.7790812221045256,-0.3462567679291735,0.06357181638375109,2.6077083091275757,0.0347312023828174,row,41.531828657933175,34.21021795628699,0.8646780990538087,2.211773597578898,0.14399809991109289,1,1,fmvz,1965,NA,NA,NA,0.75
2,1966,fo,2.1640484589290594,0.914263040872109,-0.6508380430868687,-1.407322543052574,3.1323884023643735,0.03657634676638423,row,40.31381051828632,28.172459263867054,2.814805417610791,3.5707240914951015,0.2343584315087777,2,6,fo,1966,NA,NA,NA,0.10714285714285714
2,1966,facultad de quimica,2.0219547192664424,0.6249470953031853,-1.442246848775116,-0.1117012959528864,-1.7611993159768464,0.08192465844597911,row,40.31381051828632,28.172459263867054,2.56347672332148,3.346225312390936,0.2173993853428181,2,6,facultad de quimica,1966,NA,NA,NA,0.14285714285714285
3,1966,facultad de medicina,0.7143669558770543,0.05160967149174397,1.5630655087091565,0.6991106023820673,0.3993270315562462,0.168241209871379,row,40.31381051828632,28.172459263867054,1.856047716175359,2.836035030960648,0.17159225348642915,3,5,facultad de medicina,1966,NA,NA,NA,0.35714285714285715
3,1966,fmvz,0.6168262830715816,0.5784023385405923,-0.9368350779227176,1.124033872098,1.1978957624581383,0.03755688219291056,row,40.31381051828632,28.172459263867054,1.6900106619685025,2.6765043825913595,0.17802981290091396,3,6,fmvz,1966,NA,NA,NA,0.3928571428571429
3,1966,ffyl,-0.4454543127958643,-0.2561736402172527,0.5653110179687741,2.1420121523636104,-1.4327343581574996,0.05035553758394123,row,40.31381051828632,28.172459263867054,2.274169537796352,3.00878346914331,0.20146495897685196,3,2,ffyl,1966,NA,NA,NA,0.42857142857142855
3,1966,escuela nacional de musica,-0.2617386576162243,-0.6804116751009659,0.16723383002397,2.2039414615455737,0.04678555699670835,0.01443318061250355,row,40.31381051828632,28.172459263867054,2.3274003291931904,3.052126485382911,0.2048984389907156,3,2,escuela nacional de musica,1966,NA,NA,NA,0.4642857142857143
3,1966,facultad de ingenieria,-0.5443045486352499,-0.7900719583884876,-1.3437955618366415,0.7906119036992173,0.44381953986500133,0.13884087098303874,row,40.31381051828632,28.172459263867054,1.830665134692743,2.7816153056752535,0.17153557992511514,3,7,facultad de ingenieria,1966,NA,NA,NA,0.5
3,1966,fcpys,-0.4944280298796604,-0.04192121136139076,-0.2067043291358987,0.414268807946334,1.1465215108911213,0.02293264294591357,row,40.31381051828632,28.172459263867054,0.6786470287369475,2.155355516648091,0.13831771308201293,3,1,fcpys,1966,NA,NA,NA,0.5357142857142857
3,1966,facultad de economia,-0.5203500858229518,-0.703269072235519,-0.06102650511009055,0.18409162239047824,0.4353808482212909,0.04570236852656328,row,40.31381051828632,28.172459263867054,0.8960834556776904,2.2352575236758416,0.13856959437000838,3,1,facultad de economia,1966,NA,NA,NA,0.5714285714285714
1,1966,eneo,0.22807690625377303,-0.08718632496200461,1.2242721524826876,-0.7377866466065673,0.3939517720845139,0.01680788555579259,row,40.31381051828632,28.172459263867054,1.450100675705735,2.545514966346446,0.15879441883611545,1,5,eneo,1966,NA,NA,NA,0.6428571428571429
1,1966,facultad de derecho,-0.550362091827068,-0.6108372233260257,0.14533758473934222,-1.2062209479013704,-0.22754196691395803,0.09551624812199934,row,40.31381051828632,28.172459263867054,1.4670080211828636,2.538781456586041,0.1509862755233886,1,3,facultad de derecho,1966,NA,NA,NA,0.6785714285714286
1,1966,facultad de arquitectura,-0.9315926174597754,0.420257920061084,0.45535561567088545,-0.9497550161782936,-0.09501447198439655,0.09372627257087894,row,40.31381051828632,28.172459263867054,1.4676051416366958,2.5521052765049475,0.15745857552205955,1,3,facultad de arquitectura,1966,NA,NA,NA,0.7142857142857143
1,1966,facultad de contaduria y administracion,-0.6884552807976136,-0.7905597134892294,-0.3375651950410895,-0.8697505727405386,-0.00705345886682917,0.09871210538640512,row,40.31381051828632,28.172459263867054,1.4033430278930086,2.5125120858237575,0.1492349201882904,1,3,facultad de contaduria y administracion,1966,NA,NA,NA,0.75
1,1966,enap,-2.3221268523968206,4.838290287076708,-0.5373025119238373,0.4885446624649143,0.00445607958625366,0.02949925844318371,row,40.31381051828632,28.172459263867054,5.4155974644711,5.81535335382842,0.4054518391356587,1,4,enap,1966,NA,NA,NA,0.7857142857142857
1,1966,facultad de ciencias,0.3072945852598275,0.08970147026539294,0.7145655619376485,-1.1346529076405638,-1.361999741738974,0.06917453199312716,row,40.31381051828632,28.172459263867054,1.3785925718000354,2.4993006494855674,0.15458743106977124,1,5,facultad de ciencias,1966,NA,NA,NA,0.8214285714285714
2,1967,facultad de quimica,1.6444338260277718,-0.20945695623388644,-1.3135968632689763,-0.1251054230826134,1.0029902304444651,0.07599114366107389,row,38.57973402385694,26.355928632835628,2.1187786365672734,2.9949057220620476,0.19593085253735015,2,4,facultad de quimica,1967,NA,NA,NA,0.21428571428571427
2,1967,fo,2.81285021880229,0.87033744281843,-1.6114821139173503,-1.163555198770335,-0.9219412012776532,0.03735693945773034,row,38.57973402385694,26.355928632835628,3.5525130431637857,4.146869378712272,0.2804185354662715,2,4,fo,1967,NA,NA,NA,0.25
4,1967,escuela nacional de musica,-0.08143996865390894,-1.121125378079388,0.5249231531656399,2.529521092886106,1.0521880168946005,0.01609667731298286,row,38.57973402385694,26.355928632835628,2.817370379973687,3.569095837618594,0.23489372422342283,4,3,escuela nacional de musica,1967,NA,NA,NA,0.3928571428571429
4,1967,facultad de ingenieria,-0.6279635086251208,-1.3047689288703337,-0.8267348910278419,0.7920802738546894,-0.8555008060446161,0.13403658751516404,row,38.57973402385694,26.355928632835628,1.8459799203086549,2.8264878029531855,0.17350519719197402,4,4,facultad de ingenieria,1967,NA,NA,NA,0.42857142857142855
4,1967,ffyl,-0.4531060058607455,-0.16065427822476924,0.730089529783896,1.2179443364791491,3.0802630786599683,0.05125978002898971,row,38.57973402385694,26.355928632835628,1.4991777672846889,2.6304836043912796,0.1647963518751326,4,1,ffyl,1967,NA,NA,NA,0.4642857142857143
4,1967,fmvz,0.82133386753688,-0.11248187061698528,-1.3136866167685923,1.2767137288673462,0.8440361913625889,0.03800976711428384,row,38.57973402385694,26.355928632835628,2.010724239107854,2.8992589451288446,0.19346560602229745,4,4,fmvz,1967,NA,NA,NA,0.5
1,1967,enap,-1.6380246573054096,3.708656255070674,-1.990705512814536,1.5647738472263626,-0.02865574705564853,0.02744272412841425,row,38.57973402385694,26.355928632835628,4.780029458897625,5.205254167946179,0.3622941491623369,1,2,enap,1967,NA,NA,NA,0.6428571428571429
1,1967,facultad de arquitectura,-1.0879450958875725,1.5514863354066928,-0.0973841550909831,-0.19877246697068113,-0.40791056467082065,0.08886736778762712,row,38.57973402385694,26.355928632835628,1.9078072617295236,2.8850389079426684,0.1849097679067773,1,2,facultad de arquitectura,1967,NA,NA,NA,0.6785714285714286
3,1967,facultad de economia,-0.5663332173346093,-0.7119143496155177,-0.03555655026271803,-0.32796787780542086,0.21898828460606015,0.04687029915890171,row,38.57973402385694,26.355928632835628,0.9676686165128184,2.319577964604585,0.14097605511906108,3,4,facultad de economia,1967,NA,NA,NA,0.75
3,1967,fcpys,-0.5323753321346069,-0.0677752470722069,-0.3064809670844136,-0.08231344420236643,-1.29962041947019,0.0242073647759435,row,38.57973402385694,26.355928632835628,0.6234765951201257,2.1991988644053633,0.13812403811789317,3,4,fcpys,1967,NA,NA,NA,0.7857142857142857
3,1967,facultad de ciencias,0.2491026396235618,0.4406604299429092,0.6967677702682703,-1.2738366456074293,0.7360483049282679,0.07439929541349186,row,38.57973402385694,26.355928632835628,1.5376536882412437,2.635727187751865,0.16325081829253743,3,4,facultad de ciencias,1967,NA,NA,NA,0.8214285714285714
3,1967,facultad de medicina,0.7674405730494783,0.2504925312886319,1.4909161503234936,0.7574049378011122,-0.7986144707182015,0.17732880617932562,row,38.57973402385694,26.355928632835628,1.856934233755959,2.910552215393975,0.1716290409172337,3,1,facultad de medicina,1967,NA,NA,NA,0.8571428571428571
3,1967,facultad de derecho,-0.6572443944351134,-0.1825194937981446,0.4117249750783177,-1.5496987625367622,0.6084672189186092,0.0916354233355857,row,38.57973402385694,26.355928632835628,1.742517509049457,2.771481853745609,0.1675863207151561,3,4,facultad de derecho,1967,NA,NA,NA,0.8928571428571429
3,1967,eneo,0.5576753099071963,0.4960160273486048,1.1029965701868958,-0.8265465323627166,-0.34205371287089315,0.01588034167224661,row,38.57973402385694,26.355928632835628,1.5674228066069684,2.681286053730175,0.16742175794058828,3,1,eneo,1967,NA,NA,NA,0.9285714285714286
3,1967,facultad de contaduria y administracion,-0.742801126514606,-0.8363600954336031,-0.24053476219646056,-0.9659032638655916,-0.3901677739052758,0.100617482458239,row,38.57973402385694,26.355928632835628,1.4973569413323544,2.603132102789144,0.15651551154510115,3,4,facultad de contaduria y administracion,1967,NA,NA,NA,0.9642857142857144
5,1968,enap,-0.9133235645096276,-0.5359378622069959,4.379744427529706,1.0667183174570882,-0.4727654136472456,0.02459242912203949,row,44.07970158659757,19.556733713379177,4.630490097701492,5.040222424827151,0.3518646425424213,5,6,enap,1968,NA,NA,NA,0.10714285714285714
2,1968,fo,2.242734946907944,-0.6391100923850759,0.39332193830139406,-0.6398964899504732,-2.1239288251411335,0.035443199321777,row,44.07970158659757,19.556733713379177,2.449998248421974,3.2113020862615937,0.21507923094455883,2,3,fo,1968,NA,NA,NA,0.21428571428571427
2,1968,facultad de quimica,2.133748181410855,-1.57425634916915,0.12753374580290214,-0.6434182450188873,0.8084426530483116,0.08238175706615716,row,44.07970158659757,19.556733713379177,2.7315593072300692,3.4408898110408273,0.2274804487175085,2,3,facultad de quimica,1968,NA,NA,NA,0.25
4,1968,escuela nacional de musica,-0.473355151915026,-0.15791334833942383,-1.158782374151783,2.482372454778443,1.4355789524228757,0.01650758091907335,row,44.07970158659757,19.556733713379177,2.7845917690598494,3.5774461960718136,0.23294616135599608,4,1,escuela nacional de musica,1968,NA,NA,NA,0.32142857142857145
4,1968,facultad de ingenieria,-0.6551538693180254,-0.93341724545168,-0.8296312938530953,0.8725934215208925,-0.4877272086600688,0.13186384269079182,row,44.07970158659757,19.556733713379177,1.6583732117985026,2.721254738146404,0.1651216701971626,4,5,facultad de ingenieria,1968,NA,NA,NA,0.35714285714285715
7,1968,facultad de medicina,0.6943254532082115,1.61157712223786,-0.29944464260218073,0.8889406943633393,-0.3981251493430734,0.17091282400607935,row,44.07970158659757,19.556733713379177,1.9897616208911997,3.004707498311261,0.17953760232655905,7,4,facultad de medicina,1968,NA,NA,NA,0.42857142857142855
7,1968,ffyl,-0.16430128917094602,0.3461814187977372,0.29056780905067314,0.6600223450516599,3.3673566672135262,0.04930219871453413,row,44.07970158659757,19.556733713379177,0.8166367833792757,2.2837200971109364,0.1445606093833508,7,2,ffyl,1968,NA,NA,NA,0.4642857142857143
7,1968,fmvz,0.820222983771636,-1.1053920798865182,0.3777998298762974,1.70643577084788,0.2389126853934505,0.03589655964132537,row,44.07970158659757,19.556733713379177,2.2247051815615584,3.0759237043174643,0.2053014767979645,7,1,fmvz,1968,NA,NA,NA,0.5
1,1968,facultad de arquitectura,-0.9259556301903658,-0.1238989673539344,1.5536438058652524,-0.03711266050236073,-0.27636589300755826,0.1004997787399384,row,44.07970158659757,19.556733713379177,1.8132653441417883,2.7535246281321992,0.17959867027200213,1,2,facultad de arquitectura,1968,NA,NA,NA,0.5714285714285714
3,1968,facultad de contaduria y administracion,-0.9308334528164098,-0.7294994459531122,-0.9996504002308388,-0.4585155573335264,-0.38636233411950544,0.11090100432178931,row,44.07970158659757,19.556733713379177,1.6149791941466514,2.690082481948166,0.16251589511802506,3,5,facultad de contaduria y administracion,1968,NA,NA,NA,0.7142857142857143
3,1968,facultad de economia,-0.7192507968221175,-0.01066719600133628,-0.6996766113158969,-0.31054401676199445,0.06274467906760284,0.04426165100678137,row,44.07970158659757,19.556733713379177,1.050438215493397,2.3570134157857865,0.14493401771813802,3,5,facultad de economia,1968,NA,NA,NA,0.75
3,1968,fcpys,-0.5943836720667081,0.28080556943256196,0.30238212203284404,-0.5837195187828685,-1.5540783589456808,0.02626092545427569,row,44.07970158659757,19.556733713379177,0.9296812043797802,2.255804118733083,0.14537129897619486,3,2,fcpys,1968,NA,NA,NA,0.7857142857142857
6,1968,eneo,0.5029044386651681,1.01397388383962,0.04076043973457005,-1.3186740587529016,0.2774363413103274,0.01484192191048132,row,44.07970158659757,19.556733713379177,1.738280356620628,2.6758841742138784,0.1754526321944815,6,7,eneo,1968,NA,NA,NA,0.8928571428571429
6,1968,facultad de ciencias,0.19010482327509404,0.9808224622247114,0.19764093717259376,-1.5134335168000863,0.02985163499640537,0.07191838589594088,row,44.07970158659757,19.556733713379177,1.824197219616711,2.7090636928129137,0.17684664512398263,6,7,facultad de ciencias,1968,NA,NA,NA,0.9285714285714286
6,1968,facultad de derecho,-0.6636273210268959,0.46495283540381765,-0.20619975967049264,-1.6613764655917924,0.6724195839988462,0.08441594118901528,row,44.07970158659757,19.556733713379177,1.8599119499787695,2.769083379502264,0.175994118981861,6,7,facultad de derecho,1968,NA,NA,NA,0.9642857142857144
1,1969,enap,-0.7285600344274614,-1.1610309457616783,2.6918661292127464,1.5642329732338318,-1.5343007335301797,0.02270056987045227,row,48.442023536553755,22.070512092208386,3.4017290651866987,3.7557567044338978,0.27111474359746135,1,2,enap,1969,NA,NA,NA,0.10714285714285714
1,1969,ffyl,0.1313144058051929,0.05854804006388225,1.0328371195384998,2.016066313610766,2.539855544709295,0.04810720671971661,row,48.442023536553755,22.070512092208386,2.2697901318271656,2.8634100766475243,0.2071419674057731,1,2,ffyl,1969,NA,NA,NA,0.14285714285714285
1,1969,fmvz,0.7571047923502104,-1.144182591343446,1.4365251591509636,0.05107143550752025,1.199895168181852,0.03322491957106494,row,48.442023536553755,22.070512092208386,1.9871019836262955,2.7541515026962564,0.19389062484122857,1,2,fmvz,1969,NA,NA,NA,0.17857142857142858
1,1969,facultad de arquitectura,-0.9185397556317484,-0.872190403334271,1.3935325649546246,0.24073344154495427,-1.131698959265822,0.10182354289828946,row,48.442023536553755,22.070512092208386,1.8985038798515856,2.658444046105117,0.1817874824789705,1,2,facultad de arquitectura,1969,NA,NA,NA,0.21428571428571427
4,1969,escuela nacional de musica,-0.7084284434934629,-0.5724094950330083,0.6784336351914096,-1.0796455747602478,3.256504815804569,0.0164767996209295,row,48.442023536553755,22.070512092208386,1.5669812551568478,2.578870611268344,0.16877778563962195,4,3,escuela nacional de musica,1969,NA,NA,NA,0.2857142857142857
4,1969,facultad de contaduria y administracion,-0.918567865957766,-0.5679545396900532,-1.150302924292908,-0.8946840053211104,0.20070042604631733,0.1255479377253565,row,48.442023536553755,22.070512092208386,1.8138344937008408,2.8103240154685065,0.1698336884372585,4,3,facultad de contaduria y administracion,1969,NA,NA,NA,0.32142857142857145
4,1969,fcpys,-0.5062488291165028,0.508266459722387,0.30057650274240205,-0.4294891594463612,-1.7049353782157677,0.02438368258325529,row,48.442023536553755,22.070512092208386,0.8884986455495327,2.261553315531941,0.1466350909319808,4,3,fcpys,1969,NA,NA,NA,0.35714285714285715
4,1969,facultad de ingenieria,-0.5818934992481412,-0.6389822185493848,-0.3722242446179631,-0.7460886190818736,0.21747938948300863,0.12957876184492617,row,48.442023536553755,22.070512092208386,1.2008736136223706,2.3866157909757013,0.14646515249337955,4,3,facultad de ingenieria,1969,NA,NA,NA,0.39285714285714285
2,1969,facultad de quimica,2.46915699415089,-1.4006496115795053,-0.6332170700451472,0.23897890370692695,-0.09144902052255492,0.08614499353980774,row,48.442023536553755,22.070512092208386,2.9183266387427578,3.5762720782682753,0.23947284861301216,2,4,facultad de quimica,1969,NA,NA,NA,0.5
2,1969,facultad de medicina,0.47068227402889473,1.5571697468103465,0.7261213799476062,-0.9315933479633416,0.22730759378511808,0.17612770642098022,row,48.442023536553755,22.070512092208386,2.010332770427069,2.9933815867374873,0.1809357064839136,2,1,facultad de medicina,1969,NA,NA,NA,0.5357142857142857
2,1969,fo,1.728967689220762,-0.02789467746222665,-0.19076069280387745,-0.8786748729372749,-1.6602497331875272,0.03356036115424802,row,48.442023536553755,22.070512092208386,1.9489911640770603,2.919979905340794,0.19164328314753745,2,1,fo,1969,NA,NA,NA,0.5714285714285714
3,1969,eneo,0.49101648499160994,0.8312107296191034,-0.8763987563146821,1.6057474961667328,0.13104780247534442,0.01334742060476418,row,48.442023536553755,22.070512092208386,2.0684555269773366,2.771203499506433,0.1944976736132534,3,4,eneo,1969,NA,NA,NA,0.6785714285714286
3,1969,facultad de ciencias,0.13499395018344232,1.1861315780113568,-0.7313248131590774,1.2087965777714655,-1.0763993545174364,0.06863927951238814,row,48.442023536553755,22.070512092208386,1.8496368929376403,2.652471018245307,0.18115180827647423,3,4,facultad de ciencias,1969,NA,NA,NA,0.7142857142857143
3,1969,facultad de derecho,-0.5784382028206037,0.7205832912291178,-1.2394136417843138,1.677001489852833,-0.11256406629454824,0.0794748926060631,row,48.442023536553755,22.070512092208386,2.2808575594478917,2.946260721958552,0.20055331253795783,3,4,facultad de derecho,1969,NA,NA,NA,0.75
3,1969,facultad de economia,-0.7376277491518176,-0.02293473080214417,-0.8030898655535188,0.33912524153675777,0.6654201236451855,0.04086192532775778,row,48.442023536553755,22.070512092208386,1.1421821044815388,2.3244368149345407,0.1525053840980909,3,4,facultad de economia,1969,NA,NA,NA,0.7857142857142857
1,1970,facultad de derecho,-0.6028093520626232,-0.7849345420605205,-0.5689972696728938,0.16306626517365466,0.4411768814291392,0.07876937809013267,row,47.43356767297778,18.29499831759932,1.153191159342982,2.395886781773736,0.1444655879299046,1,5,facultad de derecho,1970,NA,NA,NA,0
1,1970,fmvz,0.7955850753823441,1.3419344862238047,1.1921816757172592,0.9178445368641144,-0.5587447309524325,0.03271122854487725,row,47.43356767297778,18.29499831759932,2.167366955375852,2.983196950879115,0.20444464649581204,1,6,fmvz,1970,NA,NA,NA,0.03571428571428571
1,1970,facultad de contaduria y administracion,-0.8751744475200265,0.371124002777017,-1.341063276719925,0.4473785715993379,-0.03959815855211678,0.12749579433172545,row,47.43356767297778,18.29499831759932,1.7036025468172633,2.7466546312881808,0.16151688659638974,1,3,facultad de contaduria y administracion,1970,NA,NA,NA,0.07142857142857142
1,1970,facultad de arquitectura,-0.8554119542513455,0.8504351721978028,0.363896970875282,-1.6247185719947614,-0.323304319586355,0.10418738043585486,row,47.43356767297778,18.29499831759932,2.0559914973520965,2.9997269962244495,0.18933556252796385,1,4,facultad de arquitectura,1970,NA,NA,NA,0.10714285714285714
1,1970,enap,-0.6742850053631357,2.6639628340975787,3.516078785573748,-2.3083726063966115,1.526013059092731,0.01953746888999265,row,47.43356767297778,18.29499831759932,5.024216592289271,5.415849713037543,0.37932130784750695,1,6,enap,1970,NA,NA,NA,0.14285714285714285
1,1970,facultad de economia,-0.6726495854338461,-0.00539940299738659,-0.2565732660697675,1.1206638702899647,1.1183440492101684,0.03880279808418842,row,47.43356767297778,18.29499831759932,1.3319924809742898,2.4180587298464404,0.15395247514628885,1,2,facultad de economia,1970,NA,NA,NA,0.17857142857142858
1,1970,facultad de ingenieria,-0.4285390897712335,0.6738251669320136,-0.5595462510136077,0.3058891907085418,-0.850593242286065,0.13152515430375358,row,47.43356767297778,18.29499831759932,1.0219326352889526,2.330202644671316,0.1389290554609963,1,3,facultad de ingenieria,1970,NA,NA,NA,0.21428571428571427
1,1970,escuela nacional de musica,-0.6879245504060622,0.2073494863586504,0.066668625761434,1.099805424756764,-0.30075167534335917,0.01914782066994075,row,47.43356767297778,18.29499831759932,1.3153899325028695,2.404620636968536,0.15588120499361585,1,2,escuela nacional de musica,1970,NA,NA,NA,0.25
1,1970,fcpys,-0.512015798275122,-0.487603690617153,-0.1883651270651027,-1.2279947704145835,1.2457675748754822,0.02443387814354396,row,47.43356767297778,18.29499831759932,1.4294649747533503,2.584841183627345,0.16139841995625973,1,4,fcpys,1970,NA,NA,NA,0.2857142857142857
1,1970,ffyl,-0.21459308141039385,0.2378306477572933,1.9822459598289857,2.46212735545363,1.275262888437482,0.0577335636233512,row,47.43356767297778,18.29499831759932,3.17710304638255,3.7710969113929065,0.25572107894057317,1,2,ffyl,1970,NA,NA,NA,0.32142857142857145
2,1970,eneo,0.46449661678932747,-0.6747945147853028,-0.05063076327355991,0.4463484585205631,0.4443924822055344,0.01571793716733003,row,47.43356767297778,18.29499831759932,0.9342885875394228,2.291004697781931,0.14537296177998138,2,5,eneo,1970,NA,NA,NA,0.3928571428571429
2,1970,facultad de ciencias,0.19467239106032713,-1.6432485496267502,-0.2609513691304479,-0.9463334293558106,2.1149834979716235,0.07090144409682272,row,47.43356767297778,18.29499831759932,1.9240077214655211,2.897368062973695,0.17876817780411672,2,1,facultad de ciencias,1970,NA,NA,NA,0.42857142857142855
2,1970,facultad de quimica,2.6086080889865353,1.0609526978011423,-0.7670627103196384,0.01287870574448528,0.2898885687976244,0.08466961876058715,row,47.43356767297778,18.29499831759932,2.9187339466834024,3.668356764743101,0.23814280399183568,2,6,facultad de quimica,1970,NA,NA,NA,0.4642857142857143
2,1970,fo,1.7946065578633563,-0.27176902639851297,-0.2686669471876391,-0.8964570407847418,0.15920244198929095,0.03347738284362805,row,47.43356767297778,18.29499831759932,2.042128364163091,2.9844681909815756,0.1940346711224912,2,1,fo,1970,NA,NA,NA,0.5
2,1970,facultad de medicina,0.3345201811537757,-1.3540735461529902,0.84446836485778,-0.08359595696515523,-1.3934842222649997,0.16088915201427115,row,47.43356767297778,18.29499831759932,1.6326463252208,2.6702730389581735,0.16234779067931138,2,1,facultad de medicina,1970,NA,NA,NA,0.5357142857142857
1,1971,facultad de contaduria y administracion,-0.8402925522024118,-0.06623017950584918,-1.252696482403181,0.21291130916015544,0.08931825486489306,0.1247861739189372,row,43.17247046041019,20.875766179656733,1.524813992773484,2.5492350031725244,0.14866648238616503,1,5,facultad de contaduria y administracion,1971,NA,NA,NA,0.07142857142857142
1,1971,facultad de economia,-0.6772747448486399,0.06764296628159848,-0.01881933281435518,0.9006436415790172,1.0511904397163865,0.03732174675301111,row,43.17247046041019,20.875766179656733,1.129065891479082,2.3258979560393263,0.14566437194512533,1,2,facultad de economia,1971,NA,NA,NA,0.10714285714285714
1,1971,facultad de arquitectura,-0.8473958080958612,0.4101165604806534,-0.1907383764857808,-1.4780803796402353,-1.4173109325163942,0.09988279272036708,row,43.17247046041019,20.875766179656733,1.7627756481471977,2.7603226446357145,0.17119835233877703,1,2,facultad de arquitectura,1971,NA,NA,NA,0.14285714285714285
1,1971,facultad de ingenieria,-0.31461747139463864,0.31654721161711435,-0.6935676297872936,0.02707977773036288,-0.3095697539795522,0.13293310292236707,row,43.17247046041019,20.875766179656733,0.8252003768419017,2.1664525697642536,0.12777701332104133,1,2,facultad de ingenieria,1971,NA,NA,NA,0.17857142857142858
1,1971,enap,-0.8066079097731818,3.1398708877403023,3.025394806955919,-4.147048769827723,2.007955409158386,0.01873519127039545,row,43.17247046041019,20.875766179656733,6.071279333803808,6.41362198123559,0.4505194739568387,1,4,enap,1971,NA,NA,NA,0.21428571428571427
1,1971,ffyl,-0.7762480054387386,1.8109453828502684,1.4091474615413382,2.4940278252172132,-0.27345798838929036,0.06002356415668079,row,43.17247046041019,20.875766179656733,3.4767737209862286,4.1011479075652515,0.2738549928621344,1,3,ffyl,1971,NA,NA,NA,0.25
1,1971,fcpys,-0.4458124131564654,-0.7774801351135711,0.16756188880995015,-0.6701126752204608,0.6921370815713351,0.02541447533994113,row,43.17247046041019,20.875766179656733,1.1315264258042268,2.346808578685828,0.14396432532094247,1,2,fcpys,1971,NA,NA,NA,0.2857142857142857
1,1971,facultad de derecho,-0.6394647496642397,-0.5916228797887629,-0.580028687759552,0.2216850111526511,0.6912020989618417,0.0781807979127941,row,43.17247046041019,20.875766179656733,1.0698178913939125,2.2502122419706234,0.1334697519648166,1,5,facultad de derecho,1971,NA,NA,NA,0.32142857142857145
1,1971,escuela nacional de musica,-0.6314804320611641,-0.3356056156834132,-0.33164255007994775,0.09874805273081128,0.5870038729198178,0.0223597323787522,row,43.17247046041019,20.875766179656733,0.7944410766671466,2.115753981385039,0.12756684088877732,1,2,escuela nacional de musica,1971,NA,NA,NA,0.35714285714285715
2,1971,facultad de quimica,2.6319799899344147,1.018873766734089,-0.978691628398014,-0.05749014817450887,-0.7575010033333038,0.08129209742081099,row,43.17247046041019,20.875766179656733,2.9877357380778435,3.7162294457641183,0.2410667173840045,2,1,facultad de quimica,1971,NA,NA,NA,0.42857142857142855
2,1971,facultad de medicina,0.4469069105615596,-1.2471279836342484,1.3434480189918043,0.08618866830203244,-0.817573560859561,0.17188311361787667,row,43.17247046041019,20.875766179656733,1.888739013349379,2.8933305722740363,0.1703390280219709,2,1,facultad de medicina,1971,NA,NA,NA,0.4642857142857143
2,1971,eneo,0.41873521126513485,0.15563526916621878,-0.07076986824687084,0.6339628188875683,-0.3928762257841144,0.01645423381175834,row,43.17247046041019,20.875766179656733,0.7787674519041289,2.1989274649644392,0.14007609698426904,2,2,eneo,1971,NA,NA,NA,0.5
2,1971,fo,1.5944281824157556,-0.3217451476014505,-0.2784549535510363,-0.5988080896656688,2.449185651503984,0.03545292647269858,row,43.17247046041019,20.875766179656733,1.7555140154076945,2.779296888274934,0.1771883662635386,2,1,fo,1971,NA,NA,NA,0.5357142857142857
2,1971,facultad de ciencias,0.20745615509325063,-1.2604340699793106,0.12012616589178846,-0.14705223120488478,1.5792658489113285,0.06469923205788954,row,43.17247046041019,20.875766179656733,1.2914281844085953,2.457099981185545,0.14724330706318947,2,1,facultad de ciencias,1971,NA,NA,NA,0.5714285714285714
2,1971,fmvz,0.8545168823025449,1.655193020611463,0.8966436264332294,0.6380081091783629,1.5023022437817657,0.0305808192457197,row,43.17247046041019,20.875766179656733,2.163535804608198,3.0065546774300618,0.20426868796168324,2,3,fmvz,1971,NA,NA,NA,0.6071428571428571
1,1972,facultad de economia,-0.3867465595076453,-0.132052897472611,0.1996074066764848,-0.8085053873207197,0.31888441773404336,0.03549932157417401,row,40.52585109043753,19.29478693579768,0.9276502288840612,2.178603007001773,0.12121692416233672,1,5,facultad de economia,1972,NA,NA,NA,0.10714285714285714
1,1972,fcpys,-0.3107918816855873,0.04668602854794903,0.3958969816466834,-0.7233428544933095,1.8529069695410432,0.03904625479029858,row,40.52585109043753,19.29478693579768,0.8824570721608681,2.152546768791699,0.12222833841928105,1,5,fcpys,1972,NA,NA,NA,0.14285714285714285
1,1972,facultad de ciencias,0.10288465786914958,-0.04991976508906867,-1.0155044792120511,1.2869656085065189,-1.1585143591056468,0.07064712077961025,row,40.52585109043753,19.29478693579768,1.643352384776221,2.988077601902539,0.1625125656237173,1,1,facultad de ciencias,1972,NA,NA,NA,0.17857142857142858
1,1972,facultad de ingenieria,-0.17342370868437665,0.4849213683960271,0.00189751236900778,-0.6932363102503373,0.511653451010748,0.1320340003675323,row,40.52585109043753,19.29478693579768,0.8635998486936014,2.1591770607823904,0.12318267897694173,1,5,facultad de ingenieria,1972,NA,NA,NA,0.21428571428571427
1,1972,fmvz,0.20713560941234577,1.6424260511260251,-0.17769800664646057,0.08018889895415558,0.9358767372556962,0.02976878120729384,row,40.52585109043753,19.29478693579768,1.666875920752849,2.688849279821399,0.1708998852151569,1,7,fmvz,1972,NA,NA,NA,0.25
1,1972,escuela nacional de musica,-0.553235572019146,0.5819815988294497,0.8002562074174151,-1.5212958418516875,-5.008071775246496,0.02492945512199857,row,40.52585109043753,19.29478693579768,1.8972409481846984,2.660331762335595,0.1703204426789472,1,2,escuela nacional de musica,1972,NA,NA,NA,0.2857142857142857
1,1972,facultad de quimica,0.5519385837620945,1.766863660155339,-1.956136498533305,0.5516623490957971,0.01337031390163137,0.08598320424127012,row,40.52585109043753,19.29478693579768,2.7490443325139116,3.6339589961347984,0.22308697686293996,1,7,facultad de quimica,1972,NA,NA,NA,0.32142857142857145
1,1972,facultad de arquitectura,-0.3636426529581538,-0.6261234506476964,0.43339108431374407,0.48483520680415854,-0.527725611717653,0.07652658272029225,row,40.52585109043753,19.29478693579768,0.973221230872455,2.5034973443919863,0.12700371559842896,1,3,facultad de arquitectura,1972,NA,NA,NA,0.35714285714285715
1,1972,ffyl,-0.5210276383797721,0.942781021740238,0.6975215229613576,-1.885963869083632,0.21256440272425717,0.04553674597939974,row,40.52585109043753,19.29478693579768,2.281162389088599,2.9387424999827005,0.19231055362480295,1,2,ffyl,1972,NA,NA,NA,0.3928571428571429
1,1972,enap,-0.3523184726586807,3.76578902372091,5.498622806381728,3.5729885644757013,0.12474713724856872,0.0160308324762907,row,40.52585109043753,19.29478693579768,7.570098765940166,7.867690287097666,0.5541614622817201,1,6,enap,1972,NA,NA,NA,0.42857142857142855
1,1972,eneo,-0.00929257357392225,0.7680016840306918,-0.7467076011590261,-0.1863051895528713,-0.2189120340619496,0.01562486756666704,row,40.52585109043753,19.29478693579768,1.0872878201656653,2.40181451871381,0.14152019934499377,1,7,eneo,1972,NA,NA,NA,0.4642857142857143
1,1972,facultad de derecho,-0.46108509818042825,-0.3400095283947901,0.0715795893849527,-0.9911403749383364,0.4221624682722886,0.08700823756361076,row,40.52585109043753,19.29478693579768,1.147034797908384,2.323393845319418,0.1283531068966381,1,5,facultad de derecho,1972,NA,NA,NA,0.5
1,1972,facultad de contaduria y administracion,-0.38920886242575975,-0.695719749892243,0.16062634129213743,-0.36096759862336025,-0.381770384173551,0.11157162002279256,row,40.52585109043753,19.29478693579768,0.8897235175905449,2.3482159974190067,0.11997985738119891,1,3,facultad de contaduria y administracion,1972,NA,NA,NA,0.5357142857142857
1,1972,facultad de medicina,-0.2977452323769158,-1.0732889717288825,-0.0296539144949928,1.025283515357167,0.3686035040054856,0.18512686027189493,row,40.52585109043753,19.29478693579768,1.514162171547702,2.9232375692506003,0.1434523802729996,1,1,facultad de medicina,1972,NA,NA,NA,0.5714285714285714
2,1972,fo,4.425568454295134,-0.7710671485385232,0.9495740442333476,-0.5199844962209027,-0.08483616268432649,0.0446661153168744,row,40.52585109043753,19.29478693579768,4.6208522409831865,5.350582243532043,0.3495331300534997,2,4,fo,1972,NA,NA,NA,0.6785714285714286
1,1973,ffyl,-0.6622769483325016,-0.5208160318983341,1.301797540854801,-1.5119357460519849,-1.4209888083383375,0.05302588950835859,row,31.660124649117165,22.032214162308,2.1657531329632924,2.9518009697403325,0.17091618911782736,1,4,ffyl,1973,NA,NA,NA,0.07142857142857142
1,1973,facultad de economia,-0.18453593564022164,-0.5828298074403904,-0.206515137523972,-0.612210625826165,-0.0428345922838363,0.03432912534293585,row,31.660124649117165,22.032214162308,0.8894911176535852,2.170914641731553,0.11020106491473618,1,3,facultad de economia,1973,NA,NA,NA,0.10714285714285714
1,1973,escuela nacional de musica,-0.5021599724044851,-1.0721744148296923,2.175821217929496,-2.874130572237279,-1.3790642982915675,0.0179339335663842,row,31.660124649117165,22.032214162308,3.7942782096680583,4.223433720040626,0.25874392630629545,1,4,escuela nacional de musica,1973,NA,NA,NA,0.14285714285714285
1,1973,facultad de derecho,-0.16257743236165223,-0.7270559686469029,-0.4977494734821265,-0.7928588284961605,0.1314498272909377,0.07273215325972754,row,31.660124649117165,22.032214162308,1.1964202703625646,2.303695593359909,0.1166092031717577,1,3,facultad de derecho,1973,NA,NA,NA,0.17857142857142858
1,1973,facultad de contaduria y administracion,-0.06936994396732057,-0.7848047525486236,-0.5624758771164144,-0.8382889930749631,0.3008329227982038,0.09525466456087246,row,31.660124649117165,22.032214162308,1.2805616880874775,2.351595820297632,0.11950401684719644,1,3,facultad de contaduria y administracion,1973,NA,NA,NA,0.21428571428571427
1,1973,facultad de ingenieria,-0.03998963094630937,-0.37055297869444337,0.2962194915319679,-0.1903202675862048,-0.2073305604992311,0.12484952584147448,row,31.660124649117165,22.032214162308,0.5127148057352049,2.097121781202222,0.10672361727821995,1,3,facultad de ingenieria,1973,NA,NA,NA,0.25
2,1973,enap,-0.7190790519147047,0.766871627724868,4.9520899557739035,0.07639741717642883,6.320023258310525,0.0144824052180659,row,31.660124649117165,22.032214162308,5.063022641835601,5.381955172735394,0.3349354649670004,2,2,enap,1973,NA,NA,NA,0.35714285714285715
2,1973,facultad de quimica,0.6671760792526034,-0.28281312820564364,1.1985781780601097,2.108976341571752,-1.2527216881947278,0.07712356708874529,row,31.660124649117165,22.032214162308,2.53169469811105,3.272921518950503,0.18624923281268,2,2,facultad de quimica,1973,NA,NA,NA,0.39285714285714285
2,1973,fmvz,0.4001839465834611,-0.27969731153857985,1.570997407496979,1.1831366836356063,-0.4397402359903886,0.0281586921047965,row,31.660124649117165,22.032214162308,2.026381761591708,2.8490854470748572,0.16638891240371834,2,2,fmvz,1973,NA,NA,NA,0.42857142857142855
2,1973,eneo,0.12401898415353088,-0.3631450986730787,0.6869908495982572,0.6624539444869824,-0.9151131241566166,0.01366353412582493,row,31.660124649117165,22.032214162308,1.0286188444311386,2.284132893834636,0.12593739056941075,2,3,eneo,1973,NA,NA,NA,0.4642857142857143
3,1973,facultad de medicina,-0.151042935843632,-0.01427619778842986,-0.9975957455327872,0.41198935306243606,0.4754103213055761,0.17484378308708834,row,31.660124649117165,22.032214162308,1.0899313174844916,2.4369608259686,0.1150032916092288,3,3,facultad de medicina,1973,NA,NA,NA,0.5357142857142857
3,1973,facultad de arquitectura,-1.491353525868734,2.159200853786752,-0.15718294835110197,0.13335806723995366,-0.40437818460792785,0.11527156571970008,row,31.660124649117165,22.032214162308,2.632256545146173,3.719628857251788,0.1903803757773666,3,4,facultad de arquitectura,1973,NA,NA,NA,0.5714285714285714
3,1973,ents,0.14020436793832844,-0.3199750673437753,-1.9054471662330543,0.4564664227061379,1.76986275476847,0.00239172334661702,row,31.660124649117165,22.032214162308,1.9902592310737703,3.0246033335565583,0.157055849908929,3,3,ents,1973,NA,NA,NA,0.6071428571428571
3,1973,facultad de psicologia,0.25072606458431196,-0.7759108974267206,-0.32336616319382666,0.664181235701587,0.2168169869209121,0.02064700368050138,row,31.660124649117165,22.032214162308,1.1002743610410357,2.2875748142974035,0.11985119456436116,3,3,facultad de psicologia,1973,NA,NA,NA,0.6428571428571429
3,1973,fo,3.6570757374124008,2.163013369444346,-0.02646505792871023,-1.3057830756315036,-0.00508370246252825,0.04803338835696044,row,31.660124649117165,22.032214162308,4.445064636814888,5.123631425124244,0.2964334229269204,3,1,fo,1973,NA,NA,NA,0.6785714285714286
3,1973,fcpys,0.03704106556046579,-0.516928864769502,-0.6612503270747367,-0.28622185630736635,1.1028991898222935,0.03546011267891157,row,31.660124649117165,22.032214162308,0.8875598221270619,2.200133447590309,0.10945190804697412,3,3,fcpys,1973,NA,NA,NA,0.7142857142857143
3,1973,facultad de ciencias,0.49738445268826503,-0.7086884011778273,-0.5215689644283592,1.0939669895962096,0.4889803888145195,0.0717989325130354,row,31.660124649117165,22.032214162308,1.489438989257719,2.546406641487691,0.13385405805930395,3,3,facultad de ciencias,1973,NA,NA,NA,0.75
3,1974,facultad de derecho,-0.4265896457000082,-0.487688721666497,-0.1514123115898598,-0.920875914210818,-0.3223896174326518,0.07555703198313454,row,33.54183127576437,19.89939154779886,1.136114938082303,2.483734317097792,0.10785465874698416,3,3,facultad de derecho,1974,NA,NA,NA,0.10714285714285714
3,1974,facultad de economia,-0.3730754094653595,-0.3483344409133898,-0.2132409267451449,-0.5700265307495764,-0.1151776353308434,0.03615228687566495,row,33.54183127576437,19.89939154779886,0.7943072972544791,2.3373141149879393,0.10054079462894933,3,3,facultad de economia,1974,NA,NA,NA,0.14285714285714285
3,1974,facultad de contaduria y administracion,-0.4125360388282168,-0.4254694351481528,-0.195808957449562,-0.9331382720782148,-0.13864811640610322,0.0894583412836734,row,33.54183127576437,19.89939154779886,1.1226301288545415,2.4758509710849124,0.10761967452150892,3,3,facultad de contaduria y administracion,1974,NA,NA,NA,0.17857142857142858
3,1974,facultad de arquitectura,-0.7668237293111749,0.8233320765148662,1.0137419009105535,-0.5400706666778777,-0.6754814413554003,0.08648319760663727,row,33.54183127576437,19.89939154779886,1.6078691820918174,2.7397391625593825,0.13507391963640503,3,3,facultad de arquitectura,1974,NA,NA,NA,0.21428571428571427
3,1974,fo,3.882939845789489,0.9088383899856411,0.1895206266639388,-1.4828909055152952,-0.02369153930114905,0.05182009095643503,row,33.54183127576437,19.89939154779886,4.258883958353697,5.040864153819645,0.26802507386800656,3,6,fo,1974,NA,NA,NA,0.25
3,1974,facultad de ingenieria,-0.25274329209094165,0.28613639934388757,-0.4339542736863981,-0.09682294071232904,-0.4486611885052604,0.11936248282471328,row,33.54183127576437,19.89939154779886,0.586041128441788,2.30038259195323,0.10124446444119588,3,3,facultad de ingenieria,1974,NA,NA,NA,0.2857142857142857
5,1974,eneo,-0.01293807802363166,0.5266666663474059,-1.1539682472840798,0.9764953056726636,-0.11583162607027508,0.01280348550229196,row,33.54183127576437,19.89939154779886,1.6008532003419538,2.7612035615478545,0.1368722357144973,5,4,eneo,1974,NA,NA,NA,0.35714285714285715
5,1974,facultad de ciencias,0.30794316445982617,-0.5918621333528047,-0.20647570930669396,1.0336785645013895,0.6909622159124011,0.06847738681477879,row,33.54183127576437,19.89939154779886,1.2474988459625205,2.632098464095465,0.11828109626973785,5,5,facultad de ciencias,1974,NA,NA,NA,0.3928571428571429
5,1974,facultad de quimica,0.4604154470884059,0.7450125996311235,-1.2058761074881048,2.13795515112173,-0.38678493191181385,0.07625904559255785,row,33.54183127576437,19.89939154779886,2.606149568299054,3.4568719184952843,0.17736742367551822,5,4,facultad de quimica,1974,NA,NA,NA,0.42857142857142855
5,1974,fmvz,0.2952347686150128,1.1812517970134255,-0.6357118212317175,1.8208569847721532,-0.550822784269171,0.0291427264906099,row,33.54183127576437,19.89939154779886,2.280826397425699,3.178578123329437,0.16572367612054412,5,4,fmvz,1974,NA,NA,NA,0.4642857142857143
2,1974,enep cuautitlan,0.4722474582082994,-1.8174064030620636,1.4583846685863675,0.03419641754317578,1.5385272614111016,0.02032461954595466,row,33.54183127576437,19.89939154779886,2.377822308797641,3.4359920339976413,0.1653554470103356,2,1,enep cuautitlan,1974,NA,NA,NA,0.5714285714285714
2,1974,facultad de medicina,0.00935250771168562,-1.1009207383755648,0.53675292357626,0.4216586362158249,0.4763043240823487,0.183040085466633,row,33.54183127576437,19.89939154779886,1.2953816611520126,2.6227130600495117,0.11103816345628956,2,5,facultad de medicina,1974,NA,NA,NA,0.6071428571428571
2,1974,facultad de psicologia,0.00901708581296112,-0.8863279377695807,0.27523867119874945,0.4053023191852216,-0.5523186375557848,0.02693060575934709,row,33.54183127576437,19.89939154779886,1.0127609871868133,2.474361840373145,0.10528764771196288,2,5,facultad de psicologia,1974,NA,NA,NA,0.6428571428571429
2,1974,fcpys,-0.17243969731080117,-0.6232367424780584,0.7352625095604585,-0.3939638801025354,-0.6779047915822576,0.03443084548055562,row,33.54183127576437,19.89939154779886,1.0554515541576936,2.4840691303786913,0.1100804077131902,2,5,fcpys,1974,NA,NA,NA,0.6785714285714286
4,1974,enap,-0.9647574402807212,4.3350978646642835,5.041285764297941,1.2587219515842274,1.8843910271927309,0.01543457808066944,row,33.54183127576437,19.89939154779886,6.835405878476195,7.107860824405218,0.414211877144865,4,2,enap,1974,NA,NA,NA,0.8214285714285714
4,1974,ents,-0.8467063845327034,1.5727725362053713,1.6814329886845296,0.15972176104420557,-1.5197246201968084,0.00433745959403924,row,33.54183127576437,19.89939154779886,2.4583028878960316,3.2930698235512943,0.17920228291071655,4,2,ents,1974,NA,NA,NA,0.8571428571428571
1,1974,escuela nacional de musica,-1.1373022332439282,1.7580437879675,-2.7337397245417545,-1.5920703675762786,6.180721094619311,0.0168148740648551,row,33.54183127576437,19.89939154779886,3.7937046889557497,4.443588299028095,0.2418757434316328,1,6,escuela nacional de musica,1974,NA,NA,NA,0.9285714285714286
1,1974,ffyl,-1.0281934518842304,1.092346938003641,-1.3048835863166228,-1.1132873325209347,-0.9933613747569257,0.05317085607744897,row,33.54183127576437,19.89939154779886,2.278713116224517,3.1868692085855157,0.1627938872725471,1,6,ffyl,1974,NA,NA,NA,0.9642857142857144
2,1975,fmvz,0.19818618957425707,1.2198012836544363,-0.7512511740235341,1.9053700968729137,-0.01310707081826713,0.02863774610590029,row,30.140807383025887,22.572034268198696,2.3920715854405796,3.320097844777375,0.15065711259906256,2,4,fmvz,1975,NA,NA,NA,0.21428571428571427
2,1975,fo,3.6006018644858533,1.5127792875081152,0.07240900051707493,-1.5801868693501682,-0.24657172261124569,0.05269148141327887,row,30.140807383025887,22.572034268198696,4.213676371611272,4.983323055437419,0.23767835275807983,2,5,fo,1975,NA,NA,NA,0.25
2,1975,facultad de ingenieria,-0.28724815083117705,0.19261685613919016,-0.5178527380337453,-0.09989705606353484,-0.33639472397738257,0.11633366069103712,row,30.140807383025887,22.572034268198696,0.6306850509755911,2.256477065348488,0.09004209655560468,2,5,facultad de ingenieria,1975,NA,NA,NA,0.2857142857142857
2,1975,facultad de derecho,-0.419249146137694,-0.5181223086711787,-0.2970550288604264,-0.8373999081945823,-0.45582048089385874,0.0695376662653684,row,30.140807383025887,22.572034268198696,1.1107208783918223,2.3918080040827916,0.09764613936433168,2,5,facultad de derecho,1975,NA,NA,NA,0.32142857142857145
2,1975,facultad de ciencias,0.4036975681744567,-0.49370264530670105,0.0608563246414171,0.9790895861204666,0.9612105495602864,0.06786225965647169,row,30.140807383025887,22.572034268198696,1.1700572372457736,2.5267393545723476,0.10086190098188956,2,7,facultad de ciencias,1975,NA,NA,NA,0.35714285714285715
2,1975,enep cuautitlan,0.5387178859933157,-1.7488861604869346,1.5385213167977267,-0.02565769465455099,0.947770018681086,0.02282387299529472,row,30.140807383025887,22.572034268198696,2.390925745933536,3.2159803490054286,0.1486765808588574,2,1,enep cuautitlan,1975,NA,NA,NA,0.3928571428571429
2,1975,fcpys,-0.09180649343512708,-0.5279154448724922,0.444441339905503,-0.08641800451130972,-0.9097971138431016,0.03316553577377291,row,30.140807383025887,22.572034268198696,0.7015121704521533,2.26068837432471,0.09135947219925349,2,7,fcpys,1975,NA,NA,NA,0.42857142857142855
2,1975,facultad de psicologia,-0.15156406151051685,-0.34151964595353157,-0.39443178014083274,0.5002165882004894,-1.2938899530790655,0.02555654203461719,row,30.140807383025887,22.572034268198696,0.7385122867019841,2.300058094524081,0.09166786161906616,2,7,facultad de psicologia,1975,NA,NA,NA,0.4642857142857143
2,1975,facultad de economia,-0.41153793728257554,-0.2251167231548208,-0.4889070188038867,-0.4987409634119626,-0.32095795918212394,0.03150070488649966,row,30.140807383025887,22.572034268198696,0.8413166077568884,2.289455634691023,0.09259581051213446,2,5,facultad de economia,1975,NA,NA,NA,0.5
2,1975,enep acatlan,0.428098873476685,-1.7748972248175636,1.3931706164911,-0.6203012878841698,0.738835539003142,0.02040184856571046,row,30.140807383025887,22.572034268198696,2.378912957327789,3.18097924374235,0.14829978289720436,2,1,enep acatlan,1975,NA,NA,NA,0.5357142857142857
2,1975,facultad de quimica,0.34383482139614635,0.9037329906864164,-1.098202529783446,2.007906623549824,0.23590806469456757,0.07148825090304357,row,30.140807383025887,22.572034268198696,2.484490593296249,3.404350931517395,0.1525998036386823,2,4,facultad de quimica,1975,NA,NA,NA,0.5714285714285714
2,1975,enep iztacala,0.47142720512541264,-1.751552117659657,1.3892434653106434,-0.49859884164451906,0.8048508483053329,0.02462303517338051,row,30.140807383025887,22.572034268198696,2.3385415628993997,3.1480237657871424,0.14635316256434916,2,1,enep iztacala,1975,NA,NA,NA,0.6071428571428571
2,1975,facultad de medicina,0.16142059701605949,-0.751661996584519,0.3713762905458632,0.6254371720357083,0.18686930543949373,0.17471593614626846,row,30.140807383025887,22.572034268198696,1.0583687313947234,2.430037295922834,0.09413915282597916,2,7,facultad de medicina,1975,NA,NA,NA,0.6428571428571429
2,1975,eneo,-0.04522436634014978,0.43003871649811715,-0.9518331755547916,0.8928373730584382,0.3627800793674285,0.0128042077462564,row,30.140807383025887,22.572034268198696,1.374817627838263,2.6305804560145796,0.11294742794510151,2,2,eneo,1975,NA,NA,NA,0.6785714285714286
2,1975,facultad de contaduria y administracion,-0.4027428591822023,-0.488173631174901,-0.3062320585377769,-0.9351725331015543,-0.2884850294478953,0.08383410702178809,row,30.140807383025887,22.572034268198696,1.169974805344374,2.4256669783192235,0.09960739716169718,2,5,facultad de contaduria y administracion,1975,NA,NA,NA,0.7142857142857143
1,1975,enap,-1.8455181095569824,4.590486822966434,5.009015101683594,0.66776254907179,1.4072165458541104,0.01376261593833633,row,30.140807383025887,22.572034268198696,7.0721033275376,7.401763042342153,0.3827573174618787,1,8,enap,1975,NA,NA,NA,0.8214285714285714
1,1975,ents,-1.0344906034597892,1.043503975745033,0.7933790635373561,0.05630649474333106,-1.7860766184885244,0.00442138136045114,row,30.140807383025887,22.572034268198696,1.670835753702913,2.762954704159567,0.12737756871663988,1,6,ents,1975,NA,NA,NA,0.8571428571428571
1,1975,escuela nacional de musica,-1.4947985002283972,1.105776331706698,-2.0449670820061048,-2.562490787942397,6.411947033429663,0.01555400766420898,row,30.140807383025887,22.572034268198696,3.7690069324459983,4.4187287861364934,0.21505360460367492,1,3,escuela nacional de musica,1975,NA,NA,NA,0.8928571428571429
1,1975,facultad de arquitectura,-0.9811781294519364,0.8262174138764681,1.2352950512962255,-0.5111138275737892,-0.7541865236323472,0.0790981557102174,row,30.140807383025887,22.572034268198696,1.8527107019720035,2.869016843713576,0.1316063735862348,1,6,facultad de arquitectura,1975,NA,NA,NA,0.9285714285714286
1,1975,ffyl,-1.183612989807913,0.7201843238313193,-1.5511584372014506,-1.0077848197092685,-0.8932720930410966,0.05118698394809783,row,30.140807383025887,22.572034268198696,2.3111313052425406,3.206343326971948,0.14656100682342835,1,3,ffyl,1975,NA,NA,NA,0.9642857142857144
8,1976,facultad de contaduria y administracion,0.7179342970668571,-0.5159177306643571,-0.6559758675534098,-0.7531857948769233,-0.9477238015932976,0.07152090285764115,row,26.52849128897144,24.760491506910903,1.3338642884999858,2.437202210277887,0.09519976397811244,8,3,facultad de contaduria y administracion,1976,NA,NA,NA,0
8,1976,facultad de derecho,0.44709668830814114,-0.5138178613882649,-0.6536907241021409,-0.6273916934202759,-1.1284319977084003,0.06794365392723589,row,26.52849128897144,24.760491506910903,1.1335061284032213,2.327832581361184,0.08999034919135444,8,3,facultad de derecho,1976,NA,NA,NA,0.03571428571428571
8,1976,ffyl,0.8919503460473989,-0.7332078716984305,-0.35565507816481196,-1.2582271987851923,0.4578411443747065,0.03681158652570748,row,26.52849128897144,24.760491506910903,1.7443610352567118,2.7151495511064256,0.1119960570710298,8,3,ffyl,1976,NA,NA,NA,0.07142857142857142
8,1976,facultad de economia,0.724070846408754,-0.4286889367525298,-0.6785541148733243,-0.37893822836837593,-0.9172845609568882,0.03495157813208244,row,26.52849128897144,24.760491506910903,1.1454617683901929,2.3518819023559523,0.08992389799239074,8,3,facultad de economia,1976,NA,NA,NA,0.10714285714285714
8,1976,facultad de ingenieria,0.882095686388415,-0.1790463226698704,-0.26570096529172554,0.02813803861235229,-0.4965222357818528,0.10958864740129158,row,26.52849128897144,24.760491506910903,0.9389031567635489,2.319073070728793,0.08645440586415006,8,3,facultad de ingenieria,1976,NA,NA,NA,0.14285714285714285
7,1976,enep aragon,-2.102089862781239,0.2102655164328794,-0.3638637444325671,-0.8313729963782097,0.5173806951994437,0.00974648980462788,row,26.52849128897144,24.760491506910903,2.2992545014042713,2.9122417142186876,0.1323162112750936,7,4,enep aragon,1976,NA,NA,NA,0.21428571428571427
7,1976,enep iztacala,-1.9836325378252273,-0.05208439548084856,-0.4105639528185014,-0.5698866842663375,0.15242826018835842,0.03317511698944304,row,26.52849128897144,24.760491506910903,2.104957106838424,2.759321642158997,0.12351964545667256,7,4,enep iztacala,1976,NA,NA,NA,0.25
7,1976,enep zaragoza,-2.061517011550649,0.12850526200043297,-0.3890116447788751,-0.9022993076675604,0.14579002083163278,0.01249026306390761,row,26.52849128897144,24.760491506910903,2.287321597778818,2.898922028958502,0.13188063962986452,7,4,enep zaragoza,1976,NA,NA,NA,0.2857142857142857
6,1976,fo,0.2538401012485138,3.5624036981757583,1.323284697598664,-1.5337008215845958,-0.3411811976235531,0.05485170866079964,row,26.52849128897144,24.760491506910903,4.105907391406463,4.828819502935969,0.2105253293280666,6,7,fo,1976,NA,NA,NA,0.35714285714285715
4,1976,escuela nacional de musica,2.0408328960674185,-1.6687078955422885,-0.1678741540503796,-4.250746137589158,5.947863786112974,0.01393543635273961,row,26.52849128897144,24.760491506910903,5.004658770400173,5.445097298846735,0.251092648742491,4,8,escuela nacional de musica,1976,NA,NA,NA,0.42857142857142855
1,1976,eneo,1.095032815294979,0.0953181000401083,-0.3521233044890059,0.7189724768918969,0.4115058777785708,0.01313670291692673,row,26.52849128897144,24.760491506910903,1.3598141971829942,2.5803143415651943,0.0995249058954723,1,5,eneo,1976,NA,NA,NA,0.5
1,1976,ents,0.4949529259041511,-0.5930606091997636,0.9419897656055368,0.7801227673007609,-1.1991806466408292,0.00446824036047648,row,26.52849128897144,24.760491506910903,1.4465944613512267,2.6648628007183204,0.1088440027778112,1,2,ents,1976,NA,NA,NA,0.5357142857142857
1,1976,facultad de quimica,1.3870275563573289,0.5945097660304399,-0.0283942123811885,1.7060276551157203,0.7090532147214433,0.0659520065102667,row,26.52849128897144,24.760491506910903,2.2778551084993404,3.257950131919473,0.13003995634509155,1,5,facultad de quimica,1976,NA,NA,NA,0.5714285714285714
1,1976,fmvz,0.9801104244782062,0.6019375448508114,0.35566917890759603,1.7515704998286217,0.7886338008094125,0.0273540619452209,row,26.52849128897144,24.760491506910903,2.1254281998615157,3.1460924058171713,0.126204293991087,1,5,fmvz,1976,NA,NA,NA,0.6071428571428571
3,1976,enep acatlan,-1.8763203883239796,-0.1346544621729181,-0.3925566500733568,-0.5724015714406561,0.00565885824480377,0.02962650866974503,row,26.52849128897144,24.760491506910903,2.0051070560765267,2.69900603580712,0.12014723584825304,3,4,enep acatlan,1976,NA,NA,NA,0.6785714285714286
3,1976,enep cuautitlan,-1.9374605071359945,0.06592718298662226,-0.3811354537309722,-0.4399229720435732,0.3892122016862132,0.02507560431224286,row,26.52849128897144,24.760491506910903,2.024079066042278,2.7243407579807064,0.12080588419061827,3,4,enep cuautitlan,1976,NA,NA,NA,0.7142857142857143
5,1976,facultad de ciencias,-0.07283500891748196,0.17770722316040605,-0.2929225167056104,0.7566165305716842,0.5361787043793038,0.07073263138218641,row,26.52849128897144,24.760491506910903,0.833760739549946,2.308534442790069,0.08457653013047238,5,1,facultad de ciencias,1976,NA,NA,NA,0.7857142857142857
5,1976,facultad de medicina,-0.8467026621749394,0.12493317748510611,-0.328009890270393,0.7879297358879274,0.7836660693957457,0.1634158516338635,row,26.52849128897144,24.760491506910903,1.2086924562444612,2.459815778481154,0.0907754213449594,5,1,facultad de medicina,1976,NA,NA,NA,0.8214285714285714
5,1976,facultad de psicologia,-0.29198953340798656,-0.0403571237279217,-0.5885888364789578,0.4568197582471744,-0.8959513618113799,0.02515888948812529,row,26.52849128897144,24.760491506910903,0.8012538268289673,2.2492759268381097,0.08354209472188905,5,1,facultad de psicologia,1976,NA,NA,NA,0.8571428571428571
5,1976,fcpys,-0.1312194406146385,-0.2878321133319934,-0.3708171526574665,-0.02119378180694038,-1.1932913320933387,0.04155899260366345,row,26.52849128897144,24.760491506910903,0.4878733484754534,2.1333024126512146,0.08049746820436536,5,1,fcpys,1976,NA,NA,NA,0.8928571428571429
2,1976,enap,0.592237610076619,-2.03342406423652,5.601230802406927,0.8200986056097755,0.19697693193706023,0.01508186919445041,row,26.52849128897144,24.760491506910903,6.044163055093788,6.480331087014248,0.2988687790700347,2,6,enap,1976,NA,NA,NA,0.9642857142857144
2,1976,facultad de arquitectura,-0.6834546948504863,-1.1161658053353531,1.945545249102904,-0.2180929024220583,-0.5060745464498209,0.0734232572673558,row,26.52849128897144,24.760491506910903,2.3549197980625256,3.2228551716126095,0.13880818096407482,2,2,facultad de arquitectura,1976,NA,NA,NA,1
2,1977,ents,0.15022909544502283,-0.6003190408803629,0.512383976968618,0.34118916949395406,-1.6446043656163143,0.00510046659205697,row,30.610767302782584,21.0339477718652,0.8728683298160725,2.1975162416923455,0.09596361665317547,2,1,ents,1977,NA,NA,NA,0.07142857142857142
2,1977,facultad de ciencias,0.06757387210503726,-0.09110364740257824,-0.48893513498893904,-0.12988833812128583,0.01071935677578065,0.06965642936724996,row,30.610767302782584,21.0339477718652,0.518454095719074,2.0525308535146127,0.0820935469681488,2,1,facultad de ciencias,1977,NA,NA,NA,0.10714285714285714
2,1977,facultad de psicologia,-0.11672756924222628,-0.02519806529406616,-0.6077580595891705,-0.5389695453947035,-0.7552052119988164,0.02985854004053178,row,30.610767302782584,21.0339477718652,0.8210470740306732,2.12417266745767,0.08600830133420016,2,1,facultad de psicologia,1977,NA,NA,NA,0.14285714285714285
2,1977,enep zaragoza,-1.5965208133941642,0.3690782680069337,-0.49055303854752985,0.03655594146668884,0.4474110606110144,0.023685651365946,row,30.610767302782584,21.0339477718652,1.7108699822021811,2.5014953138621494,0.10817887178938844,2,4,enep zaragoza,1977,NA,NA,NA,0.17857142857142858
2,1977,enep aragon,-1.5648459871435547,0.5156974602448384,-0.36835171433908215,0.1745419013570114,0.651863197894342,0.01528084755581316,row,30.610767302782584,21.0339477718652,1.6973021813360534,2.5210945645748364,0.10913836236328428,2,4,enep aragon,1977,NA,NA,NA,0.21428571428571427
2,1977,enep acatlan,-1.5859912587056155,0.18063139765241415,-0.43324388226225247,-0.09779281868333232,0.27019249458179967,0.03777684713648187,row,30.610767302782584,21.0339477718652,1.656882515874975,2.463331358735935,0.10628830827079803,2,4,enep acatlan,1977,NA,NA,NA,0.25
2,1977,facultad de contaduria y administracion,0.56569105874751,-0.6765758301631171,0.30650069217462633,-1.5357286726184671,-0.2852973831090075,0.06531394744894513,row,30.610767302782584,21.0339477718652,1.797266384850558,2.599542630625279,0.10961908785793303,2,1,facultad de contaduria y administracion,1977,NA,NA,NA,0.2857142857142857
2,1977,facultad de economia,0.1830102921604691,-0.4330605974566169,-0.00460142133511009,-1.0586137404458904,-0.17269251998571997,0.0354134387623665,row,30.610767302782584,21.0339477718652,1.1583257195820549,2.206923680891544,0.09154834913439486,2,1,facultad de economia,1977,NA,NA,NA,0.32142857142857145
2,1977,facultad de derecho,0.3783698680334523,-0.618794058433795,0.16549020971308098,-1.4924365292779516,-0.5302542406960878,0.06167078760278587,row,30.610767302782584,21.0339477718652,1.6675801771497274,2.504682996825898,0.10495391060437044,2,1,facultad de derecho,1977,NA,NA,NA,0.35714285714285715
2,1977,facultad de medicina,-0.47680004313059127,0.31472748452249844,-0.9357435856629692,0.735668552214187,0.5009663565285138,0.14669558201186209,row,30.610767302782584,21.0339477718652,1.3203090348359745,2.4593331708688058,0.09693015485805834,2,4,facultad de medicina,1977,NA,NA,NA,0.3928571428571429
2,1977,fo,0.34535333333661844,3.424721336695799,2.4311503453086063,-0.3737489659097016,0.27523687180965434,0.05221906666272034,row,30.610767302782584,21.0339477718652,4.230622347820578,4.899859566337918,0.21630797378683328,2,2,fo,1977,NA,NA,NA,0.42857142857142855
2,1977,fcpys,-0.1807375805738043,-0.17051025993757252,-0.16086206346889378,-0.919677651220677,-0.8100907355058011,0.04175248999091126,row,30.610767302782584,21.0339477718652,0.9661383997098464,2.146009770017223,0.08857391116003475,2,1,fcpys,1977,NA,NA,NA,0.4642857142857143
2,1977,enep iztacala,-1.6136173739293598,0.2419546249368883,-0.3672568368991384,-0.11280955241859944,0.27389199494146327,0.05548568755437715,row,30.610767302782584,21.0339477718652,1.6762776170256162,2.4775509349620837,0.10707645678493294,2,4,enep iztacala,1977,NA,NA,NA,0.5
2,1977,enap,0.1597320150232598,-2.1518756606199765,3.552725847225076,3.5218512029097715,-1.3726473581221774,0.01138953711107815,row,30.610767302782584,21.0339477718652,5.448062042265138,5.705125388701333,0.2719838770369648,2,3,enap,1977,NA,NA,NA,0.5357142857142857
2,1977,eneo,1.1457143010977622,-0.3311708063397277,-0.30895310152848915,-0.36282695678486554,-0.09809230419925276,0.01327689628463625,row,30.610767302782584,21.0339477718652,1.2843016710358508,2.385241700334899,0.09983735798128136,2,1,eneo,1977,NA,NA,NA,0.5714285714285714
2,1977,enep cuautitlan,-1.5864911261359873,0.3942331756984729,-0.6324488310823285,0.2331356070188348,0.6715573445039332,0.02401914839595248,row,30.610767302782584,21.0339477718652,1.7682527040349694,2.564305779110217,0.1104172944736207,2,4,enep cuautitlan,1977,NA,NA,NA,0.6071428571428571
2,1977,ffyl,0.7310357878996367,-0.9689892057575364,0.5628397659260077,-0.6696838337410723,0.8051615754171915,0.03614115802436113,row,30.610767302782584,21.0339477718652,1.4962013378374073,2.426119146662062,0.10525262162080552,2,1,ffyl,1977,NA,NA,NA,0.6428571428571429
2,1977,escuela nacional de musica,0.988000245858932,-2.7960198670957683,2.6043643201170106,0.7094174505861833,7.487694287016792,0.01178674879354328,row,30.610767302782584,21.0339477718652,4.0099698520196245,4.380173659808213,0.2083624081214875,2,3,escuela nacional de musica,1977,NA,NA,NA,0.6785714285714286
2,1977,facultad de arquitectura,-0.811679684803152,-1.062396685452612,1.465120886204304,1.334854309534905,-1.331904314803403,0.07721371694118427,row,30.610767302782584,21.0339477718652,2.39080025657913,3.1052716998461944,0.13998970635906832,2,3,facultad de arquitectura,1977,NA,NA,NA,0.7142857142857143
2,1977,facultad de ingenieria,0.6892797155446786,-0.21688262108877013,-0.07638048098736609,-0.5403865028850843,-0.05747257933763243,0.09723176916641305,row,30.610767302782584,21.0339477718652,0.9055363868823388,2.155091875732584,0.08769863156828717,2,1,facultad de ingenieria,1977,NA,NA,NA,0.75
1,1977,facultad de quimica,2.336010867731233,0.5315891320801122,-1.1373776497299788,1.5607944370583935,-0.18154609480815537,0.06041239937818379,row,30.610767302782584,21.0339477718652,3.077213182794106,3.839379377793101,0.1646897895311553,1,1,facultad de quimica,1977,NA,NA,NA,0.8214285714285714
1,1977,fmvz,1.3773297690612103,0.4021535291002929,-0.6514735923172849,1.3899764463852649,-0.33235433210587695,0.02861884381259933,row,30.610767302782584,21.0339477718652,2.101241803482556,3.0463086118150557,0.12963104166809797,1,1,fmvz,1977,NA,NA,NA,0.8571428571428571
3,1978,facultad de ciencias,0.17523318201897778,0.39645251876247434,0.04964796287253214,0.8390310689925697,-0.6262151959768745,0.06640534319559245,row,30.64172087708425,21.2773359496579,0.9456845788453002,2.2674376167879076,0.09245788101544608,3,1,facultad de ciencias,1978,NA,NA,NA,0
3,1978,facultad de medicina,-0.6712945715675086,0.7398335464008797,0.3571247445226036,1.6936095920648204,1.2145099554465653,0.11596859939712174,row,30.64172087708425,21.2773359496579,1.9984598098736963,2.9742594144321877,0.11939142511557949,3,4,facultad de medicina,1978,NA,NA,NA,0.03571428571428571
5,1978,fo,1.5622946456685602,2.7476731005468777,1.5084308946765956,-2.398373727018444,0.9031657751870028,0.04996233733924371,row,30.64172087708425,21.2773359496579,4.244765285127167,4.903694946103421,0.21660993573797005,5,2,fo,1978,NA,NA,NA,0.10714285714285714
7,1978,enep acatlan,-1.4493116464756477,0.3766528640635166,-0.20117605447779568,-0.4808562457444688,-0.4817390391486407,0.05068084594946396,row,30.64172087708425,21.2773359496579,1.5855807020091788,2.4237618353841883,0.10369125642893226,7,9,enep acatlan,1978,NA,NA,NA,0.17857142857142858
7,1978,enep aragon,-1.439921882083086,0.4562964774746612,-0.1275041605691755,-0.50527463571510145,-0.4746638208029936,0.02562294499061371,row,30.64172087708425,21.2773359496579,1.5978552094344969,2.4359913970377693,0.10433010677502728,7,9,enep aragon,1978,NA,NA,NA,0.21428571428571427
7,1978,enep cuautitlan,-1.438882237127094,0.5886389246062766,-0.05426154594866992,-0.10130910696890848,-0.10729550891453209,0.03489303555764398,row,30.64172087708425,21.2773359496579,1.5588732233267342,2.44533918593954,0.10348732952914964,7,7,enep cuautitlan,1978,NA,NA,NA,0.25
7,1978,enep iztacala,-1.439388255661381,0.5403200205899095,-0.07935614340387398,-0.255870155865073,-0.2678977660550413,0.04961768591084824,row,30.64172087708425,21.2773359496579,1.560625262304999,2.4187545368695482,0.1028235771015532,7,7,enep iztacala,1978,NA,NA,NA,0.2857142857142857
7,1978,enep zaragoza,-1.441908052434253,0.5100124949914837,-0.12953746879032166,-0.3056421307593379,-0.34475528814034956,0.02927799120225504,row,30.64172087708425,21.2773359496579,1.5650586713084882,2.4136371087076065,0.10281515527138978,7,7,enep zaragoza,1978,NA,NA,NA,0.32142857142857145
6,1978,facultad de arquitectura,-0.7985298075003825,-1.075110401044604,1.3103596570714615,-0.5843216396993259,-0.24853066613078512,0.07064691506719155,row,30.64172087708425,21.2773359496579,1.962647812879895,2.793923749021242,0.12428302200300824,6,10,facultad de arquitectura,1978,NA,NA,NA,0.39285714285714285
4,1978,ents,0.3835664740418163,-1.2494021831507212,0.916895461176874,0.129731879739831,-1.5700065186306833,0.00585289398225283,row,30.64172087708425,21.2773359496579,1.6017667441354382,2.5167592327805965,0.11527985184123608,4,10,ents,1978,NA,NA,NA,0.4642857142857143
4,1978,eneo,1.238803741376318,-0.3867342719914979,-0.63233960674826994,0.4563527535929988,-0.17438813792095006,0.01272731055057809,row,30.64172087708425,21.2773359496579,1.5140374238291556,2.4154370150712605,0.10608021398807156,4,1,eneo,1978,NA,NA,NA,0.5
4,1978,escuela nacional de musica,0.9777951558254592,-2.279844566882297,-0.46459974614512456,-0.01415916627020376,5.898401675620556,0.0141350154038141,row,30.64172087708425,21.2773359496579,2.523851822513763,3.07251727455337,0.14283961230683684,4,8,escuela nacional de musica,1978,NA,NA,NA,0.5357142857142857
8,1978,facultad de contaduria y administracion,0.4865839054578839,-0.7103586495210429,-1.034816298685988,-0.6609789257863491,0.11925119198426572,0.06701130444931842,row,30.64172087708425,21.2773359496579,1.4997037108575315,2.268975423058708,0.0970092135361046,8,3,facultad de contaduria y administracion,1978,NA,NA,NA,0.6071428571428571
8,1978,fcpys,-0.17538961014301077,-0.2008621520019274,-0.5227345247414094,-0.39500937499730593,-0.6134981649824114,0.04154642439368462,row,30.64172087708425,21.2773359496579,0.7073831416886834,1.980829933235522,0.0832071724884982,8,1,fcpys,1978,NA,NA,NA,0.6428571428571429
8,1978,ffyl,0.5332779268256422,-0.9610796880427752,-0.7815466270328255,-0.3493908564637829,1.2831146443831154,0.03543718777464616,row,30.64172087708425,21.2773359496579,1.393179318973238,2.204381871567427,0.096012736367741075,8,3,ffyl,1978,NA,NA,NA,0.6785714285714286
8,1978,facultad de derecho,0.32899954844353346,-0.664637109139134,-1.0052186120572728,-0.668050761506229,-0.36248963929637545,0.06656491867720449,row,30.64172087708425,21.2773359496579,1.416594320084715,2.222165679358913,0.09455000809861816,8,3,facultad de derecho,1978,NA,NA,NA,0.7142857142857143
8,1978,facultad de economia,0.4448005711228831,-0.5427941053103884,-0.9376151331726396,-0.4196754091554861,-0.12974209547476756,0.03755165445396739,row,30.64172087708425,21.2773359496579,1.244074988027297,2.1269821088628635,0.09020264409530632,8,3,facultad de economia,1978,NA,NA,NA,0.75
8,1978,facultad de ingenieria,0.4388429680563239,-0.3907260929994303,-0.5664724529640334,-0.252314893917152,-0.0064381643472624,0.09666461890570094,row,30.64172087708425,21.2773359496579,0.8542855939453713,1.9902470315603948,0.08340346260780722,8,3,facultad de ingenieria,1978,NA,NA,NA,0.7857142857142857
8,1978,facultad de psicologia,0.02652473011138555,0.01593910733404979,-0.5582486731107095,-0.02493182892208694,-1.1460411567490727,0.02673036784997392,row,30.64172087708425,21.2773359496579,0.5596613204191944,1.9749047742194517,0.08218720582296186,8,1,facultad de psicologia,1978,NA,NA,NA,0.8214285714285714
1,1978,facultad de quimica,1.9968344745909412,0.3948724140181245,0.30548751050547335,1.7313671808304365,-1.0740957788674417,0.0592961200051359,row,30.64172087708425,21.2773359496579,2.689651850370034,3.436188435564591,0.14884878085304123,1,5,facultad de quimica,1978,NA,NA,NA,0.8928571428571429
1,1978,fmvz,1.3373705094308073,0.04979065707134735,0.2654715163137951,0.8496598997955086,-1.095066834450887,0.02856711640270684,row,30.64172087708425,21.2773359496579,1.607307083391743,2.579167500337688,0.11212404929106665,1,5,fmvz,1978,NA,NA,NA,0.9285714285714286
2,1978,enap,0.2943421375830446,-3.700718354965339,5.697438795980047,-0.23244869745964583,-0.5275001724338185,0.01483936854104198,row,30.64172087708425,21.2773359496579,6.804174811659647,7.059351259740374,0.3340161472373246,2,6,enap,1978,NA,NA,NA,1
3,1979,enep acatlan,-1.3764083386436965,0.02622671891903723,0.1942133648314887,-0.08449793276195508,-1.1480186949093238,0.06691158362907884,row,27.97868905452146,20.452002445419037,1.3928555155483184,2.2832606386132888,0.09323672857824818,3,1,enep acatlan,1979,NA,NA,NA,0
3,1979,enep aragon,-1.388597195389668,0.12687370417173408,0.24711687993569892,-0.1150641112678596,-1.001865418569822,0.0365531316379633,row,27.97868905452146,20.452002445419037,1.4207764109476642,2.29681338665659,0.09393753539015769,3,1,enep aragon,1979,NA,NA,NA,0.03571428571428571
3,1979,enep cuautitlan,-1.385030871054242,0.34624233829852163,0.33538909323668264,-0.21580103760242172,-0.6426588119976697,0.03687254529378557,row,27.97868905452146,20.452002445419037,1.4823124509684544,2.3435944565264197,0.09590455629225918,3,2,enep cuautitlan,1979,NA,NA,NA,0.07142857142857142
3,1979,enep iztacala,-1.3624406908032096,0.4540514169696565,0.3786356289122741,-0.3272104635112931,-0.2852657802829593,0.04866082014722883,row,27.97868905452146,20.452002445419037,1.5208020752621123,2.386863748695651,0.09749807607561468,3,2,enep iztacala,1979,NA,NA,NA,0.10714285714285714
3,1979,enep zaragoza,-1.3679801869295465,0.40817635969319943,0.3457864286349221,-0.27830119200984554,-0.5461463970384042,0.03495199494407988,row,27.97868905452146,20.452002445419037,1.4949908160742609,2.3589770356460953,0.0964013576175363,3,2,enep zaragoza,1979,NA,NA,NA,0.14285714285714285
3,1979,facultad de medicina,-0.4249175816983125,0.9263009606184476,0.5617663058172673,-1.031827491749084,1.946768432056972,0.11064948435380138,row,27.97868905452146,20.452002445419037,1.555261320794607,2.5865174558234134,0.10334129158818887,3,6,facultad de medicina,1979,NA,NA,NA,0.17857142857142858
1,1979,facultad de ciencias,1.571866551271856,1.436723473124417,-0.08266953928325756,-1.59465330876865,-0.917400182988526,0.05090160606869234,row,27.97868905452146,20.452002445419037,2.6617085154325357,3.453317131807524,0.14629565626155897,1,4,facultad de ciencias,1979,NA,NA,NA,0.25
1,1979,facultad de quimica,2.167945372868245,1.0335307176598874,-0.33125925774814985,-1.0491682692487467,-1.041471547038049,0.05450114117512995,row,27.97868905452146,20.452002445419037,2.641715283131334,3.403438565524682,0.1459436308989816,1,5,facultad de quimica,1979,NA,NA,NA,0.2857142857142857
4,1979,eneo,0.9877308232972444,-0.4225392910440352,-0.6791868747007853,-0.23197531128476223,0.07813285058656082,0.01384498790790046,row,27.97868905452146,20.452002445419037,1.2919980602071082,2.267395411518536,0.09653933596276724,4,8,eneo,1979,NA,NA,NA,0.3928571428571429
4,1979,ents,0.47268677187102176,-0.8323148907634027,1.2959214188355657,0.4636041721501528,-0.9667829162554968,0.0069723636005772,row,27.97868905452146,20.452002445419037,1.676461157891872,2.5309940132772097,0.11623436196652946,4,8,ents,1979,NA,NA,NA,0.42857142857142855
4,1979,escuela nacional de musica,0.94660411869106,-1.6641004653482112,0.12336864238663887,0.1687560281518912,3.869795303958308,0.01512374721316835,row,27.97868905452146,20.452002445419037,1.9258733435137776,2.6021894323553565,0.11730658728196622,4,8,escuela nacional de musica,1979,NA,NA,NA,0.4642857142857143
4,1979,facultad de arquitectura,-0.4706943712708795,-0.5931201066298166,-0.20205560660477495,0.10664579849135512,-0.1719749192675712,0.07360876405349431,row,27.97868905452146,20.452002445419037,0.7909136783056264,1.9396631129378568,0.07896948864269793,4,8,facultad de arquitectura,1979,NA,NA,NA,0.5
4,1979,facultad de contaduria y administracion,0.442284518306447,-1.186096629986083,-0.8595739660326787,0.4747344603396442,0.1465634306984937,0.07602017870760928,row,27.97868905452146,20.452002445419037,1.602086458875747,2.3446988008346437,0.09807250201946505,4,8,facultad de contaduria y administracion,1979,NA,NA,NA,0.5357142857142857
4,1979,facultad de derecho,0.3308254959872627,-1.0868742862932166,-0.7432899184362374,0.3949269708792811,-0.01913138576914455,0.06261124808081342,row,27.97868905452146,20.452002445419037,1.4139266028254225,2.206391425937449,0.09170492099975112,4,8,facultad de derecho,1979,NA,NA,NA,0.5714285714285714
4,1979,facultad de economia,0.39209284525107857,-0.8909467517611581,-0.7093485057834081,0.2552733842154843,0.2033101758241866,0.03451667674727873,row,27.97868905452146,20.452002445419037,1.2312037675043173,2.104153420860317,0.08719114547191228,4,8,facultad de economia,1979,NA,NA,NA,0.6071428571428571
4,1979,facultad de ingenieria,0.4360639616017616,-0.5945873519634142,-0.45762634934171315,0.22592620565087615,0.1219614520658644,0.09446931745626087,row,27.97868905452146,20.452002445419037,0.8967443469207448,1.9656877084461497,0.08096210334300921,4,8,facultad de ingenieria,1979,NA,NA,NA,0.6428571428571429
4,1979,facultad de psicologia,-0.02282629251833594,-0.2664239409233853,-0.3692015250465437,-0.12470494468702624,-0.8303081489085858,0.02392237410735035,row,27.97868905452146,20.452002445419037,0.47261384369627607,1.8832995731439064,0.07683142923370843,4,8,facultad de psicologia,1979,NA,NA,NA,0.6785714285714286
4,1979,fcpys,-0.2241483281055064,-0.5412833906380294,-0.10812053988291992,0.2476228031916076,-0.5488414200509639,0.04231377265404699,row,27.97868905452146,20.452002445419037,0.6451645416311554,1.8775936455809823,0.07740368165667624,4,8,fcpys,1979,NA,NA,NA,0.7142857142857143
4,1979,ffyl,-0.08888259759395328,-0.6615114257082839,-0.1422297849682364,0.03058097904276256,1.0921213750826022,0.03128608433927722,row,27.97868905452146,20.452002445419037,0.6831266284584284,1.871337613716609,0.07750570822186416,4,8,ffyl,1979,NA,NA,NA,0.75
4,1979,fmvz,0.5308719308369029,-0.05851439330750138,0.2411061543746821,-0.00148381689584074,-0.317544650391901,0.02539873718068846,row,27.97868905452146,20.452002445419037,0.5859891812692234,1.9915387797656865,0.08495176368582437,4,8,fmvz,1979,NA,NA,NA,0.7857142857142857
2,1979,enap,2.074123367097126,-1.8730842106884311,7.044485031753656,1.3883165768459298,-0.7208330025313273,0.0157355642607201,row,27.97868905452146,20.452002445419037,7.7047144322431,7.906730542240273,0.37568794702319463,2,3,enap,1979,NA,NA,NA,0.8928571428571429
5,1979,fo,0.40460779072436537,2.6956750738439865,-0.247747418676188,3.720202265944633,0.40269222952052536,0.04417387644105414,row,27.97868905452146,20.452002445419037,4.618620492209652,5.2459315396462,0.23295748639208325,5,7,fo,1979,NA,NA,NA,1
