general,year,admin_conf,admin_espe,admin_serv,admin_obre,admin_admin,admin_auxadm,admin_prof,admin_total,admin_conf_f,admin_espe_f,admin_serv_f,admin_obre_f,admin_admin_f,admin_auxadm_f,admin_prof_f,admin_total_f,docen_emet,docen_tct,docen_mtt,docen_catt,docen_ayut,docen_tect,docen_totalf,docen_eme_f,docen_tc_f,docen_mt_f,docen_cat_f,docen_ayu_f,docen_total_f,inv_tc,inv_ay,inv_eme,inv_mt,inv_tec,inv_total,inv_tc_f,inv_ay_f,inv_eme_f,inv_mt_f,inv_tec_f,inv_total_f
biblioteca nacional,1971,2,66,14,0,73,36,1,177,0,0.348484848,0,0,0.479452055,0,0,0.327683616,0,1,0,1,0,0,2,0,1,0,1,0,1,5,1,0,6,0,11,0,1,0,0.5,0,0.272727273
biblioteca nacional,1972,2,66,14,0,74,41,1,183,0,0.287878788,0,0,0.5,0,0,0.306010929,0,0,0,1,0,0,1,0,0.875,0,1,0,1,5,1,0,7,0,12,0.2,1,0,0.428571429,0,0.333333333
biblioteca nacional,1973,1,66,14,0,70,41,1,179,0,0.348484848,0,0,0.457142857,0.024390244,0,0.312849162,0,0,0,2,0,0,2,0,0.75,0,1,0,1,5,1,0,7,0,12,0.2,1,0,0.428571429,0,0.333333333
biblioteca nacional,1974,2,62,14,0,61,25,7,157,0,0.387096774,0,0,0.37704918,0.04,0.571428571,0.331210191,0,0,0,3,0,0,3,0,0.625,0,0.666666667,0,0.666666667,5,1,0,5,0,11,0.2,1,0,0.4,0,0.363636364
biblioteca nacional,1975,2,51,14,0,114,18,8,193,0,0.411764706,0,0,0.315789474,0.055555556,0.5,0.321243523,0,0,0,2,0,0,2,0,0.5,0,1,0,1,6,1,0,5,0,12,0.5,1,0,0.4,0,0.5
biblioteca nacional,1976,2,61,14,0,91,30,14,198,0,0.393442623,0,0,0.307692308,0,0.357142857,0.287878788,0,0,0,2,0,0,2,0,0.375,0,0.5,0,0.5,5,1,0,8,0,13,0.2,1,0,0.375,0,0.307692308
biblioteca nacional,1977,1,53,14,0,106,29,15,204,0,0.320754717,0,0,0.386792453,0.034482759,0.2,0.303921569,0,0,0,1,0,0,1,0,0.25,0,1,0,1,9,1,0,5,0,15,0.444444444,1,0,0.2,0,0.4
biblioteca nacional,1978,2,56,14,0,105,31,16,210,0,0.321428571,0,0,0.380952381,0.032258065,0.3125,0.304761905,0,0,0,2,3,0,5,0,0.125,0,0.5,0,0.2,7,2,0,6,0,15,0.428571429,0.5,0,0.333333333,0,0.4
biblioteca nacional,1979,1,78,14,0,78,32,17,206,1,0.423076923,0,0,0.333333333,0,0.294117647,0.315533981,0,2,0,3,0,0,5,0,0,0,0.333333333,0,0.2,9,4,0,4,0,17,0.555555556,0.25,0,0.5,0,0.470588235
cch,1975,86,252,0,59,464,374,28,1263,0.313953488,0.047619048,0,0,0.543103448,0.219251337,0.5,0.306413302,0,56,3,1567,8,0,1634,0,0.214285714,0.666666667,0.363114231,0.125,0.357405141,2,0,0,0,1,2,0,0,0,0,0,0
cch,1976,93,320,0,74,383,444,40,1354,0.225806452,0.075,0,0,0.678851175,0.220720721,0.5,0.312407681,0,13,0,1666,44,0,1723,0,0,0.666666667,0.393157263,0.272727273,0.387115496,2,0,0,0,1,2,0,0,0,0,0,0
cch,1977,103,374,0,87,403,467,34,1468,0.359223301,0.07486631,0,0,0.684863524,0.218415418,0.470588235,0.3126703,0,0,0,1544,69,0,1613,0,0.136363636,0.666666667,0.333549223,0.202898551,0.327960322,3,0,0,0,1,3,0.333333333,0,0,0,0,0.333333333
cch,1978,132,195,0,89,642,502,34,1594,0.363636364,0.123076923,0,0,0.563862928,0.239043825,0.529411765,0.358845671,0,11,0,1575,56,0,1642,0,0.272727273,0.666666667,0.358730159,0.232142857,0.353836784,1,0,0,0,1,1,0,0,0,0,0,0
cch,1979,182,441,0,107,427,571,48,1776,0.357142857,0.117913832,0,0,0.803278689,0.274956217,0.4375,0.359234234,0,4,0,1598,53,0,1655,0,0.25,0.666666667,0.366082603,0.320754717,0.364350453,1,0,0,0,1,1,0,0,0,0,0,0
cele,1977,3,12,0,0,12,12,2,39,0.666666667,0.166666667,0,0,0.5,0.166666667,0.5,0.307692308,0,4,0,47,0,0,51,0,0.25,0.5,0.659574468,0,0.62745098,1,1,0,1,0,2,1,1,0,0,0,1
cele,1978,4,11,0,0,20,15,3,53,0.75,0.090909091,0,0,0.55,0.2,0.666666667,0.377358491,0,6,0,64,0,0,70,0,0.333333333,0.5,0.609375,0,0.585714286,1,1,0,1,0,3,1,1,0,0,0,0.666666667
centro de ciencias del mar y limnologia,1975,2,3,0,1,13,2,3,23,0,0,0,0,0.307692308,0.5,0,0.217391304,0,0,0,6,1,0,7,0,0,0,0,0,0,12,2,0,1,1,16,0.083333333,0,0,0,0,0.0625
centro de ciencias del mar y limnologia,1976,8,6,0,1,19,21,3,57,0.125,0.166666667,0,0,0.473684211,0.095238095,0,0.228070175,0,0,0,7,1,0,8,0,0,0,0.142857143,0,0.125,20,1,0,1,9,31,0.15,0,0,0,0.444444444,0.225806452
centro de ciencias del mar y limnologia,1977,7,4,0,1,19,30,3,63,0.285714286,0,0,0,0.473684211,0.066666667,0,0.206349206,0,0,0,7,1,0,8,0,0,0,0.142857143,0,0.125,23,1,0,1,14,39,0.086956522,0,0,0,0.285714286,0.153846154
centro de ciencias del mar y limnologia,1978,7,7,0,1,25,33,3,75,0.285714286,0,0,0,0.52,0.090909091,0,0.24,0,0,0,6,1,0,7,0,0,0,0.166666667,0,0.142857143,24,2,0,1,11,37,0.083333333,0,0,0,0.363636364,0.162162162
centro de ciencias del mar y limnologia,1979,7,8,0,1,23,33,2,74,0.428571429,0,0,0,0.608695652,0.090909091,0,0.27027027,0,0,0,5,0,0,5,0,0,0,0.4,0,0.4,38,2,0,1,5,45,0.026315789,0,0,0,0.2,0.044444444
centro de estudios clasicos,1974,1,1,0,0,1,4,0,1,0,0,0,0,1,1,0,1,0,0,0,1,0,0,1,0,0,0,1,0,1,6,3,0,3,1,10,0.166666667,0.666666667,0,0.333333333,1,0.3
centro de estudios clasicos,1975,1,1,0,0,2,4,0,2,0,0,0,0,1,1,0,1,0,0,0,2,0,0,2,0,0,0,0.5,0,0.5,7,5,0,1,1,14,0.142857143,0.8,0,1,0,0.428571429
centro de estudios clasicos,1976,1,1,0,0,2,4,0,2,0,0,0,0,1,1,0,1,0,0,0,3,0,0,3,0,0,0,0.666666667,0,0.666666667,8,5,0,2,1,11,0.125,0.8,0,0.5,0,0.181818182
centro de estudios clasicos,1977,1,1,0,0,4,4,0,4,1,0,0,0,1,1,0,1,0,0,0,7,0,0,7,0,0,0,0.142857143,0,0.142857143,2,5,0,2,1,4,0.5,0.8,0,0.5,0,0.5
centro de estudios clasicos,1978,1,1,0,0,6,3,0,6,1,0,0,0,1,0.666666667,0,1,0,0,0,9,0,0,9,0,0,0,0.222222222,0,0.222222222,1,5,0,1,1,2,1,0.8,0,1,0,1
centro de estudios literarios,1972,1,1,0,1,4,1,0,2,1,1,0,0,1,0,0,1,0,0,0,1,0,0,1,0,0,0,1,0,1,9,3,0,1,5,9,0.444444444,0.666666667,0,0,0.4,0.444444444
centro de estudios literarios,1973,1,3,0,1,5,1,0,10,0,0.666666667,0,0,0.8,0,0,0.6,0,0,0,1,0,0,1,0,0,0,1,0,1,8,3,0,1,5,11,0.375,0.666666667,0,0,0.4,0.454545455
centro de estudios literarios,1974,1,2,0,1,2,2,0,8,1,1,0,0,1,0.5,0,0.75,0,0,0,4,0,0,4,0,0,0,0.25,0,0.25,8,4,0,1,5,18,0.375,0.5,0,0,0.4,0.388888889
centro de estudios literarios,1975,1,2,0,1,4,2,0,9,1,1,0,0,1,0.5,0,0.888888889,0,0,0,7,0,0,7,0,0,0,0.428571429,0,0.428571429,7,4,0,1,2,10,0.285714286,0.5,0,0,0,0.2
centro de estudios literarios,1976,1,1,0,1,4,2,0,8,1,1,0,0,1,0.5,0,0.875,0,0,0,7,0,0,7,0,0,0,0.428571429,0,0.428571429,7,4,0,2,2,15,0.285714286,0.75,0,0,0.5,0.4
centro de estudios literarios,1977,1,1,0,1,5,2,0,8,1,1,0,0,1,0.5,0,0.875,0,0,0,5,0,0,5,0,0,0,0.4,0,0.4,7,8,0,1,2,16,0.571428571,0.875,0,0,0.5,0.6875
centro de estudios literarios,1978,1,1,0,1,12,4,0,16,1,1,0,0,1,0.5,0,0.875,0,0,0,3,0,0,3,0,0,0,0.666666667,0,0.666666667,7,9,0,1,2,16,0.428571429,1,0,0,0.5,0.75
centro de estudios mayas,1975,1,1,0,0,2,3,0,6,1,0,0,0,1,0.666666667,0,0.666666667,0,0,0,1,0,0,1,0,0,0,1,0,1,6,3,0,2,1,11,0.166666667,0.333333333,0,0.5,1,0.272727273
centro de estudios mayas,1976,1,1,0,0,4,3,0,8,1,0,0,0,1,0.666666667,0,0.75,0,0,0,2,0,0,2,0,0,0,1,0,1,6,5,0,3,1,14,0.5,0.8,0,0.333333333,1,0.571428571
centro de estudios mayas,1977,1,3,0,0,3,3,0,10,1,0,0,0,1,0.666666667,0,0.6,0,0,0,2,0,0,2,0,0,0,1,0,1,8,6,0,3,1,14,0.375,0.5,0,0.333333333,1,0.428571429
centro de estudios mayas,1978,1,6,0,0,4,6,0,16,1,0,0,0,1,0.666666667,0,0.5,0,0,0,2,0,0,2,0,0,0,1,0,1,8,6,0,3,1,14,0.5,0.666666667,0,0.333333333,1,0.571428571
centro de estudios nucleares,1971,2,7,0,0,1,2,0,1,0,0,0,0,1,0,0,1,0,0,0,0,1,0,1,0,0,0,0,0,0,8,0,1,4,1,11,0.125,0,0,0.25,0,0.181818182
centro de estudios nucleares,1972,3,9,0,0,6,2,0,17,0,0,0,0,0.833333333,0,0,0.294117647,0,0,0,1,1,0,2,0,0,0,0,0,0,9,0,1,4,1,13,0.111111111,0,0,0.25,0,0.153846154
centro de estudios nucleares,1973,3,21,0,0,5,2,0,28,0.333333333,0.523809524,0,0,0.8,0,0,0.535714286,0,0,0,1,1,0,2,0,0,0,0,0,0,11,0,1,4,1,16,0.272727273,0,0,0.25,0,0.25
centro de estudios nucleares,1974,4,10,0,0,3,5,0,18,0.25,0,0,0,0.666666667,0.2,0,0.166666667,0,0,0,2,1,0,3,0,0,0,0,0,0,11,0,1,3,2,17,0.090909091,0,0,0.333333333,0.5,0.176470588
centro de estudios nucleares,1975,4,11,0,0,7,6,0,24,0.25,0,0,0,0.714285714,0,0,0.208333333,0,0,0,6,2,0,8,0,0,0,0.333333333,0,0.25,13,0,1,4,2,19,0.153846154,0,0,0.25,0.5,0.210526316
centro de estudios nucleares,1976,5,11,0,0,8,7,0,31,0.2,0,0,0,0.625,0,0,0.193548387,0,0,0,5,1,0,6,0,0,0,0.2,0,0.166666667,14,0,1,3,2,19,0.214285714,0,0,0,0.5,0.210526316
centro de estudios nucleares,1977,2,11,0,0,8,8,0,29,1,0,0,0,0.625,0,0,0.24137931,0,0,0,2,4,0,6,0,0,0,0,0,0,15,0,1,3,3,18,0.266666667,0,0,0,0.666666667,0.333333333
centro de estudios nucleares,1978,2,11,0,0,8,8,0,29,0.5,0,0,0,0.875,0,0,0.275862069,0,0,0,5,1,0,6,0,0,0,0,0,0,18,0,1,3,3,21,0.333333333,0,0,0,0.666666667,0.380952381
centro de informacion cientifica y humanistica,1974,3,5,0,0,10,5,0,23,0,1,0,0,0,0.4,0,0.304347826,0,0,0,2,0,0,2,0,0,0,0,0,0,1,0,0,0,10,10,0,0,0,0,0.4,0.4
centro de informacion cientifica y humanistica,1975,3,4,0,0,13,6,0,26,0,0.75,0,0,0.923076923,0.333333333,0,0.653846154,0,0,0,2,0,0,2,0,0,0,0,0,0,1,0,0,0,9,9,0,0,0,0,0.444444444,0.444444444
centro de informacion cientifica y humanistica,1976,3,4,0,0,14,6,0,27,0,0.75,0,0,0.928571429,0.333333333,0,0.666666667,0,0,0,2,0,0,2,0,0,0,0,0,0,1,0,0,0,5,5,0,0,0,0,1,1
centro de informacion cientifica y humanistica,1977,3,5,0,0,16,8,0,32,0,0.8,0,0,0.8125,0.25,0,0.59375,0,0,0,1,0,0,1,0,0,0,0,0,0,1,0,0,0,16,17,0,0,0,0,0.5,0.470588235
centro de informacion cientifica y humanistica,1978,5,5,0,0,15,9,0,34,0.2,0.6,0,0,0.8,0.333333333,0,0.558823529,0,0,0,1,0,0,1,0,0,0,0,0,0,1,0,0,0,18,19,0,0,0,0,0.5,0.473684211
centro de instrumentos,1973,2,13,0,8,3,3,0,27,0,0.076923077,0,0,0.666666667,0,0,0.111111111,0,0,0,3,1,0,4,0,0,0,0,0,0,1,1,0,0,3,1,0,0,0,0,0,0
centro de instrumentos,1974,2,7,0,14,8,6,0,37,0,0,0,0,0.75,0.166666667,0,0.189189189,0,0,0,4,3,0,7,0,0,0,0.25,0,0.142857143,1,1,0,0,3,3,0,0,0,0,0,0
centro de instrumentos,1975,3,7,0,17,12,9,0,48,0,0.142857143,0,0,0.583333333,0.111111111,0,0.1875,0,0,0,4,1,0,5,0,0,0,0,0,0,1,1,0,0,3,3,0,0,0,0,0,0
centro de instrumentos,1976,4,3,0,17,11,9,0,40,0,0,0,0,0.545454545,0,0,0.15,0,0,0,4,1,0,5,0,0,0,0,0,0,1,1,0,0,7,8,0,0,0,0,0.142857143,0.125
centro de instrumentos,1977,4,6,0,19,12,8,0,49,0.25,0,0,0,0.666666667,0,0,0.183673469,0,0,0,5,0,0,5,0,0,0,0,0,0,1,1,0,0,10,11,0,0,0,0,0.1,0.090909091
centro de instrumentos,1978,4,6,0,22,19,8,0,59,0.25,0,0,0,0.473684211,0,0,0.169491525,0,0,0,6,0,0,6,0,0,0,0,0,0,1,1,0,0,11,12,0,0,0,0,0.090909091,0.083333333
centro de investigacion tuxtlas,1978,1,1,0,0,1,4,0,7,1,0,0,0,0,0.25,0,0.285714286,0,0,0,1,0,0,1,0,0,0,0,0,0,2,0,0,0,2,2,0,0,0,0,0,0
centro de servicios de computo,1974,7,61,0,0,13,23,1,104,0.142857143,0.295081967,0,0,0.307692308,0,0,0.221153846,0,0,0,1,3,0,4,0,0,0,0,0.333333333,0.25,2,0,0,0,1,2,0,0,0,0,0,0
centro de servicios de computo,1975,2,56,0,0,68,23,1,150,0,0.625,0,0,0.338235294,0,0,0.386666667,0,0,0,0,3,0,3,0,0,0,0,0.333333333,0.333333333,1,0,0,0,1,1,0,0,0,0,0,0
centro de servicios de computo,1976,4,53,0,0,69,25,2,151,0,0.622641509,0,0,0.289855072,0.04,0,0.357615894,0,0,0,0,2,0,2,0,0,0,0,0.5,0.5,1,0,0,0,1,1,0,0,0,0,0,0
centro de servicios de computo,1977,14,54,0,0,57,31,3,156,0.214285714,0.592592593,0,0,0.280701754,0.129032258,0,0.352564103,0,0,0,0,2,0,2,0,0,0,0,0,0,2,0,0,0,1,3,0,0,0,0,0,0
centro de servicios de computo,1978,22,51,0,0,63,30,4,170,0.090909091,0.568627451,0,0,0.428571429,0.1,0,0.358823529,0,0,0,1,1,0,2,0,0,0,0,0,0,3,0,0,0,1,4,0,0,0,0,0,0
centro de servicios de computo,1979,35,70,0,0,41,28,3,177,0.142857143,0.514285714,0,0,0.487804878,0.142857143,0,0.367231638,0,0,0,2,0,0,2,0,0,0,0,0,0,1,0,0,0,1,2,0,0,0,0,0,0
cuec,1976,5,7,0,0,10,1,40,23,0,0.857142857,0,0,0.5,0,0.25,0.47826087,0,1,1,0,0,0,2,0,0,0,0,0,0,0,0,0,6,0,6,0,0,0,0.666666667,0,0.666666667
cuec,1977,5,2,0,0,9,7,40,23,0,0,0,0,0.555555556,0.142857143,0.25,0.260869565,0,4,3,2,0,0,9,0,0,0,0,0,0,0,0,0,5,0,5,0,0,0,0.6,0,0.6
cuec,1978,7,2,0,0,11,7,40,27,0.142857143,0,0,0,0.454545455,0.142857143,0.25,0.259259259,0,3,3,4,0,0,10,0,0.333333333,0,0,0,0.1,0,0,0,4,0,4,0,0,0,0.5,0,0.5
cuec,1979,5,4,0,0,7,8,40,24,0.2,0,0,0,0.714285714,0.125,0.25,0.291666667,0,4,4,4,0,0,12,0,0.25,0.25,0,0,0.166666667,0,0,0,2,0,2,0,0,0,0.5,0,0.5
cuec,1980,90,6,0,0,9,10,40,155,0.477777778,0,0,0,0.444444444,0.1,0.25,0.374193548,0,6,5,5,0,0,16,0,0,0.2,0.4,0,0.1875,0,0,0,1,0,1,0,0,0,0,0,0
enap,1977,2,29,25,7,41,44,1,123,0,0.310344828,0,0,0.414634146,0.136363636,0,0.260162602,0,0,0,93,22,0,115,0,0,0,0.11827957,0.363636364,0.165217391,1,0,0,0,0,1,0,0,0,0,0,0
enap,1978,7,28,25,8,40,45,1,128,0.142857143,0.357142857,0,0,0.375,0.155555556,0,0.2578125,0,1,0,84,21,0,106,0,0,0,0.142857143,0.333333333,0.179245283,2,0,0,0,0,2,0,0,0,0,0,0
enap,1979,10,36,25,10,54,17,1,117,0.2,0.333333333,0,0,0.685185185,0.588235294,0,0.521367521,0,2,0,101,27,0,130,0,0,0,0.148514851,0.407407407,0.2,1,0,0,0,0,1,0,0,0,0,0,0
enap,1980,24,40,25,12,39,67,1,183,0.208333333,0.3,0,0,0.58974359,0.208955224,0,0.295081967,0,2,0,146,25,0,173,0,0,0,0.164383562,0.52,0.213872832,1,0,0,0,0,1,0,0,0,0,0,0
enep acatlan,1977,29,15,0,19,78,130,2,273,0.517241379,0.2,0,0,0.820512821,0.246153846,1,0.424908425,0,46,36,409,91,0,582,0,0.217391304,0.25,0.2200489,0.318681319,0.237113402,2,2,0,0,3,2,0,0,0,0,0.333333333,0
enep acatlan,1978,46,29,0,20,99,150,2,346,0.434782609,0.206896552,0,0,0.828282828,0.26,1,0.430635838,0,46,43,416,95,0,600,0,0.282608696,0.209302326,0.242788462,0.305263158,0.253333333,1,2,0,0,3,6,1,0,0,0,0.333333333,0.333333333
enep acatlan,1979,57,49,0,32,130,174,3,445,0.403508772,0.224489796,0,0.0625,0.869230769,0.32183908,0.666666667,0.465168539,0,59,41,503,131,0,734,0,0.254237288,0.219512195,0.254473161,0.34351145,0.268392371,3,2,0,0,3,3,0.333333333,0,0,0,0.333333333,0.333333333
enep acatlan,1980,144,56,0,34,128,169,2,533,0.381944444,0.160714286,0,0.088235294,0.734375,0.313609467,1,0.405253283,0,93,53,863,270,0,1279,0,0.268817204,0.20754717,0.234067207,0.325925926,0.25488663,1,1,0,0,3,5,1,0,0,0,0.333333333,0.4
enep aragon,1976,15,8,0,10,99,84,3,219,0.666666667,0,0,0,0.787878788,0.369047619,0.333333333,0.547945205,0,2,1,87,29,0,119,0,0,1,0.068965517,0.206896552,0.109243697,1,0,0,0,0,1,1,0,0,0,0,1
enep cuautitlan,1977,34,19,0,30,87,104,44,318,0.558823529,0.263157895,0,0,0.712643678,0.615384615,0.227272727,0.503144654,0,18,0,297,189,0,504,0,0.055555556,0.666666667,0.161616162,0.312169312,0.214285714,1,0,0,0,1,1,0,0,0,0,0,0
enep cuautitlan,1978,32,19,0,44,107,202,38,442,0.59375,0.263157895,0,0,0.672897196,0.212871287,0.184210526,0.330316742,0,24,1,327,234,0,586,0,0.083333333,1,0.174311927,0.269230769,0.209897611,2,0,0,0,1,2,0,0,0,0,0,0
enep cuautitlan,1979,60,38,0,42,84,208,88,520,0.416666667,0.236842105,0,0.023809524,0.726190476,0.225961538,0.147727273,0.3,0,29,1,343,232,0,605,0,0.172413793,1,0.183673469,0.25,0.209917355,3,0,0,0,1,4,0,0,0,0,0,0
enep cuautitlan,1980,155,53,0,65,98,219,111,701,0.316129032,0.20754717,0,0.015384615,0.642857143,0.228310502,0.162162162,0.273894437,0,59,6,605,244,0,914,0,0.101694915,0,0.175206612,0.266393443,0.193654267,3,0,0,0,1,4,0.666666667,0,0,0,0,0.5
enep zaragoza,1977,37,41,0,7,50,147,40,282,0.540540541,0.195121951,0,0,0.76,0.278911565,0.375,0.379432624,0,28,1,177,146,0,352,0,0.428571429,0,0.598870056,0.48630137,0.536931818,0,0,0,0,7,7,0,0,0,0,0.285714286,0.285714286
enep zaragoza,1978,49,38,0,7,64,139,40,297,0.571428571,0.210526316,0,0,0.609375,0.26618705,0.375,0.377104377,0,36,1,190,163,0,390,0,0.416666667,0,0.531578947,0.45398773,0.487179487,0,0,0,0,8,8,0,0,0,0,0.25,0.25
enep zaragoza,1979,52,63,0,12,77,227,40,431,0.403846154,0.349206349,0,0,0.675324675,0.308370044,0.375,0.382830626,0,55,0,249,334,0,638,0,0.345454545,0,0.421686747,0.538922156,0.476489028,0,0,0,0,8,8,0,0,0,0,0.25,0.25
enep zaragoza,1980,191,129,0,36,44,300,40,740,0.298429319,0.286821705,0,0.027777778,0.227272727,0.316666667,0.375,0.290540541,0,74,0,554,629,0,1257,0,0.256756757,0,0.362815884,0.47217806,0.411296738,0,0,0,0,8,8,0,0,0,0,0.125,0.125
enp,1974,75,602,133,160,712,980,38,2567,0.253333333,0.205980066,0.067669173,0,0.558988764,0.133673469,0.447368421,0.2684067,0,72,11,1770,61,0,1914,0,0.402777778,0.545454545,0.388135593,0.344262295,0.388192268,1,0,0,4,1,1,0,0,0,0.75,1,0
enp,1975,22,350,133,101,628,601,6,1708,0.272727273,0.342857143,0.067669173,0,0.450636943,0.131447587,0.166666667,0.286299766,1,25,9,1717,38,0,1790,0,0.44,0.444444444,0.377402446,0.5,0.381005587,1,0,0,4,1,2,0,0,0,0.75,1,0.5
enp,1976,24,357,133,106,645,664,12,1808,0.333333333,0.330532213,0.067669173,0,0.47751938,0.120481928,0.25,0.285951327,0,27,10,1736,40,0,1813,0,0.407407407,0.8,0.380760369,0.55,0.38720353,1,0,0,4,1,3,0,0,0,0.75,1,0.666666667
enp,1977,16,340,133,105,690,649,16,1816,0.4375,0.358823529,0.067669173,0,0.44057971,0.132511556,0.375,0.289096916,1,17,2,1765,30,0,1815,0,0.235294118,1,0.373371105,0.566666667,0.375757576,2,0,0,4,1,5,0.5,0,0,0.75,1,0.6
enp,1978,18,329,133,94,711,637,16,1805,0.277777778,0.3556231,0.067669173,0.021276596,0.431786217,0.139717425,0.375,0.291412742,1,30,6,1770,33,0,1840,0,0.333333333,0.666666667,0.370056497,0.606060606,0.374456522,2,0,0,4,1,6,0.5,0,0,0.75,1,0.666666667
enp,1979,30,332,133,109,634,684,32,1821,0.166666667,0.310240964,0.067669173,0,0.496845426,0.159356725,0.34375,0.298187809,1,37,9,1624,25,0,1696,0,0.297297297,0.333333333,0.380541872,0.52,0.380306604,2,0,0,4,1,7,0.5,0,0,0.75,1,0.714285714
escuela nacional de musica,1960,10,4,11,1,9,10,1,26,0.6,0.25,0.090909091,0,0.444444444,0,1,0.307692308,0,1,0,94,26,0,121,0,0,0,0.287234043,0.192307692,0.26446281,7,0,0,0,0,7,0,0,0,0,0,0
escuela nacional de musica,1962,3,6,11,1,9,10,1,28,0.333333333,0.166666667,0.090909091,0,0.444444444,0,1,0.214285714,0,1,0,84,21,0,106,0,0,0,0.286478163,0.280594406,0.281680441,1,0,0,0,0,1,0,0,0,0,0,0
escuela nacional de musica,1963,3,6,11,1,10,10,1,29,0,0.166666667,0.090909091,0,0.6,0,1,0.24137931,0,1,0,88,21,0,110,0,0,0,0.285722284,0.368881119,0.298898072,1,0,0,0,0,1,0,0,0,0,0,0
escuela nacional de musica,1964,3,6,11,1,10,10,1,30,0,0.166666667,0.090909091,0,0.5,0,1,0.2,0,0,0,91,22,0,113,0,0,0,0.284966405,0.457167832,0.316115702,1,0,0,0,0,1,0,0,0,0,0,0
escuela nacional de musica,1965,4,7,11,3,9,11,1,31,0,0.142857143,0.090909091,0,0.666666667,0.090909091,1,0.258064516,0,0,0,95,22,0,117,0,0,0,0.284210526,0.545454545,0.333333333,1,0,0,0,0,1,0,0,0,0,0,0
escuela nacional de musica,1966,4,7,11,5,11,11,1,33,0,0,0.090909091,0,0.636363636,0.090909091,1,0.242424242,0,0,0,95,15,0,110,0,0,0,0.336842105,0.333333333,0.336363636,1,0,0,0,0,1,0,0,0,0,0,0
escuela nacional de musica,1967,3,7,11,7,9,18,1,41,0,0,0.090909091,0,0.666666667,0.111111111,1,0.195121951,1,0,0,116,25,0,142,0,0,0,0.301724138,0.32,0.302816901,1,0,0,0,0,1,0,0,0,0,0,0
escuela nacional de musica,1968,2,9,11,8,11,21,1,41,0,0.111111111,0.090909091,0,0.636363636,0.238095238,1,0.317073171,0,1,0,111,27,0,139,0,0,0,0.225225225,0.296296296,0.237410072,1,0,0,0,0,1,0,0,0,0,0,0
escuela nacional de musica,1969,2,8,11,9,13,18,1,39,0,0,0.090909091,0,0.615384615,0.166666667,1,0.282051282,1,2,1,96,22,0,122,0,0.5,0,0.28125,0.272727273,0.278688525,1,0,0,0,0,1,0,0,0,0,0,0
escuela nacional de musica,1970,1,6,11,10,9,19,1,35,0,0,0.090909091,0,0.666666667,0.210526316,1,0.285714286,0,3,0,100,17,0,120,0,0.333333333,0.333333333,0.3,0.235294118,0.291666667,1,0,0,0,0,1,0,0,0,0,0,0
escuela nacional de musica,1971,1,8,11,11,10,20,1,39,0,0.75,0.090909091,0,0.8,0.2,1,0.461538462,0,0,0,81,19,0,100,0,0.25,0.666666667,0.37037037,0.263157895,0.35,1,0,0,0,0,1,0,0,0,0,0,0
escuela nacional de musica,1972,1,6,11,12,10,21,1,37,0,0,0.090909091,0,0.8,0.19047619,1,0.324324324,0,0,1,76,20,0,97,0,0.166666667,1,0.394736842,0.25,0.371134021,1,0,0,0,0,1,0,0,0,0,0,0
escuela nacional de musica,1973,1,6,11,14,8,22,1,37,0,0,0.090909091,0,0.875,0.181818182,1,0.297297297,0,0,0,84,18,0,102,0,0.083333333,0.875,0.416666667,0.333333333,0.401960784,1,0,0,0,0,1,0,0,0,0,0,0
escuela nacional de musica,1974,1,6,11,15,10,21,1,39,0,0,0.090909091,0,0.8,0.238095238,1,0.358974359,0,1,0,84,21,0,106,0,0,0.75,0.345238095,0.333333333,0.339622642,1,0,0,0,0,1,0,0,0,0,0,0
escuela nacional de musica,1975,2,6,11,16,12,23,1,43,0,0,0.090909091,0,0.75,0.217391304,1,0.325581395,0,1,0,82,23,0,106,0,0,0.625,0.341463415,0.47826087,0.367924528,1,0,0,0,0,1,0,0,0,0,0,0
estacion de investigacion chamela,1973,0,1,0,0,1,1,1,1,0,1,0,0,0,0,0,0,0,0,0,1,0,0,1,0,0,0,0,0,0,1,0,0,0,2,1,0,0,0,0,0,0
estacion de investigacion chamela,1974,0,1,0,0,1,1,1,1,0,1,0,0,0,0,0,0,0,0,0,1,0,0,1,0,0,0,0,0,0,1,0,0,0,2,1,0,0,0,0,0,0
estacion de investigacion chamela,1975,0,1,0,0,1,1,1,2,0,1,0,0,0,0,0,0,0,0,0,1,0,0,1,0,0,0,0,0,0,1,0,0,0,2,1,0,0,0,0,0,0
estacion de investigacion chamela,1976,0,1,0,0,1,1,1,2,0,1,0,0,0,0,0,0.5,0,0,0,1,0,0,1,0,0,0,0,0,0,1,0,0,0,2,1,0,0,0,0,0,0
estacion de investigacion chamela,1977,0,1,0,0,1,1,1,2,0,1,0,0,0,0,0,0.5,0,0,0,1,0,0,1,0,0,0,0,0,0,1,0,0,0,2,3,0,0,0,0,0,0
estacion de investigacion chamela,1978,0,1,0,0,1,3,1,4,0,1,0,0,0,0.333333333,0,0.5,0,0,0,1,0,0,1,0,0,0,0,0,0,1,0,0,0,2,3,0,0,0,0,0,0
facultad de arquitectura,1971,9,14,40,4,54,72,1,154,0.555555556,0.357142857,0,0,0.796296296,0.013888889,0,0.350649351,2,1,22,571,45,0,641,0,1,0.045454545,0.089316988,0.2,0.096723869,10,0,0,1,0,1,0.3,0,0,0,0,0
facultad de arquitectura,1972,8,14,40,4,71,74,1,172,0.5,0.357142857,0,0,0.633802817,0.027027027,0,0.325581395,2,0,0,574,62,0,638,0,0.5,0.040584416,0.088850174,0.225806452,0.101880878,10,0,0,2,0,5,0.3,0,0,0,0,0.2
facultad de arquitectura,1973,6,14,40,4,80,46,1,151,0.5,0.428571429,0,0,0.5375,0,0,0.344370861,2,2,28,4161,52,0,4245,0,0,0.035714286,0.012016342,0.25,0.015076561,10,0,0,2,0,9,0.3,0,0,0,0,0.222222222
facultad de arquitectura,1974,1,13,40,4,29,73,1,120,1,0.461538462,0,0,0.689655172,0.01369863,0,0.233333333,2,1,23,561,51,0,638,0,0,0.043478261,0.076648841,0.215686275,0.086206897,10,0,0,3,0,13,0.3,0,0,0,0,0.230769231
facultad de arquitectura,1975,9,11,40,3,81,67,1,172,0.555555556,0.454545455,0,0,0.641975309,0.014925373,0,0.36627907,2,3,19,638,64,0,726,0,0.333333333,0,0.098746082,0.171875,0.103305785,1,0,0,4,0,5,0,0,0,0,0,0
facultad de arquitectura,1976,8,37,40,2,128,4,3,180,0.25,0.837837838,0,0,0.578125,0.75,0,0.611111111,1,2,19,556,68,0,646,0,0,0.105263158,0.118705036,0.117647059,0.117647059,1,0,0,3,0,3,0,0,0,0,0,0
facultad de arquitectura,1977,9,12,40,2,101,73,4,201,0.444444444,0.416666667,0,0,0.673267327,0.04109589,0,0.39800995,1,11,22,619,38,3,694,0,0,0.090909091,0.13085622,0.157894737,0.128242075,1,0,0,4,0,4,0,0,0,0.25,0,0.25
facultad de arquitectura,1978,16,11,40,2,105,72,4,210,0.3125,0.363636364,0,0,0.704761905,0,0.25,0.4,1,11,21,636,42,4,715,0,0,0,0.132075472,0.142857143,0.125874126,1,0,0,4,0,4,0,0,0,0,0,0
facultad de arquitectura,1979,19,22,40,2,168,4,6,219,0.263157895,0.181818182,0,0,0.523809524,0.75,0,0.456621005,0,11,24,675,47,4,761,0,0,0.083333333,0.13037037,0.29787234,0.136662286,1,0,0,6,0,6,0,0,0,0.166666667,0,0.166666667
facultad de arquitectura,1980,112,23,40,3,77,85,10,310,0.169642857,0.173913043,0,0,0.883116883,0.047058824,0,0.306451613,1,13,26,796,38,0,874,0,0,0.153846154,0.139447236,0.289473684,0.14416476,1,0,0,5,0,6,0,0,0,0,0,0
facultad de ciencias,1960,8,2,25,2,13,37,1,38,0.375,0.5,0,0,0.461538462,0.054054054,0,0.105263158,0,0,0,165,14,0,179,0,0,0,0.060606061,0.285714286,0.078212291,1,1,1,1,2,1,0,1,0,0,0.5,0
facultad de ciencias,1962,2,39,25,5,13,37,1,96,0,0.358974359,0,0,0.461538462,0.054054054,0,0.229166667,0,1,0,144,18,0,163,0,0,0,0.087878788,0.333603896,0.116442237,1,1,1,1,2,1,0,1,0,0,0.5,0
facultad de ciencias,1963,2,42,25,6,13,34,1,97,0,0.428571429,0,0,0.538461538,0.088235294,0,0.288659794,0,1,0,147,25,0,173,0,0,0,0.115151515,0.381493506,0.154672183,1,1,1,1,2,1,0,1,0,0,0.5,0
facultad de ciencias,1964,2,34,25,5,13,36,1,90,0,0.382352941,0,0,0.538461538,0.055555556,0,0.244444444,0,4,0,145,31,0,180,0,0,0,0.142424242,0.429383117,0.192902129,1,1,1,1,2,1,0,1,0,0,0.5,0
facultad de ciencias,1965,1,39,25,6,12,35,1,93,0,0.282051282,0,0,0.5,0.028571429,0,0.193548387,0,3,0,165,44,0,212,0,0,0,0.16969697,0.477272727,0.231132075,1,1,1,1,2,1,0,1,0,0,0.5,0
facultad de ciencias,1966,3,18,25,9,17,38,1,85,0,0.166666667,0,0,0.352941176,0.052631579,0,0.129411765,0,4,0,247,100,0,351,0,0,0,0.105263158,0.35,0.173789174,2,1,1,1,2,2,0,1,0,0,0.5,0
facultad de ciencias,1967,1,28,25,10,26,31,1,87,0,0.107142857,0,0,0.5,0.129032258,0,0.229885057,0,16,0,341,161,0,518,0,0.125,0,0.08797654,0.366459627,0.175675676,2,1,1,1,2,2,0.5,1,0,0,0.5,0.5
facultad de ciencias,1968,2,36,25,11,19,31,1,98,0,0.083333333,0,0,0.684210526,0.096774194,0,0.193877551,0,14,5,372,186,0,577,0,0.214285714,0,0.091397849,0.333333333,0.171577123,2,1,1,1,2,2,0.5,1,0,0,0.5,0.5
facultad de ciencias,1969,3,21,25,10,38,32,1,104,0,0.238095238,0,0,0.368421053,0.09375,0,0.211538462,0,15,5,328,219,0,567,0,0.133333333,0.2,0.06097561,0.378995434,0.186948854,2,1,1,1,2,2,0.5,1,0,0,0.5,0.5
facultad de ciencias,1970,2,28,25,11,37,29,1,105,0,0.178571429,0,0,0.405405405,0.137931034,0,0.228571429,0,21,12,466,295,0,794,0,0.047619048,0,0.092274678,0.33220339,0.17884131,1,1,1,1,2,2,0,1,0,0,0.5,0
facultad de ciencias,1971,2,24,25,10,39,30,1,103,0,0.166666667,0,0,0.384615385,0.1,0,0.213592233,0,12,6,130,231,0,379,0,0.166666667,0,0.246153846,0.380952381,0.321899736,1,1,1,1,2,2,0,1,0,0,0.5,0
facultad de ciencias,1972,1,24,25,9,40,34,1,108,0,0.208333333,0,0,0.4,0.117647059,0,0.231481481,0,21,8,150,257,0,436,0,0.19047619,0.25,0.24,0.33463035,0.293577982,1,1,1,1,2,2,0,1,0,0,0.5,0
facultad de ciencias,1973,2,18,25,8,47,30,1,103,0.5,0.277777778,0,0,0.29787234,0.3,0,0.27184466,0,24,17,146,290,0,477,0,0.208333333,0.294117647,0.226027397,0.368965517,0.314465409,2,1,1,1,2,3,0,1,0,0,0.5,0
facultad de ciencias,1974,3,17,25,5,37,42,1,104,0.666666667,0.294117647,0,0,0.216216216,0.30952381,0,0.269230769,0,35,15,147,339,0,536,0,0.114285714,0.333333333,0.353741497,0.351032448,0.335820896,3,1,1,1,2,4,0,1,0,0,0.5,0.5
facultad de ciencias,1975,1,13,25,4,80,38,1,136,0,0.076923077,0,0,0.25,0.315789474,0,0.242647059,0,30,12,225,432,2,701,0,0.133333333,0.333333333,0.306666667,0.386574074,0.34807418,4,3,1,1,1,9,0.25,0.333333333,0,0,0,0.222222222
facultad de ciencias,1976,2,65,25,6,58,19,1,144,0,0.907692308,0,0,0.568965517,0.473684211,0,0.701388889,0,26,9,227,485,2,749,0,0.153846154,0.333333333,0.303964758,0.393814433,0.3564753,6,5,1,1,1,12,0.166666667,0,0,0,0,0.083333333
facultad de ciencias,1977,1,21,25,8,96,48,1,175,0,0.095238095,0,0.125,0.395833333,0.208333333,0,0.291428571,0,39,8,240,476,12,775,0,0.230769231,0.25,0.316666667,0.422268908,0.371612903,3,1,1,1,1,5,0.333333333,0,0,0,1,0.4
facultad de ciencias,1978,1,24,25,10,137,96,2,270,1,0.166666667,0,0,0.423357664,0.229166667,0.5,0.318518519,0,46,10,269,495,0,820,0,0.326086957,0.3,0.304832714,0.412121212,0.370731707,3,2,1,1,1,4,0.333333333,0,0,0,0,0.25
facultad de ciencias,1979,4,49,25,1,131,44,1,230,0.5,0.12244898,0,0,0.58778626,0.318181818,0,0.430434783,0,97,7,281,556,29,970,0,0.298969072,0.285714286,0.395017794,0.415467626,0.384536082,8,2,1,1,2,10,0.25,0.5,0,0,0.5,0.3
facultad de ciencias,1980,18,60,25,17,105,114,2,316,0.555555556,0.066666667,0,0.058823529,0.466666667,0.324561404,0.5,0.32278481,0,111,10,732,693,0,1546,0,0.288288288,0.3,0.267759563,0.388167388,0.323415265,1,2,1,1,2,3,0,0.5,0,0,1,0.666666667
facultad de contaduria y administracion,1974,13,12,26,2,41,65,4,137,0.307692308,0.25,0,0,0.585365854,0.169230769,0.75,0.328467153,0,35,15,507,32,15,604,0,0.171428571,0.066666667,0.072978304,0.3125,0.089403974,5,0,0,0,3,5,0,0,0,0,0,0
facultad de contaduria y administracion,1975,11,14,26,5,74,68,7,179,0.454545455,0.428571429,0,0,0.486486486,0.176470588,0.285714286,0.340782123,0,35,20,492,10,20,577,0,0.2,0.1,0.085365854,0.2,0.091854419,5,0,0,0,3,3,0,0,0,0,0,0
facultad de derecho,1973,8,14,28,3,61,40,7,123,0.25,0.714285714,0,0,0.770491803,0.1,0.142857143,0.512195122,0,17,38,269,48,0,372,0,0.176470588,0.157894737,0.063197026,0.354166667,0.115591398,0,0,0,1,0,1,0,0,0,0,0,0
facultad de derecho,1974,13,16,28,3,45,46,4,120,0.153846154,0.625,0,0,0.777777778,0.086956522,0,0.425,0,19,33,268,48,0,368,0,0.210526316,0.090909091,0.052238806,0.333333333,0.100543478,0,0,0,1,0,1,0,0,0,0,0,0
facultad de derecho,1975,9,11,28,3,81,67,1,172,0.555555556,0.454545455,0,0,0.641975309,0.014925373,0,0.36627907,0,18,29,271,61,2,381,0,0.222222222,0.068965517,0.066420664,0.327868852,0.115485564,0,0,0,1,0,1,0,0,0,0,0,0
facultad de derecho,1976,12,24,28,3,106,6,5,153,0.083333333,0.666666667,0,0,0.41509434,0,0,0.39869281,0,18,26,262,55,2,363,0,0.222222222,0.115384615,0.076335878,0.345454545,0.126721763,0,0,0,1,0,1,0,0,0,0,0,0
facultad de derecho,1977,11,13,28,3,98,50,18,190,0,0.461538462,0,0,0.785714286,0.1,0,0.463157895,0,19,24,224,64,2,333,0,0.263157895,0.125,0.0625,0.3125,0.126126126,0,0,0,2,0,2,0,0,0,0.5,0,0.5
facultad de derecho,1978,8,14,28,3,104,50,20,196,0.125,0.5,0,0,0.798076923,0.12,0,0.494897959,0,19,26,242,67,2,356,0,0.263157895,0.192307692,0.05785124,0.328358209,0.129213483,0,0,0,2,0,2,0,0,0,0,0,0
facultad de derecho,1979,15,20,28,3,129,6,18,188,0.266666667,0.6,0,0,0.403100775,0,0,0.361702128,0,19,37,252,52,0,360,0,0.263157895,0.081081081,0.067460317,0.403846154,0.127777778,0,0,0,1,0,1,0,0,0,0,0,0
facultad de economia,1960,21,11,12,1,24,16,1,47,0.571428571,0.363636364,0,0,0.708333333,0,0,0.340425532,0,5,3,196,61,0,265,0,0,0,0.035714286,0.016393443,0.030188679,31,3,0,1,0,31,0.064516129,0.666666667,0,0,0,0.064516129
facultad de economia,1962,4,11,12,1,24,16,1,55,0,0.454545455,0,0,0.708333333,0,0,0.4,1,4,2,190,51,0,248,0,0,0.041666667,0.04450225,0.047178803,0.044987878,11,3,0,1,0,11,0.181818182,0.666666667,0,0,0,0.181818182
facultad de economia,1963,4,19,12,1,56,16,1,95,0,0.368421053,0,0,0.446428571,0.125,0,0.357894737,2,2,1,204,49,0,258,0,0,0.083333333,0.053290214,0.077964163,0.059787077,9,3,0,1,0,9,0.222222222,0.666666667,0,0,0,0.222222222
facultad de economia,1964,4,16,12,1,58,16,1,94,0,0.4375,0,0,0.482758621,0,0,0.372340426,2,8,4,175,45,0,234,0,0,0.125,0.062078178,0.108749523,0.074586276,10,3,0,1,0,10,0.2,0.666666667,0,0,0,0.2
facultad de economia,1965,2,14,12,1,53,21,1,90,0,0.5,0,0,0.301886792,0.095238095,0,0.277777778,1,2,6,127,43,0,179,0,0,0.166666667,0.070866142,0.139534884,0.089385475,8,3,0,1,0,8,0.25,0.666666667,0,0,0,0.25
facultad de economia,1966,3,23,12,1,48,24,1,99,0,0.391304348,0,0,0.541666667,0.083333333,0,0.373737374,2,2,8,148,35,0,195,0,0,0,0.040540541,0.2,0.066666667,6,3,0,1,0,6,0.333333333,0.666666667,0,0,0,0.333333333
facultad de economia,1967,1,38,12,1,49,23,1,111,0,0.421052632,0,0,0.693877551,0.086956522,0,0.468468468,2,1,13,136,31,0,183,0,0,0,0.073529412,0.258064516,0.098360656,6,3,0,1,0,7,0,0.666666667,0,0,0,0
facultad de economia,1968,2,19,12,1,40,22,1,84,0,0.421052632,0,0,0.625,0.090909091,0,0.416666667,3,2,19,144,48,0,216,0,0,0.052631579,0.0625,0.145833333,0.078703704,5,3,0,1,0,6,0,0.666666667,0,0,0,0
facultad de economia,1969,8,26,12,1,52,23,1,110,0.5,0.5,0,0,0.538461538,0.086956522,0,0.427272727,3,7,18,109,28,0,165,0,0.142857143,0.055555556,0.064220183,0.25,0.096969697,5,3,0,1,0,6,0,0.666666667,0,0,0,0.166666667
facultad de economia,1970,4,25,12,1,49,29,1,108,0,0.48,0,0,0.693877551,0.137931034,0,0.462962963,3,8,23,122,52,0,208,0,0.125,0.043478261,0.057377049,0.115384615,0.072115385,4,3,0,1,0,5,0,0.666666667,0,0,0,0.2
facultad de economia,1971,9,20,12,1,45,31,1,106,0.333333333,0.55,0,0,0.755555556,0.161290323,0,0.5,3,8,17,117,54,0,199,0,0.125,0.117647059,0.11965812,0.074074074,0.105527638,4,3,0,1,0,5,0,0.666666667,0,0,0,0.2
facultad de economia,1972,7,24,12,1,43,29,1,105,0.571428571,0.458333333,0,0,0.720930233,0.137931034,0,0.476190476,1,8,1,143,67,0,220,0,0,0,0.090909091,0.074626866,0.081818182,3,3,0,1,0,4,0,0.666666667,0,1,0,0.25
facultad de economia,1973,7,25,12,1,42,30,1,105,0.428571429,0.56,0,0,0.714285714,0.1,0,0.476190476,3,9,29,125,108,0,274,0,0.222222222,0.068965517,0.12,0.166666667,0.135036496,2,3,0,1,0,4,0,0.666666667,0,1,0,0.5
facultad de economia,1974,12,26,12,1,39,40,1,119,0.583333333,0.192307692,0,0,0.743589744,0.125,0,0.386554622,3,21,28,139,112,0,303,0,0.19047619,0.107142857,0.151079137,0.125,0.138613861,2,3,0,1,0,3,0,0.666666667,0,1,0,0.666666667
facultad de economia,1975,15,31,12,1,62,48,2,159,0.4,0.483870968,0,0,0.741935484,0.125,0,0.459119497,4,29,23,142,88,0,286,0,0.172413793,0.130434783,0.133802817,0.159090909,0.143356643,1,1,0,1,0,3,0,1,0,1,0,0.666666667
facultad de economia,1976,17,38,12,1,80,8,9,152,0.411764706,0.710526316,0,0,0.375,0,0.111111111,0.427631579,0,33,24,155,110,0,322,0,0.181818182,0.208333333,0.180645161,0.181818182,0.183229814,5,7,0,2,0,12,0.4,0.714285714,0,1,0,0.583333333
facultad de economia,1977,23,26,12,1,82,46,8,185,0.391304348,0.423076923,0,0,0.609756098,0.195652174,0.125,0.432432432,2,46,28,196,102,8,382,0,0.239130435,0.214285714,0.107142857,0.215686275,0.157068063,5,11,0,2,0,18,0.2,0.454545455,0,1,0,0.444444444
facultad de economia,1978,25,27,12,1,85,53,9,199,0.4,0.444444444,0,0,0.8,0.20754717,0.111111111,0.512562814,3,50,24,167,114,11,369,0,0.24,0.208333333,0.125748503,0.201754386,0.165311653,6,9,0,3,0,18,0.166666667,0.333333333,0,0.666666667,0,0.333333333
facultad de economia,1979,36,29,12,1,115,10,8,198,0.277777778,0.448275862,0,0,0.347826087,0,0.125,0.323232323,0,55,30,163,91,20,359,0,0.2,0.166666667,0.122699387,0.142857143,0.136490251,4,8,0,1,0,13,0,0.75,0,1,0,0.538461538
facultad de economia,1980,63,25,12,1,81,54,10,233,0.333333333,0.48,0,0,0.814814815,0.240740741,0.1,0.484978541,0,67,20,227,92,0,406,0,0.23880597,0.15,0.145374449,0.184782609,0.169950739,4,12,0,1,0,17,0.25,0.666666667,0,1,0,0.588235294
facultad de ingenieria,1960,34,17,35,21,42,85,1,91,0.470588235,0.235294118,0.028571429,0,0.523809524,0.035294118,1,0.230769231,0,6,20,315,124,0,465,0,0,0,0.006349206,0.008064516,0.006451613,21,1,0,0,1,21,0,0,0,0,0,0
facultad de ingenieria,1962,3,57,35,21,42,85,1,208,0,0.122807018,0.028571429,0,0.523809524,0.035294118,1,0.153846154,0,7,23,377,116,0,523,0,0.1,0,0.006447298,0.008260776,0.008991534,19,1,0,0,1,19,0,0,0,0,0,0
facultad de ingenieria,1963,5,77,35,26,63,84,1,255,0,0.077922078,0.028571429,0,0.412698413,0.023809524,1,0.133333333,0,8,25,441,108,0,582,0,0.2,0,0.00654539,0.008457037,0.011531454,17,1,0,0,1,17,0,0,0,0,0,0
facultad de ingenieria,1964,5,17,35,32,61,87,1,202,0,0.647058824,0.028571429,0,0.459016393,0.034482759,1,0.207920792,0,40,31,429,104,0,604,0,0.3,0,0.006643481,0.008653297,0.014071375,16,1,0,0,1,16,0,0,0,0,0,0
facultad de ingenieria,1965,4,36,35,14,32,78,1,164,0,0.166666667,0.028571429,0,0.625,0.038461538,1,0.176829268,0,15,29,445,113,0,602,0,0.4,0,0.006741573,0.008849558,0.016611296,14,1,0,0,1,14,0,0,0,0,0,0
facultad de ingenieria,1966,5,51,35,21,44,103,1,224,0,0.235294118,0.028571429,0,0.522727273,0.048543689,1,0.178571429,0,7,27,326,131,0,491,0,0,0,0.006134969,0.015267176,0.00814664,12,1,0,0,1,12,0,0,0,0,0,0
facultad de ingenieria,1967,16,62,35,42,63,131,1,256,0,0.225806452,0.028571429,0,0.571428571,0.030534351,1,0.2109375,2,8,36,350,79,0,475,0,0,0,0.014285714,0,0.010526316,10,1,0,0,1,10,0,0,0,0,0,0
facultad de ingenieria,1968,27,86,35,62,86,142,1,403,0,0.151162791,0.028571429,0,0.465116279,0.056338028,1,0.151364764,1,15,67,403,131,0,617,0,0,0,0.022332506,0.038167939,0.022690438,8,1,0,0,1,8,0,0,0,0,0,0
facultad de ingenieria,1969,30,65,35,24,65,147,1,331,0,0.184615385,0.028571429,0,0.369230769,0.040816327,1,0.126888218,0,12,36,499,113,0,660,0,0,0,0.002004008,0.017699115,0.004545455,6,1,0,0,1,6,0,0,0,0,0,0
facultad de ingenieria,1970,21,97,35,73,92,144,1,428,0.095238095,0.18556701,0.028571429,0,0.619565217,0.034722222,1,0.193925234,0,0,36,585,0,0,621,0,0,0,0,0.038261322,0,5,1,0,0,1,5,0,0,0,0,0,0
facultad de ingenieria,1971,20,62,35,25,66,141,2,316,0.05,0.112903226,0.028571429,0,0.666666667,0.04964539,0.5,0.189873418,0,19,38,554,102,0,713,0,0,0,0.003610108,0.058823529,0.011220196,3,1,0,0,1,3,0,0,0,0,0,0
facultad de ingenieria,1972,21,61,35,23,71,140,5,321,0.047619048,0.098360656,0.028571429,0,0.661971831,0.035714286,0.2,0.186915888,0,12,30,624,142,0,808,0,0,0.833333333,0.011217949,0.063380282,0.050742574,1,1,0,0,1,1,0,0,0,0,0,0
facultad de ingenieria,1973,26,89,35,24,72,126,5,342,0.076923077,0.078651685,0.028571429,0,0.666666667,0.031746032,0.2,0.18128655,0,26,35,662,174,0,897,0,0,0,0.012084592,0.086206897,0.025641026,2,1,0,0,1,1,0,0,0,0,0,0
facultad de ingenieria,1974,32,52,35,23,66,144,5,322,0.0625,0.192307692,0.028571429,0,0.681818182,0.069444444,0.2,0.211180124,0,74,36,667,176,2,955,0,0.013513514,0.027777778,0.017991004,0.073863636,0.028272251,3,1,0,0,1,1,0,0,0,0,0,0
facultad de ingenieria,1975,40,48,35,22,165,137,7,419,0.05,0.083333333,0.028571429,0,0.375757576,0.065693431,0,0.183770883,0,38,51,693,171,4,957,0,0.052631579,0,0.024531025,0.087719298,0.035527691,4,1,0,0,1,5,0,0,0,0,0,0
facultad de ingenieria,1976,32,98,35,21,236,36,5,407,0.1875,0.846938776,0.028571429,0,0.669491525,0.611111111,0.2,0.663390663,0,36,33,730,182,3,984,0,0.083333333,0.03030303,0.031506849,0.06043956,0.038617886,3,1,0,0,1,4,0,0,0,0,0,0
facultad de ingenieria,1977,28,67,35,20,221,162,3,501,0.392857143,0.23880597,0.028571429,0,0.43438914,0.111111111,0,0.281437126,0,47,35,785,139,8,1014,0,0.042553191,0,0.025477707,0.100719424,0.035502959,2,1,0,0,1,3,0,0,0,0,0,0
facultad de ingenieria,1978,53,68,35,19,177,151,9,477,0.358490566,0.191176471,0.028571429,0,0.525423729,0.105960265,0,0.295597484,0,49,34,727,126,13,949,0,0.06122449,0.058823529,0.027510316,0.071428571,0.035827187,2,1,0,0,1,4,0,0,0,0,0,0
facultad de ingenieria,1979,64,109,35,24,236,50,18,477,0.375,0.137614679,0.028571429,0,0.618644068,0.5,0.055555556,0.442348008,0,66,48,677,129,14,934,0,0.060606061,0.020833333,0.026587888,0.046511628,0.031049251,5,1,0,0,1,6,0.2,0,0,0,0,0.166666667
facultad de ingenieria,1980,175,127,35,30,141,189,58,720,0.222857143,0.102362205,0.028571429,0,0.75177305,0.19047619,0.172413793,0.283333333,0,87,47,967,166,0,1267,0,0.022988506,0.021276596,0.036194416,0.078313253,0.040252565,5,1,0,0,1,1,0.2,0,0,0,0,0
facultad de medicina,1960,61,62,158,5,81,165,2,283,0.655737705,0.467741935,0.063291139,0,0.592592593,0.078787879,0,0.279151943,0,20,28,921,63,0,1032,0,0,0,0.021715527,0.047619048,0.022286822,10,9,1,1,1,10,0.3,0.555555556,0,1,0,0.3
facultad de medicina,1962,4,87,158,5,81,165,2,344,0.25,0.402298851,0.063291139,0,0.592592593,0.078787879,0,0.281976744,0,22,28,1105,104,0,1259,0,0,0,0.02260576,0.093107282,0.031187126,10,9,1,1,1,10,0.3,0.555555556,0,1,0,0.3
facultad de medicina,1963,6,82,158,5,95,166,5,359,0,0.390243902,0.063291139,0,0.621052632,0.078313253,1,0.30362117,0,23,28,1146,134,0,1331,0,0,0,0.023495994,0.138595516,0.040087431,9,9,1,1,1,9,0.222222222,0.555555556,0,1,0,0.222222222
facultad de medicina,1964,9,76,158,5,104,178,4,376,0.111111111,0.421052632,0.063291139,0,0.596153846,0.106741573,1,0.313829787,0,66,26,1170,174,0,1436,0,0,0,0.024386228,0.18408375,0.048987736,9,9,1,1,1,9,0.222222222,0.555555556,0,1,0,0.222222222
facultad de medicina,1965,10,86,158,5,104,179,7,391,0.1,0.418604651,0.063291139,0,0.586538462,0.106145251,0.142857143,0.301790281,1,24,24,1266,257,0,1572,0,0,0,0.025276461,0.229571984,0.057888041,9,9,1,1,1,9,0.222222222,0.555555556,0,1,0,0.222222222
facultad de medicina,1966,12,95,158,3,94,188,22,414,0.083333333,0.421052632,0.063291139,0,0.70212766,0.143617021,0.727272727,0.362318841,2,26,24,1337,614,0,2003,0,0,0,0.020942408,0.107491857,0.046929606,8,9,1,1,1,8,0.25,0.555555556,0,1,0,0.25
facultad de medicina,1967,6,107,158,11,121,182,18,439,0,0.485981308,0.063291139,0,0.727272727,0.159340659,0.555555556,0.407744875,4,36,24,1602,752,0,2418,0,0.138888889,0,0.024968789,0.125,0.057485525,8,9,1,1,1,8,0.125,0.555555556,0,1,0,0.125
facultad de medicina,1968,1,93,158,5,114,177,20,410,0,0.387096774,0.063291139,0,0.719298246,0.169491525,0.3,0.375609756,4,50,30,1793,848,0,2725,0,0.1,0.033333333,0.022308979,0.108490566,0.050642202,7,9,1,1,1,7,0.142857143,0.555555556,0,1,0,0.142857143
facultad de medicina,1969,5,102,158,3,120,181,18,429,0,0.421568627,0.063291139,0,0.7,0.143646409,0.5,0.377622378,3,29,27,1954,938,0,2951,0,0.068965517,0,0.072671443,0.109808102,0.083700441,7,9,1,1,1,7,0.142857143,0.555555556,0,1,0,0.142857143
facultad de medicina,1970,7,103,158,4,137,188,18,457,0.142857143,0.40776699,0.063291139,0,0.751824818,0.154255319,0.5,0.402625821,0,0,29,2183,0,0,2212,0,0.086566092,0,0,0.123442449,0,7,9,1,1,1,7,0.142857143,0.555555556,0,1,0,0.142857143
facultad de medicina,1971,4,94,158,4,142,187,14,445,0,0.372340426,0.063291139,0,0.767605634,0.181818182,0.714285714,0.42247191,3,48,26,1245,1211,0,2533,0,0.104166667,0,0.058634538,0.137076796,0.096328464,6,9,1,1,1,6,0,0.555555556,0,1,0,0
facultad de medicina,1972,13,113,158,10,144,206,16,502,0.076923077,0.345132743,0.063291139,0,0.638888889,0.199029126,0.5,0.360557769,1,57,14,1358,1345,0,2775,0,0.105263158,0.714285714,0.066273932,0.146468401,0.109189189,6,9,1,1,1,6,0,0.555555556,0,1,0,0
facultad de medicina,1973,23,125,158,13,187,201,26,575,0.260869565,0.248,0.063291139,0,0.700534759,0.223880597,0.692307692,0.40173913,2,65,27,1417,1406,0,2917,0,0.2,0,0.071277347,0.150071124,0.111415838,6,9,1,1,1,7,0.333333333,0.555555556,0,1,0,0.428571429
facultad de medicina,1974,57,118,158,14,180,205,12,586,0.333333333,0.245762712,0.063291139,0,0.644444444,0.224390244,0.5,0.368600683,0,64,20,1732,1744,9,3569,0,0.078125,0,0.08256351,0.141055046,0.110395069,1,9,1,1,1,11,0,0.555555556,0,1,0,0.454545455
facultad de medicina,1975,43,95,158,13,321,219,10,701,0.348837209,0.242105263,0.063291139,0,0.604361371,0.214611872,0.6,0.406562054,1,57,15,1756,1664,15,3508,0,0.175438596,0,0.089407745,0.143629808,0.115735462,2,5,1,1,1,8,0,0.8,0,1,0,0.5
facultad de medicina,1976,54,130,158,14,349,74,28,635,0.407407407,0.776923077,0.063291139,0,0.452722063,0.175675676,0.428571429,0.481889764,1,56,19,1890,1875,12,3853,0,0.214285714,0.105263158,0.078835979,0.1568,0.118608876,1,5,1,1,1,7,1,0.8,0,1,1,0.857142857
facultad de medicina,1977,57,91,158,15,323,193,54,733,0.473684211,0.21978022,0.063291139,0,0.6625387,0.243523316,0.277777778,0.440654843,4,106,21,2134,1927,12,4204,0,0.179245283,0,0.096532334,0.170212766,0.131541389,5,7,1,1,2,14,0.8,0.571428571,0,1,0.5,0.642857143
facultad de medicina,1978,67,90,158,14,371,207,41,790,0.462686567,0.211111111,0.063291139,0,0.628032345,0.231884058,0.097560976,0.424050633,2,133,30,2306,2015,11,4497,0,0.187969925,0,0.111882047,0.180645161,0.143873694,5,10,1,1,4,19,0.4,0.4,0,1,0.25,0.368421053
facultad de medicina,1979,71,164,158,14,404,66,107,812,0.492957746,0.207317073,0.063291139,0,0.46039604,0.196969697,0.271028037,0.365763547,1,80,19,2602,1950,11,4663,0,0.175,0.052631579,0.119523444,0.198974359,0.153120309,7,6,1,1,2,16,0.428571429,0.666666667,0,1,0.5,0.5625
facultad de medicina,1980,171,167,158,13,264,245,121,981,0.32748538,0.209580838,0.063291139,0,0.742424242,0.228571429,0.355371901,0.393476045,1,78,14,2981,2111,0,5185,0,0.230769231,0,0.115732976,0.189009948,0.146962392,3,5,1,1,1,9,0,0.8,0,1,1,0.555555556
facultad de psicologia,1974,21,18,0,9,23,30,1,102,0.619047619,0.277777778,0,0,0.695652174,0.1,1,0.37254902,0,35,24,102,79,1,241,0,0.314285714,0.458333333,0.333333333,0.64556962,0.443983402,1,19,1,7,24,52,1,0.578947368,0,0.428571429,0.291666667,0.423076923
facultad de psicologia,1975,22,16,0,8,42,40,2,122,0.545454545,0.3125,0,0,0.642857143,0.075,1,0.401639344,0,43,28,94,78,1,244,0,0.348837209,0.428571429,0.319148936,0.58974359,0.422131148,5,22,1,4,21,52,0.2,0.545454545,0,0.75,0.142857143,0.365384615
facultad de psicologia,1976,34,17,0,7,80,5,2,138,0.411764706,0.647058824,0,0,0.475,0,0.5,0.463768116,0,39,30,87,75,15,246,0,0.41025641,0.5,0.344827586,0.626666667,0.43902439,5,30,1,3,24,59,0.2,0.6,0,0.666666667,0.333333333,0.457627119
facultad de psicologia,1977,30,17,0,6,68,37,1,159,0.333333333,0.176470588,0,0,0.720588235,0.081081081,0,0.408805031,0,60,31,88,89,19,287,0,0.516666667,0.548387097,0.420454545,0.595505618,0.480836237,6,18,1,2,19,45,0.166666667,0.666666667,0,0,0.368421053,0.444444444
facultad de psicologia,1978,19,16,0,6,52,42,10,139,0.526315789,0.1875,0,0,0.692307692,0.095238095,0.4,0.410071942,0,69,29,87,85,20,290,0,0.449275362,0.586206897,0.402298851,0.576470588,0.455172414,6,15,1,3,15,39,0.166666667,0.666666667,0,0.333333333,0.4,0.461538462
facultad de psicologia,1979,25,26,0,6,43,50,3,147,0.56,0.346153846,0,0,0.744186047,0.1,0.666666667,0.421768707,0,87,29,96,88,24,324,0,0.471264368,0.482758621,0.458333333,0.522727273,0.447530864,8,26,1,3,2,39,0.125,0.692307692,0,0.666666667,0,0.538461538
facultad de psicologia,1980,64,29,0,6,50,47,13,203,0.546875,0.310344828,0,0,0.84,0.14893617,0.538461538,0.492610837,0,90,34,168,78,0,370,0,0.5,0.529411765,0.464285714,0.525641026,0.491891892,10,27,1,6,2,45,0.2,0.518518519,0,0.5,0.5,0.444444444
facultad de quimica,1974,18,77,42,10,55,118,2,270,0.666666667,0.233766234,0.095238095,0,0.509090909,0.169491525,1,0.296296296,1,57,20,247,382,10,717,0,0.298245614,0.3,0.259109312,0.40052356,0.334728033,1,5,0,0,2,8,1,0.2,0,0,1,0.5
facultad de quimica,1975,17,64,42,8,110,116,2,317,0.647058824,0.140625,0.095238095,0,0.409090909,0.163793103,1,0.271293375,1,68,17,266,400,9,761,0,0.352941176,0.294117647,0.266917293,0.4525,0.369250986,1,9,0,0,2,12,1,0.333333333,0,0,1,0.5
facultad de quimica,1976,18,65,42,7,158,29,5,275,0.611111111,0.830769231,0.095238095,0,0.696202532,0.275862069,0.6,0.676363636,0,72,13,370,277,14,746,0,0.361111111,0.384615385,0.386486486,0.418772563,0.388739946,3,5,0,0,2,10,0.666666667,0.4,0,0,0.5,0.5
facultad de quimica,1977,17,72,42,7,109,142,6,346,0.647058824,0.194444444,0.095238095,0,0.495412844,0.183098592,0.5,0.312138728,0,71,12,382,255,33,753,0,0.394366197,0.333333333,0.392670157,0.411764706,0.381142098,1,6,0,0,1,8,0,0.333333333,0,0,1,0.375
facultad de quimica,1978,18,66,42,6,118,138,6,352,0.555555556,0.212121212,0.095238095,0,0.449152542,0.173913043,0.666666667,0.298295455,0,84,11,445,234,41,815,0,0.357142857,0.454545455,0.316853933,0.423076923,0.337423313,1,3,0,0,1,4,0,1,0,0,1,0.75
facultad de quimica,1979,15,98,42,10,70,153,15,361,0.666666667,0.214285714,0.095238095,0,0.671428571,0.137254902,0.266666667,0.28531856,0,101,17,416,131,54,719,0,0.287128713,0.411764706,0.413461538,0.442748092,0.369958275,3,7,0,0,1,10,0,0.142857143,0,0,0,0.1
facultad de quimica,1980,82,141,42,8,82,184,15,512,0.329268293,0.170212766,0.095238095,0,0.524390244,0.233695652,0.266666667,0.275390625,0,150,17,661,180,0,1008,0,0.213333333,0.294117647,0.328290469,0.277777778,0.301587302,3,3,0,0,1,4,0,0,0,0,0,0
fcpys,1972,10,24,6,0,41,16,7,98,0.1,0.541666667,0,0,0.756097561,0.0625,0.142857143,0.479591837,0,22,8,142,75,0,247,0,0,0.25,0.126760563,0.4,0.20242915,1,35,0,1,2,2,0,0.457142857,0,0,0.5,0
fcpys,1973,18,23,6,0,41,17,12,111,0.5,0.608695652,0,0,0.756097561,0.176470588,0.416666667,0.558558559,0,37,23,99,74,0,233,0,0.054054054,0.52173913,0.131313131,0.297297297,0.210300429,2,35,0,4,2,6,0.5,0.457142857,0,0.25,0.5,0.333333333
fcpys,1974,14,8,6,0,45,23,17,107,0.357142857,0.5,0,0,0.733333333,0.130434783,0.352941176,0.476635514,0,47,20,167,119,0,353,0,0.106382979,0.3,0.209580838,0.260504202,0.218130312,4,35,0,2,2,41,0.25,0.457142857,0,0.5,0.5,0.43902439
fcpys,1975,8,17,6,0,68,31,19,143,0.375,0.764705882,0,0,0.573529412,0.225806452,0.263157895,0.468531469,0,53,16,206,190,0,465,0,0.113207547,0.4375,0.199029126,0.331578947,0.251612903,3,29,0,1,2,33,0.333333333,0.482758621,0,1,0.5,0.484848485
fcpys,1976,11,39,6,0,69,6,18,143,0.636363636,0.794871795,0,0,0.362318841,0,0.444444444,0.496503497,0,59,13,229,219,0,520,0,0.220338983,0.307692308,0.209606987,0.392694064,0.290384615,3,20,0,1,2,24,0.333333333,0.35,0,1,0.5,0.375
fcpys,1977,17,17,6,0,110,36,2,182,0.588235294,0.588235294,0,0,0.590909091,0.166666667,0.5,0.505494505,0,61,17,211,241,0,530,0,0.262295082,0.294117647,0.17535545,0.402489627,0.29245283,2,44,0,1,2,48,0.5,0.568181818,0,0,0.5,0.5625
fcpys,1978,17,17,6,0,96,41,12,183,0.352941176,0.647058824,0,0,0.614583333,0.170731707,0.25,0.469945355,0,69,12,210,210,0,501,0,0.246376812,0.416666667,0.204761905,0.376190476,0.28742515,2,50,0,1,4,55,0,0.52,0,0,0.25,0.490909091
fcpys,1979,36,23,6,0,89,10,22,180,0.555555556,0.652173913,0,0,0.426966292,0,0.318181818,0.444444444,0,84,12,197,173,0,466,0,0.261904762,0.166666667,0.248730964,0.450867052,0.324034335,1,54,0,1,4,55,0,0.555555556,0,0,0.25,0.545454545
fcpys,1980,81,27,6,0,89,55,26,278,0.50617284,0.592592593,0,0,0.606741573,0.290909091,0.538461538,0.507194245,0,103,15,357,314,0,789,0,0.242718447,0.266666667,0.243697479,0.350318471,0.28643853,1,55,0,1,4,56,0,0.563636364,0,0,0.25,0.553571429
ffyl,1972,20,10,13,1,61,55,1,147,0.3,0.2,0.153846154,0,0.639344262,0.181818182,1,0.387755102,2,19,8,273,68,0,370,0,0.210526316,0.125,0.36996337,0.441176471,0.367567568,1,2,0,1,1,1,0,0,0,0,0,0
ffyl,1973,16,14,13,1,49,38,2,118,0.3125,0.428571429,0.153846154,0,0.632653061,0.210526316,0.5,0.423728814,2,23,40,234,31,0,330,0,0.304347826,0.45,0.457264957,0.451612903,0.442424242,1,2,0,1,1,1,0,0,0,0,0,0
ffyl,1974,14,13,13,1,47,34,2,111,0.642857143,0.538461538,0.153846154,0,0.638297872,0.176470588,0.5,0.477477477,1,28,44,195,41,0,309,0,0.214285714,0.409090909,0.405128205,0.56097561,0.40776699,1,2,0,1,1,2,0,0,0,0,0,0
ffyl,1975,18,11,13,1,75,28,3,133,0.611111111,0.454545455,0.153846154,0,0.573333333,0.214285714,0,0.488721805,1,41,33,200,30,4,309,0,0.414634146,0.333333333,0.465,0.7,0.459546926,1,2,0,1,1,2,1,0,0,0,0,0.5
ffyl,1976,24,29,13,1,73,7,4,137,0.458333333,0.965517241,0.153846154,0,0.383561644,0,0,0.489051095,1,36,29,195,32,18,311,0,0.388888889,0.413793103,0.425641026,0.75,0.427652733,1,2,0,1,1,3,1,0,0,1,0,0.333333333
ffyl,1977,20,3,13,1,89,32,11,155,0.35,0.666666667,0.153846154,0,0.606741573,0.21875,0.727272727,0.503225806,2,50,38,215,36,19,360,0,0.44,0.684210526,0.488372093,0.555555556,0.480555556,1,5,0,1,1,7,1,0.6,0,1,0,0.571428571
ffyl,1978,17,6,13,1,87,33,18,161,0.352941176,0.333333333,0.153846154,0,0.540229885,0.272727273,0.611111111,0.465838509,3,57,43,200,38,27,368,0,0.385964912,0.558139535,0.45,0.605263158,0.432065217,2,3,0,1,1,4,0.5,0.666666667,0,1,1,0.75
ffyl,1979,22,20,13,1,75,13,17,147,0.318181818,0.25,0.153846154,0,0.36,0,0.588235294,0.333333333,0,95,56,170,27,29,377,0,0.4,0.517857143,0.488235294,0.222222222,0.413793103,3,4,0,1,1,4,0.333333333,0.5,0,1,1,0.5
ffyl,1980,65,26,13,1,72,44,26,233,0.292307692,0.192307692,0.153846154,0,0.652777778,0.227272727,0.384615385,0.39055794,5,98,75,537,42,0,757,0,0.397959184,0.36,0.426443203,0.571428571,0.421400264,3,4,0,1,1,5,0.333333333,0.5,0,1,1,0.6
hemeroteca nacional,1976,2,42,6,0,24,15,0,83,0,0.380952381,0,0,0.166666667,0.066666667,0,0.253012048,0,1,0,0,1,0,2,0,0,0,0,1,0.5,0,2,0,0,2,4,0,0.5,0,0,0.5,0.5
hemeroteca nacional,1977,1,42,6,0,28,16,0,87,0,0.333333333,0,0,0.178571429,0.125,0,0.24137931,0,0,0,0,1,0,1,0,0,0,0,1,1,0,2,0,0,1,3,0,0.5,0,0,0,0.333333333
hemeroteca nacional,1978,1,39,6,0,28,16,0,84,0,0.358974359,0,0,0.214285714,0.0625,0,0.25,0,0,0,1,0,0,1,0,0,0,0,1,0,0,4,0,0,3,7,0,0.75,0,0,0.333333333,0.571428571
instituto de astronomia,1971,3,24,0,2,5,8,2,39,0,0.291666667,0,0,1,0,0.5,0.333333333,0,0,0,1,0,0,1,0,0,0,1,0,1,12,7,3,1,3,13,0,0.142857143,0,0,0,0
instituto de astronomia,1972,3,20,0,1,5,8,2,39,0,0.4,0,0,1,0,0.5,0.358974359,0,0,0,1,0,0,1,0,0,0,1,0,1,12,7,3,3,3,15,0.083333333,0.142857143,0,0.333333333,0,0.133333333
instituto de astronomia,1973,2,13,0,8,5,12,2,40,0,0,0,0,0.8,0.666666667,0.5,0.325,0,0,0,1,0,0,1,0,0,0,1,0,1,17,7,3,2,3,22,0.117647059,0.142857143,0,0.5,0,0.136363636
instituto de astronomia,1974,2,9,0,2,4,8,3,25,0,0.333333333,0,0,0.75,0.25,0.333333333,0.32,0,0,0,5,0,0,5,0,0,0,0.2,0,0.2,14,7,3,2,12,38,0.285714286,0.142857143,0,0,0.333333333,0.236842105
instituto de astronomia,1975,1,9,0,3,18,8,3,39,0,0.333333333,0,0,0.5,0.125,0.333333333,0.333333333,0,0,0,3,1,0,4,0,0,0,0.333333333,0,0.25,19,7,3,2,12,40,0.157894737,0.142857143,0,0,0.333333333,0.2
instituto de astronomia,1976,2,9,0,7,13,14,4,45,0,0.333333333,0,0,0.538461538,0.214285714,0.25,0.288888889,0,0,0,3,1,0,4,0,0,0,0.333333333,0,0.25,23,8,3,2,17,50,0.173913043,0.375,0,0,0.235294118,0.22
instituto de astronomia,1977,3,6,0,2,11,16,4,38,0.333333333,0.166666667,0,0,0.909090909,0.125,0,0.368421053,0,0,0,3,0,0,3,0,0,0,0.333333333,0,0.333333333,22,7,3,1,19,49,0.227272727,0.428571429,0,0,0.210526316,0.244897959
instituto de astronomia,1978,3,6,0,2,11,15,5,37,0,0.166666667,0,0,0.909090909,0.133333333,0,0.351351351,0,0,0,3,0,0,3,0,0,0,0.333333333,0,0.333333333,20,4,3,1,16,41,0.25,0.5,0,0,0.25,0.268292683
instituto de astronomia,1979,2,10,0,1,8,20,5,41,0.5,0.3,0,0,1,0.25,0,0.414634146,0,0,0,1,0,0,1,0,0,0,0,0,0,24,3,3,1,12,40,0.291666667,0.666666667,0,0,0.333333333,0.325
instituto de biologia,1968,2,20,15,94,7,15,1,44,0,0.45,0,0,0.285714286,0,0,0.25,1,0,0,0,0,0,1,0,0,0,0.25,0,0,39,2,9,4,2,43,0.358974359,0.5,0.111111111,0.25,0.5,0.348837209
instituto de biologia,1969,3,22,15,117,15,17,1,58,0,0.409090909,0,0,0.533333333,0,0,0.293103448,0,0,0,0,0,0,0,0,0,0,0.25,0,0,21,2,9,6,2,27,0.333333333,0.5,0.111111111,0.333333333,0.5,0.333333333
instituto de biologia,1970,7,12,15,140,22,33,1,214,0,0.166666667,0,0,0.318181818,0,0,0.042056075,0,0,1,0,0,0,1,0,0,0,0.25,0,0,23,2,9,4,2,23,0.173913043,0.5,0.111111111,0.25,0.5,0.173913043
instituto de biologia,1971,6,14,15,70,22,28,1,140,0,0.071428571,0,0,0.545454545,0,0,0.085714286,0,0,0,4,0,0,4,0,0,0,0.25,0,0.25,28,2,9,3,2,28,0.142857143,0.5,0.111111111,0.333333333,0.5,0.142857143
instituto de biologia,1972,4,16,15,1,21,24,1,66,0,0,0,0,0.761904762,0,0,0.242424242,0,0,0,8,0,0,8,0,0,0,0.25,0,0.25,32,2,9,1,2,33,0.15625,0.5,0.111111111,0,0.5,0.151515152
instituto de biologia,1973,3,20,15,1,11,22,1,58,0,0.35,0,0,0.545454545,0,0,0.224137931,0,0,0,10,0,0,10,0,0,0,0.2,0,0.2,39,2,9,4,2,47,0.230769231,0.5,0.111111111,1,0.5,0.319148936
instituto de biologia,1974,5,17,15,1,29,40,2,94,0,0.235294118,0,0,0.482758621,0.175,0,0.265957447,0,0,0,13,1,0,14,0,0,0,0.153846154,0,0.142857143,51,3,9,3,11,77,0.196078431,0.333333333,0.111111111,0.666666667,0.545454545,0.25974026
instituto de biologia,1975,3,11,15,1,37,24,2,76,0,0.090909091,0,0,0.459459459,0.208333333,0.5,0.302631579,0,0,0,17,0,0,17,0,0,0,0.235294118,0.25,0.235294118,44,1,9,2,12,59,0.181818182,1,0.111111111,1,0.5,0.288135593
instituto de biologia,1976,5,14,15,1,34,34,3,91,0.2,0.142857143,0,0,0.588235294,0.235294118,0.666666667,0.362637363,0,0,0,34,2,0,36,0,0,0,0.264705882,0.5,0.277777778,33,1,9,1,7,41,0.242424242,0,0.111111111,1,0.571428571,0.317073171
instituto de biologia,1977,4,19,15,1,50,37,4,107,0.25,0.210526316,0,0,0.54,0.324324324,0.5,0.401869159,0,0,0,24,5,0,29,0,0,0,0.166666667,0.4,0.206896552,38,1,9,2,21,62,0.315789474,0,0.111111111,1,0.380952381,0.35483871
instituto de biologia,1978,2,19,15,1,50,38,4,114,0.5,0.263157895,0,0,0.52,0.315789474,0.5,0.403508772,0,0,0,37,3,0,40,0,0,0,0.459459459,0.666666667,0.475,19,2,9,1,21,43,0.157894737,0,0.111111111,1,0.571428571,0.372093023
instituto de biologia,1979,5,38,15,1,32,36,5,117,0.4,0.210526316,0,0,0.6875,0.333333333,0.4,0.393162393,0,0,0,3,0,0,3,0,0,0,0.333333333,0.666666667,0.333333333,68,3,9,1,9,81,0.308823529,0.333333333,0.111111111,1,0.555555556,0.345679012
instituto de fisica,1970,1,35,6,6,13,11,4,59,0,0.085714286,0,0,0.384615385,0.090909091,0,0.152542373,0,1,0,0,0,0,1,0,0,0,0,0,0,35,3,8,6,1,41,0.028571429,0.333333333,0,0.166666667,0,0.048780488
instituto de fisica,1971,1,36,6,6,12,11,4,59,0,0.111111111,0,0,0.5,0.090909091,0,0.186440678,0,0,0,2,1,0,3,0,0,0,0,0,0,28,3,8,5,1,33,0.035714286,0.333333333,0,0.4,0,0.090909091
instituto de fisica,1972,2,49,6,6,13,13,4,81,0,0.06122449,0,0,0.538461538,0.076923077,0,0.135802469,0,0,0,3,1,0,4,0,0,0,0,0,0,42,3,8,5,1,47,0.071428571,0.333333333,0,0.2,0,0.085106383
instituto de fisica,1973,2,33,6,6,14,11,4,58,0,0.060606061,0,0,0.571428571,0.090909091,0,0.189655172,0,0,0,5,0,0,5,0,0,0,0.2,0,0.2,41,3,8,6,1,47,0.073170732,0.333333333,0,0.166666667,0,0.085106383
instituto de fisica,1974,2,21,6,6,11,10,4,42,0,0.095238095,0,0,0.363636364,0.1,0,0.166666667,0,0,0,7,2,0,9,0,0,0,0.285714286,0,0.222222222,39,3,8,9,1,57,0,0.333333333,0,0.222222222,0,0.035087719
instituto de fisica,1975,2,17,6,6,42,9,4,70,0,0.117647059,0,0,0.261904762,0.111111111,0,0.2,0,0,0,10,3,0,13,0,0,0,0.1,0,0.076923077,50,3,8,6,2,58,0.06,0.333333333,0,0.333333333,0,0.086206897
instituto de fisica,1976,1,19,6,6,42,17,4,79,1,0.052631579,0,0,0.30952381,0.117647059,0,0.215189873,0,0,0,30,3,0,33,0,0,0,0.133333333,0,0.121212121,33,2,8,4,4,41,0.060606061,0,0,0.25,0,0.073170732
instituto de fisica,1977,3,21,6,6,45,38,4,107,0,0.095238095,0,0,0.511111111,0.184210526,0,0.299065421,0,0,0,9,2,0,11,0,0,0,0.111111111,0,0.090909091,37,2,8,3,5,45,0.108108108,0,0,0.666666667,0,0.133333333
instituto de fisica,1978,2,19,6,6,46,39,4,106,0,0.052631579,0,0,0.456521739,0.179487179,0,0.273584906,0,0,0,27,2,0,29,0,0,0,0.185185185,0.5,0.206896552,39,2,8,3,6,48,0.076923077,0,0,0.333333333,0.166666667,0.104166667
instituto de fisica,1979,2,24,6,6,52,10,4,92,0,0,0,0,0.557692308,0,0,0.315217391,0,3,0,7,0,0,10,0,0,0,0.285714286,0.5,0.2,68,2,8,1,8,77,0.073529412,0,0,0,0.125,0.077922078
instituto de geofisica,1970,1,75,7,6,29,11,1,122,0,0.2,0,0,0.517241379,0.090909091,0,0.254098361,0,0,1,0,0,0,1,0,0,0,0,0,0,16,11,4,3,7,16,0.1875,0.272727273,0.25,0.333333333,0.285714286,0.1875
instituto de geofisica,1971,9,91,7,8,29,11,1,149,0.222222222,0.164835165,0,0,0.517241379,0.090909091,0,0.22147651,0,0,0,2,0,0,2,0,0,0,0,0,0,18,11,4,3,7,18,0.166666667,0.181818182,0.25,0.333333333,0.285714286,0.166666667
instituto de geofisica,1972,8,94,7,6,31,11,1,151,0.125,0.170212766,0,0,0.548387097,0.090909091,0,0.231788079,0,0,0,4,0,0,4,0,0,0,0.25,0,0.25,25,10,4,2,7,25,0.2,0.2,0.25,0.5,0.285714286,0.2
instituto de geofisica,1973,7,101,7,6,29,10,2,155,0,0.178217822,0,0,0.586206897,0,0,0.225806452,0,0,0,6,0,0,6,0,0,0,0.166666667,0,0.166666667,28,10,4,2,7,30,0.178571429,0.1,0.25,0.5,0.285714286,0.2
instituto de geofisica,1974,7,84,7,5,18,11,3,128,0,0.214285714,0,0,0.444444444,0,0.333333333,0.2109375,0,0,0,5,0,0,5,0,0,0,0.2,0,0.2,29,9,4,2,7,51,0.206896552,0,0.25,0,0.285714286,0.176470588
instituto de geofisica,1975,9,73,7,5,38,11,2,138,0.111111111,0.178082192,0,0,0.394736842,0,0,0.210144928,0,1,0,4,0,0,5,0,0,0,0,0,0,33,9,4,2,7,51,0.242424242,0,0.25,0,0.142857143,0.176470588
instituto de geofisica,1976,1,81,7,6,28,15,1,132,0,0.172839506,0,0,0.535714286,0,0,0.21969697,0,0,0,5,1,0,6,0,0,0,0,0,0,26,15,4,2,6,49,0.230769231,0.066666667,0.25,0,0.166666667,0.163265306
instituto de geofisica,1977,1,46,7,6,35,16,28,132,0,0.260869565,0,0,0.628571429,0.0625,0.071428571,0.28030303,0,0,0,8,6,0,14,0,0,0,0.125,0,0.071428571,45,10,4,3,28,86,0.222222222,0.1,0.25,0.333333333,0.107142857,0.174418605
instituto de geofisica,1978,1,38,7,6,48,15,28,136,0,0.210526316,0,0,0.541666667,0.066666667,0.071428571,0.272058824,0,0,0,7,2,0,9,0,0,0,0.142857143,0,0.111111111,42,12,4,3,28,85,0.166666667,0.083333333,0.25,0.333333333,0.071428571,0.129411765
instituto de geofisica,1979,1,44,7,6,20,11,14,90,0,0.25,0,0,0.35,0.545454545,0.142857143,0.288888889,0,0,0,1,0,0,1,0,0,0,0,0,0,34,6,4,1,17,58,0.235294118,0,0.25,0,0,0.137931034
instituto de geografia,1971,3,22,5,1,5,5,2,35,0.333333333,0.545454545,0,0,1,0,0,0.514285714,0,0,0,3,0,0,3,0,0.526315789,0,0.666666667,0,0.666666667,9,10,2,1,5,10,0.666666667,0.5,0,0,0.2,0.6
instituto de geografia,1972,4,20,5,1,5,5,2,34,0.25,0.55,0,0,1,0,0,0.5,0,0,0,3,0,0,3,0,0.526315789,0,0.666666667,0,0.666666667,9,11,2,3,5,12,0.333333333,0.454545455,0,0.666666667,0.2,0.416666667
instituto de geografia,1973,5,16,5,1,5,5,2,31,0.2,0.5,0,0,1,0,0,0.451612903,0,0,0,4,0,0,4,0,0.526315789,0,0.75,0,0.75,17,11,2,2,5,17,0.647058824,0.545454545,0,1,0.2,0.647058824
instituto de geografia,1974,4,8,5,1,6,5,2,23,0.25,0.25,0,0,1,0,0,0.391304348,0,0,0,5,0,0,5,0,0.526315789,0,0.6,0,0.6,20,12,2,2,5,34,0.4,0.5,0,1,0.2,0.411764706
instituto de geografia,1975,3,8,5,1,7,5,2,23,0.333333333,0.25,0,0,1,0,0,0.434782609,0,19,0,8,0,0,27,0,0.526315789,0,0.75,0,0.592592593,19,12,2,2,5,31,0.526315789,0.666666667,0,0.5,0.2,0.580645161
instituto de geografia,1976,7,8,5,1,10,11,2,38,0,0.25,0,0,0.8,0.272727273,0,0.342105263,0,0,0,10,1,0,11,0,0.526315789,0,0.7,0,0.636363636,22,8,2,1,5,31,0.545454545,0.625,0,1,0.2,0.580645161
instituto de geografia,1977,2,8,5,1,8,11,5,34,0.5,0.25,0,0,1,0.272727273,0.2,0.441176471,0,0,0,9,1,0,10,0,0.526315789,0,0.666666667,0,0.6,23,15,2,1,5,39,0.565217391,0.533333333,0,1,0.2,0.564102564
instituto de geografia,1978,2,8,5,1,8,11,5,34,0.5,0.25,0,0,1,0.181818182,0.2,0.411764706,0,0,0,9,2,0,11,0,0.526315789,0,0.666666667,0.5,0.636363636,27,15,2,1,5,43,0.62962963,0.6,0,1,0.2,0.627906977
instituto de geografia,1979,3,6,5,1,15,3,4,31,1,0.333333333,0,0,0.533333333,0,0.25,0.451612903,0,0,0,2,0,0,2,0,0.526315789,0,1,0.5,1,36,7,2,1,5,49,0.611111111,0.857142857,0,1,0.2,0.612244898
instituto de geologia,1970,1,35,14,3,18,16,5,73,0,0.285714286,0.071428571,0,0.722222222,0.125,0,0.342465753,0,0,0,1,0,0,1,0,0.235294118,0.333333333,1,1,1,17,7,3,5,2,22,0.235294118,0.142857143,0,0,0.5,0.181818182
instituto de geologia,1971,2,46,14,3,18,21,4,90,0,0.347826087,0.071428571,0.333333333,0.777777778,0,0,0.344444444,0,0,0,1,0,0,1,0,0.235294118,0.333333333,0,1,0,14,6,3,6,2,20,0.285714286,0.166666667,0,0,0.5,0.2
instituto de geologia,1972,2,40,14,2,18,19,4,81,0,0.275,0.071428571,0.5,0.777777778,0,0,0.320987654,0,0,0,1,0,0,1,0,0.235294118,0.333333333,0,1,0,28,6,3,8,2,36,0.214285714,0,0,0.125,0.5,0.194444444
instituto de geologia,1973,2,40,14,2,21,19,4,84,0.5,0.2,0.071428571,0,0.80952381,0,0,0.30952381,0,0,0,1,0,0,1,0,0.235294118,0.333333333,0,1,0,32,5,3,6,2,38,0.1875,0,0,0.166666667,0.5,0.184210526
instituto de geologia,1974,4,29,14,3,14,20,4,70,0,0.137931034,0.071428571,0,0.642857143,0.05,0,0.2,0,0,0,5,0,0,5,0,0.235294118,0.333333333,0,1,0,30,5,3,5,2,45,0.233333333,0,0,0.4,0.5,0.222222222
instituto de geologia,1975,4,31,14,3,19,25,3,82,0.25,0.193548387,0.071428571,0,0.789473684,0.24,0,0.341463415,0,34,6,8,0,0,48,0,0.235294118,0.333333333,0.125,1,0.229166667,34,2,3,5,4,45,0.235294118,0,0,0.4,0.25,0.244444444
instituto de geologia,1976,3,28,14,2,24,20,3,77,0.333333333,0.25,0.071428571,0,0.75,0.1,0,0.363636364,0,0,0,11,2,0,13,0,0.235294118,0.333333333,0.181818182,1,0.307692308,40,2,3,5,5,52,0.225,1,0,0.4,0.2,0.269230769
instituto de geologia,1977,5,23,14,3,27,19,3,80,0.2,0.217391304,0.071428571,0,0.777777778,0.105263158,0,0.3625,0,0,0,17,0,0,17,0,0.235294118,0.333333333,0.235294118,1,0.235294118,31,4,3,5,5,45,0.225806452,1,0,0.6,0.2,0.333333333
instituto de geologia,1978,5,22,14,3,29,20,2,81,0.2,0.363636364,0.071428571,0,0.655172414,0.1,0,0.37037037,0,0,0,17,0,0,17,0,0.235294118,0.333333333,0.117647059,1,0.117647059,31,5,3,4,6,46,0.258064516,1,0,0.5,0.333333333,0.369565217
instituto de geologia,1979,6,24,14,3,41,5,2,78,0.666666667,0.208333333,0.071428571,0,0.512195122,0.6,0,0.423076923,0,0,0,1,0,0,1,0,0.235294118,0.333333333,0,1,0,48,5,3,5,5,63,0.166666667,1,0,0.4,0.2,0.253968254
instituto de ingenieria,1974,5,34,0,61,33,30,11,163,0.4,0.088235294,0,0,0.545454545,0,0,0.141104294,0,27,10,9,0,0,46,0,0,0,0,0,0,8,17,0,1,2,17,0.125,0.117647059,0,0,0,0.117647059
instituto de ingenieria,1975,4,23,0,49,67,26,11,169,0.5,0.086956522,0,0,0.343283582,0.038461538,0,0.165680473,0,21,9,16,0,0,46,0,0,0,0.0625,0,0.02173913,8,16,0,1,2,25,0.125,0.0625,0,0,0,0.08
instituto de ingenieria,1976,4,38,0,48,47,51,11,140,0.5,0.947368421,0,0,0.361702128,1,0,0.757142857,0,9,2,30,1,0,42,0,0,0,0,0,0,28,14,0,5,2,47,0,0.071428571,0,0,0,0.021276596
instituto de ingenieria,1977,4,23,0,47,79,46,11,199,0.5,0.043478261,0,0,0.392405063,0.130434783,0,0.201005025,0,0,0,43,3,0,46,0,0,0,0.023255814,0,0.02173913,35,24,0,7,2,68,0.057142857,0.166666667,0,0.285714286,0,0.117647059
instituto de ingenieria,1978,3,23,0,45,79,54,11,215,0.666666667,0,0,0,0.405063291,0.148148148,0,0.195348837,0,5,1,34,3,0,43,0,0,0,0.029411765,0,0.023255814,47,26,0,9,2,84,0.021276596,0.153846154,0,0,0,0.05952381
instituto de ingenieria,1979,6,40,0,50,78,65,16,205,0.333333333,0.025,0,0,0.641025641,0.846153846,0.25,0.546341463,0,2,1,2,0,0,5,0,0,0,0,0,0,73,14,0,10,8,97,0.01369863,0.214285714,0,0.2,0,0.06185567
instituto de ingenieria,1980,23,44,0,56,39,57,22,241,0.130434783,0.068181818,0,0,0.666666667,0.122807018,0.090909091,0.170124481,0,0,0,7,0,0,7,0,0,0,0.142857143,0,0.142857143,81,11,0,10,13,115,0.024691358,0.272727273,0,0,0.076923077,0.052173913
instituto de investigaciones antropologicas,1968,1,2,0,0,4,1,4,6,1,0,0,0,0.75,0,1,0.5,1,0,0,0,0,0,1,0,0,0,0,0.2,0,2,4,1,2,1,5,0,0.75,0,0,1,0
instituto de investigaciones antropologicas,1969,1,2,0,0,4,2,4,6,1,0,0,0,0.75,0.5,1,0.5,1,0,0,1,0,0,2,0,0,0,0,0.2,0,4,4,1,2,1,6,0,0.75,0,0,1,0
instituto de investigaciones antropologicas,1970,1,2,0,0,4,2,4,4,1,0,0,0,0.75,0.5,1,0.75,1,0,0,1,0,0,2,0,0,0,1,0.2,0.5,5,4,1,1,1,8,0.2,0.75,0,0,1,0.125
instituto de investigaciones antropologicas,1971,1,2,0,0,3,2,4,3,1,0,0,0,1,0.5,1,1,0,0,0,2,0,0,2,0,0,0,0.5,0.2,0.5,7,4,1,1,1,9,0.142857143,0.75,0,0,1,0.111111111
instituto de investigaciones antropologicas,1972,1,1,0,0,3,2,4,3,1,1,0,0,1,0.5,1,1,0,0,0,3,0,0,3,0,0,0,0.333333333,0.2,0.333333333,6,4,1,1,1,8,0.166666667,0.75,0,0,1,0.125
instituto de investigaciones antropologicas,1973,1,1,0,0,3,3,4,4,1,1,0,0,1,0.666666667,1,1,0,0,0,3,0,0,3,0,0,0,0.666666667,0.2,0.666666667,6,4,1,1,1,8,0.166666667,0.75,0,0,1,0.125
instituto de investigaciones antropologicas,1974,1,2,0,0,1,3,4,5,1,1,0,0,1,0.666666667,1,0.8,0,0,0,4,0,0,4,0,0,0,0.5,0.2,0.5,7,4,1,1,1,7,0.142857143,0.75,0,0,1,0.142857143
instituto de investigaciones antropologicas,1975,1,3,0,0,8,1,4,13,0,0.666666667,0,0,0.75,1,1,0.692307692,0,0,0,3,0,0,3,0,0,0,0.333333333,0.2,0.333333333,11,4,1,1,1,15,0.363636364,0.75,0,0,1,0.466666667
instituto de investigaciones antropologicas,1976,1,4,0,0,7,1,4,13,0,0.5,0,0,0.857142857,1,1,0.692307692,0,1,0,11,5,0,17,0,0,0,0,0.2,0.058823529,19,9,1,1,1,28,0.526315789,0.888888889,0,0,1,0.642857143
instituto de investigaciones antropologicas,1977,2,5,0,0,11,7,4,23,0.5,0.4,0,0,0.818181818,0.142857143,1,0.52173913,0,0,0,3,0,0,3,0,0,0,0,0.1,0,18,13,1,1,1,32,0.5,0.769230769,0,0,1,0.625
instituto de investigaciones antropologicas,1978,4,8,0,0,20,14,4,50,0.5,0.75,0,0,0.8,0.142857143,1,0.6,0,0,0,4,1,0,5,0,0,0,0,0,0,15,16,1,1,2,33,0.466666667,0.625,0,0,0.5,0.545454545
instituto de investigaciones antropologicas,1979,1,7,0,0,12,7,3,30,1,0.428571429,0,0,0.833333333,0.285714286,1,0.633333333,0,2,0,0,0,0,2,0,0,0,0,0,0,22,13,1,1,1,36,0.363636364,0.615384615,0,0,1,0.472222222
instituto de investigaciones biomedicas,1971,4,28,6,1,17,24,1,74,0,0.5,0,0,0.647058824,0.208333333,1,0.405405405,0,3,0,1,0,0,4,0,0,0.5,0,0,0,30,0,6,7,2,37,0.2,0,0,0.571428571,1,0.27027027
instituto de investigaciones biomedicas,1972,2,30,6,2,18,24,1,77,0,0.433333333,0,0,0.666666667,0.208333333,1,0.402597403,0,0,0,1,0,0,1,0,0.076388889,0.5,0,0,0,35,0,6,6,2,41,0.685714286,0,0,0.666666667,1,0.682926829
instituto de investigaciones biomedicas,1973,3,20,6,4,18,20,1,66,0,0.35,0,0,0.611111111,0.15,1,0.333333333,0,0,0,1,0,0,1,0,0.152777778,0.5,0,0,0,37,0,6,7,2,46,0.189189189,0,0,0.428571429,1,0.260869565
instituto de investigaciones biomedicas,1974,4,13,6,1,16,20,2,56,0.25,0.230769231,0,0,0.5,0.2,0.5,0.303571429,0,0,0,7,0,0,7,0,0.229166667,0.5,0.142857143,0,0.142857143,28,0,6,7,13,54,0.285714286,0,0,0.285714286,0.538461538,0.314814815
instituto de investigaciones biomedicas,1975,5,14,6,2,37,25,2,85,0.4,0.285714286,0,0,0.432432432,0.28,0.5,0.352941176,1,36,6,6,0,0,49,0,0.305555556,0.5,0.166666667,0,0.306122449,36,0,1,6,10,53,0.305555556,0,0,0.5,0.5,0.358490566
instituto de investigaciones biomedicas,1976,1,13,6,2,34,30,2,82,0,0.307692308,0,0,0.529411765,0.3,0.5,0.390243902,0,0,0,6,1,0,7,0,0.305555556,0.5,0,0,0,35,0,1,7,11,54,0.314285714,0,0,0.428571429,0.454545455,0.351851852
instituto de investigaciones biomedicas,1977,3,8,6,3,43,32,3,92,0.333333333,0.5,0,0,0.558139535,0.21875,0.333333333,0.402173913,0,0,0,6,3,0,9,0,0.305555556,0.5,0.166666667,0,0.111111111,42,0,1,3,16,62,0.214285714,0,0,0.333333333,0.75,0.35483871
instituto de investigaciones biomedicas,1978,3,9,6,3,46,35,3,99,0.333333333,0.555555556,0,0,0.52173913,0.228571429,0.333333333,0.393939394,0,0,0,7,5,0,12,0,0.305555556,0.5,0.285714286,0.2,0.25,37,0,1,3,21,62,0.243243243,0,0,0.333333333,0.571428571,0.35483871
instituto de investigaciones biomedicas,1979,6,18,6,2,52,13,3,92,0.333333333,0.555555556,0,0,0.596153846,0.230769231,0.666666667,0.52173913,0,0,0,5,0,0,5,0,0.305555556,0.5,0.4,0.2,0.4,46,0,1,2,19,68,0.217391304,0,0,0.5,0.631578947,0.338235294
instituto de investigaciones economicas,1971,2,18,0,0,16,3,1,39,0.5,0.444444444,0,0,0.9375,0,0,0.615384615,0,0,0,2,1,0,3,0,0,0,0,0,0,9,12,0,2,11,11,0.222222222,0.333333333,0,0,0.181818182,0.181818182
instituto de investigaciones economicas,1972,3,20,0,0,18,4,1,45,0,0.35,0,0,0.888888889,0,0,0.511111111,0,0,0,1,1,0,2,0,0,0,0,1,0.5,11,12,0,2,11,13,0.090909091,0.333333333,0,0,0.181818182,0.076923077
instituto de investigaciones economicas,1973,5,10,0,0,17,4,1,36,0.6,0.2,0,0,0.941176471,0,0,0.583333333,0,0,0,1,0,0,1,0,0,0,0,0.875,0,21,12,0,2,11,33,0.19047619,0.333333333,0,0,0.181818182,0.242424242
instituto de investigaciones economicas,1974,1,5,0,0,13,7,1,26,0,0.2,0,0,0.769230769,0.571428571,0,0.576923077,0,0,0,3,0,0,3,0,0,0,0,0.75,0,28,8,0,2,11,47,0.25,0.5,0,0,0.181818182,0.276595745
instituto de investigaciones economicas,1975,2,5,0,0,23,6,1,36,0.5,0.2,0,0,0.739130435,0.666666667,0,0.638888889,0,0,0,4,0,0,4,0,0,0,0.25,0.625,0.25,29,9,0,2,14,52,0.24137931,0.444444444,0,0,0.142857143,0.25
instituto de investigaciones economicas,1976,2,2,0,0,27,7,1,38,0.5,0.5,0,0,0.740740741,0.571428571,0,0.684210526,0,0,0,6,2,0,8,0,0,0,0.166666667,0.5,0.25,27,9,0,2,12,50,0.296296296,0.666666667,0,0,0.166666667,0.32
instituto de investigaciones economicas,1977,2,2,0,0,26,8,1,39,0.5,0,0,0,0.769230769,0.5,0,0.641025641,0,0,0,12,3,0,15,0,0,0,0.166666667,0.333333333,0.2,24,10,0,1,14,49,0.333333333,0.6,0,0,0.214285714,0.346938776
instituto de investigaciones economicas,1978,2,4,0,0,24,8,1,39,0.5,0,0,0,0.708333333,0.5,0,0.564102564,0,0,0,12,2,0,14,0,0,0,0.166666667,0,0.142857143,24,9,0,1,14,48,0.333333333,0.444444444,0,0,0.214285714,0.3125
instituto de investigaciones economicas,1979,5,5,0,0,26,7,1,44,0.6,0.2,0,0,0.846153846,0.428571429,0,0.659090909,0,0,0,1,0,0,1,0,0,0,0,0,0,36,9,0,1,10,56,0.277777778,0.333333333,0,0,0.3,0.285714286
instituto de investigaciones en matematicas aplicadas y sistemas,1971,7,102,0,0,24,15,1,148,0.142857143,0.549019608,0,0,0.458333333,0,0,0.459459459,0,1,0,5,2,0,8,0,0,1,0,0,0,5,2,6,1,2,5,0,0,0.333333333,0,1,0
instituto de investigaciones en matematicas aplicadas y sistemas,1972,6,103,0,0,25,17,1,151,0.166666667,0.514563107,0,0,0.36,0,1,0.417218543,0,0,0,7,6,0,13,0,0,1,0,0,0,6,2,6,1,2,6,0,0,0.333333333,0,1,0
instituto de investigaciones en matematicas aplicadas y sistemas,1973,7,102,0,0,25,19,1,154,0.142857143,0.5,0,0,0.4,0,1,0.409090909,0,3,0,6,7,0,16,0,0,1,0.166666667,0.142857143,0.125,16,2,6,1,2,19,0.125,0,0.333333333,0,1,0.210526316
instituto de investigaciones en matematicas aplicadas y sistemas,1974,1,9,0,0,5,6,1,21,1,0.444444444,0,0,1,0,1,0.476190476,0,0,0,3,2,0,5,0,0,1,0,0,0,18,2,6,3,3,32,0,0,0.333333333,1,0,0.15625
instituto de investigaciones en matematicas aplicadas y sistemas,1975,1,8,0,0,14,7,1,30,1,0.625,0,0,0.571428571,0,1,0.466666667,0,0,0,8,5,0,13,0,0,1,0,0.2,0.076923077,27,5,6,3,2,34,0.148148148,0,0.333333333,1,0,0.117647059
instituto de investigaciones en matematicas aplicadas y sistemas,1976,9,9,0,0,13,7,1,38,0.777777778,0.555555556,0,0,0.461538462,0.142857143,1,0.5,0,1,0,10,4,0,15,0,0,1,0,0.25,0.133333333,31,2,6,3,9,42,0.322580645,0.5,0.333333333,1,0,0.261904762
instituto de investigaciones en matematicas aplicadas y sistemas,1977,7,8,0,0,20,9,1,38,0.714285714,0.375,0,0,0.7,0.222222222,1,0.526315789,0,2,1,11,3,0,17,0,0.5,1,0,0.333333333,0.176470588,32,6,6,3,12,50,0.21875,0.5,0.333333333,1,0,0.2
instituto de investigaciones en matematicas aplicadas y sistemas,1978,4,9,0,0,20,12,1,42,1,0.555555556,0,0,0.7,0.25,1,0.547619048,0,1,0,11,4,0,16,0,0,1,0,0.5,0.125,36,6,6,3,14,56,0.138888889,0.333333333,0.333333333,1,0,0.125
instituto de investigaciones en matematicas aplicadas y sistemas,1979,2,12,0,0,29,4,1,47,1,0.5,0,0,0.482758621,0,0,0.468085106,0,1,0,3,0,0,4,0,0,1,0,0.5,0,47,7,6,3,13,54,0.170212766,0.428571429,0.333333333,1,0,0.203703704
instituto de investigaciones en materiales,1971,2,16,0,2,9,2,1,29,0.5,0.0625,0,0,0.888888889,0,0,0.344827586,0,0,0,1,1,0,2,0,0,0,0,0,0,1,4,3,2,1,3,0,0,0,0,0,0
instituto de investigaciones en materiales,1972,1,9,0,2,3,2,1,15,0,0.111111111,0,0,1,0,0,0.266666667,0,0,0,3,0,0,3,0,0,0,0,0,0,11,4,3,1,1,12,0,0,0,0,0,0
instituto de investigaciones en materiales,1973,2,2,0,2,4,5,1,13,0,0,0,0,1,0,0,0.307692308,0,1,0,5,0,0,6,0,0,0,0.2,0,0.166666667,19,4,3,3,1,23,0,0,0,0,0,0
instituto de investigaciones en materiales,1974,4,10,0,2,6,7,1,27,0.5,0.1,0,0,0.833333333,0,0,0.296296296,0,0,0,11,3,0,14,0,0.033333333,0,0.090909091,0,0.071428571,18,4,3,1,6,32,0.111111111,0,0,0,0.166666667,0.09375
instituto de investigaciones en materiales,1975,7,14,0,2,13,11,1,48,0.428571429,0.071428571,0,0,0.461538462,0.090909091,0,0.229166667,0,0,0,13,2,0,15,0,0.066666667,0,0,0,0,22,6,3,3,6,31,0.045454545,0,0,0,0.166666667,0.064516129
instituto de investigaciones en materiales,1976,1,16,0,2,11,11,1,42,1,0.0625,0,0,0.545454545,0,0,0.19047619,0,0,0,21,2,0,23,0,0.1,0,0,0,0,17,7,3,3,5,32,0.058823529,0.142857143,0,0,0.2,0.09375
instituto de investigaciones en materiales,1977,2,11,0,1,20,14,1,49,0,0,0,0,0.45,0,0,0.183673469,0,0,0,22,3,0,25,0,0.133333333,0,0.045454545,0,0.04,20,6,3,1,10,37,0.05,0.166666667,0,0,0.1,0.081081081
instituto de investigaciones en materiales,1978,4,14,0,2,17,15,1,53,0.5,0,0,0,0.470588235,0.066666667,0,0.20754717,0,0,0,23,2,0,25,0,0.166666667,0,0.086956522,0,0.08,23,3,3,1,10,37,0.086956522,0,0,0,0.1,0.081081081
instituto de investigaciones en materiales,1979,3,19,0,1,13,14,3,53,0.333333333,0,0,0,0.615384615,0.071428571,0.333333333,0.20754717,0,5,0,2,0,0,7,0,0.2,0,0,0,0.142857143,47,3,3,1,12,63,0.042553191,0.333333333,0,0,0.083333333,0.063492063
instituto de investigaciones esteticas,1971,2,6,2,0,5,2,1,15,0.5,0.5,0,0,0.8,0,1,0.533333333,0,0,0,1,0,0,1,0,0,0,0,1,0,6,2,0,4,4,10,0.666666667,1,0,0.25,0,0.5
instituto de investigaciones esteticas,1972,2,6,2,0,6,2,1,16,0.5,0.5,0,0,0.666666667,0,0,0.5,0,0,0,1,0,0,1,0,0,0,0,1,0,9,2,0,4,4,9,0.555555556,1,0,0,0,0.555555556
instituto de investigaciones esteticas,1973,1,5,2,0,6,2,1,14,1,0.4,0,0,0.833333333,0,0,0.571428571,0,0,0,1,0,0,1,0,0,0,0,1,0,6,2,0,3,4,13,0.833333333,1,0,0,0,0.384615385
instituto de investigaciones esteticas,1974,1,3,2,0,7,2,1,14,1,0.333333333,0,0,0.714285714,0,0,0.5,0,0,0,2,0,0,2,0,0,0,0,1,0,7,2,0,3,2,14,0.714285714,1,0,0.333333333,0.5,0.642857143
instituto de investigaciones esteticas,1975,6,1,2,0,9,2,4,22,0,0,0,0,0.666666667,0,0.5,0.363636364,0,0,0,3,0,0,3,0,0,0,0.333333333,1,0.333333333,7,2,0,5,2,16,0.714285714,1,0,0.6,0.5,0.6875
instituto de investigaciones esteticas,1976,1,1,2,0,11,4,7,23,0,0,0,0,0.727272727,0,0.571428571,0.52173913,0,0,0,5,1,0,6,0,0,0,0.6,1,0.666666667,6,2,0,4,2,14,1,1,0,0.5,0,0.714285714
instituto de investigaciones esteticas,1977,2,1,2,0,9,6,10,28,0,0,0,0,0.888888889,0,0.6,0.5,0,0,0,6,1,0,7,0,0,0,0.666666667,1,0.714285714,6,3,0,4,3,16,0.5,1,0,0,0.333333333,0.4375
instituto de investigaciones esteticas,1978,3,1,2,0,10,6,8,28,0,0,0,0,0.7,0,0.75,0.464285714,0,0,0,5,1,0,6,0,0,0,0.6,1,0.666666667,9,4,0,5,4,22,0.444444444,0.75,0,0,0.25,0.363636364
instituto de investigaciones filologicas,1977,2,9,0,1,2,5,1,9,0.5,0.444444444,0,0,0.5,0,0,0.222222222,0,0,0,2,0,0,2,0,0,0,0.5,0,0.5,2,4,1,1,1,3,0.5,0.75,1,1,0,0.333333333
instituto de investigaciones filologicas,1978,2,9,0,1,3,5,1,11,0.5,0.444444444,0,0,0.333333333,0,0,0.181818182,0,0,0,2,0,0,2,0,0,0,0,0,0,2,3,1,1,1,3,0.5,0.666666667,1,1,0,0.333333333
instituto de investigaciones filosoficas,1972,2,6,3,0,9,4,1,21,0,0.666666667,0,0,0.888888889,0.25,0,0.619047619,1,0,0,1,0,0,2,0,0,0,0,0,0,6,0,1,1,2,8,0,0,0,1,0.5,0.125
instituto de investigaciones filosoficas,1973,2,4,3,0,11,3,1,20,0,0.5,0,0,0.818181818,0,0,0.55,0,0,0,1,0,0,1,0,0,0,0,0,0,8,0,1,1,2,11,0,0,0,0,0.5,0.090909091
instituto de investigaciones filosoficas,1974,2,3,3,0,10,5,1,20,0,0.333333333,0,0,0.1,0.4,0,0.2,1,0,0,2,1,0,4,0,0,0,0.5,0,0.25,5,0,1,1,1,8,0,0,0,0,1,0.125
instituto de investigaciones filosoficas,1975,1,1,3,0,14,5,1,21,0,0,0,0,0.785714286,0.4,0,0.619047619,1,0,0,1,0,0,2,0,0,0,0,0,0,7,0,1,2,2,12,0,0,0,0,0.5,0.083333333
instituto de investigaciones filosoficas,1976,2,2,3,0,12,5,1,22,0,0.5,0,0,0.916666667,0.4,0,0.636363636,0,0,0,3,0,0,3,0,0,0,0.666666667,0,0.666666667,9,0,1,1,1,12,0,0,0,0,0,0
instituto de investigaciones filosoficas,1977,2,2,3,0,16,4,3,25,0.5,0.5,0,0,0.8125,0.25,0,0.6,0,0,0,3,0,0,3,0,0,0,0.333333333,0,0.333333333,8,0,1,1,2,12,0.125,0,0,0,1,0.25
instituto de investigaciones filosoficas,1978,2,2,3,0,13,5,2,22,0.5,0.5,0,0,0.923076923,0.2,0,0.636363636,0,0,0,1,0,0,1,0,0,0,0,0,0,8,0,1,2,2,12,0,0,0,0.5,1,0.25
instituto de investigaciones historicas,1974,1,1,1,0,5,2,1,9,0,1,0,0,0.2,1,1,0.444444444,0,0,0,1,0,0,1,0,0,0,0,0,0,8,2,1,6,3,17,0.5,0.5,0,0.666666667,1,0.647058824
instituto de investigaciones historicas,1975,1,1,1,0,7,2,1,11,0,1,0,0,0.857142857,1,1,0.818181818,0,0,0,1,0,0,1,0,0,0,0,0,0,7,2,1,4,3,14,0.285714286,0.5,0,0.5,1,0.5
instituto de investigaciones historicas,1976,1,2,1,0,6,2,1,11,0,1,0,0,1,1,1,1,0,0,0,2,0,0,2,0,0,0,0,0,0,9,2,1,7,3,19,0.555555556,0.5,0,0.571428571,1,0.631578947
instituto de investigaciones historicas,1977,1,1,1,0,9,2,1,13,0,0,0,0,1,1,1,0.923076923,0,0,0,5,0,0,5,0,0,0,0,0,0,9,2,1,5,3,17,0.555555556,0.5,0,0.6,1,0.647058824
instituto de investigaciones historicas,1978,1,1,1,0,9,2,2,14,1,0,0,0,1,1,1,0.928571429,0,0,0,6,0,0,6,0,0,0,0,0,0,5,2,1,5,2,12,0.6,0.5,0,0.6,1,0.666666667
instituto de investigaciones historicas,1979,1,3,1,0,5,3,3,15,1,0.666666667,0,0,1,0.666666667,1,0.866666667,0,0,1,1,0,0,2,0,0,0,1,0,0.5,12,2,1,5,1,18,0.25,0.5,0,0.4,1,0.333333333
instituto de investigaciones juridicas,1971,2,4,2,1,9,2,1,18,0,0.25,0,0,0.888888889,0,0,0.5,0,0,0,2,0,0,2,0,0,0,0,0,0,5,11,1,2,2,6,0.2,0.818181818,0,0,1,0.166666667
instituto de investigaciones juridicas,1972,2,3,2,1,7,2,1,14,0,0,0,0,0.857142857,0,0,0.428571429,0,0,0,2,0,0,2,0,0,0,0,0,0,9,12,1,2,2,12,0,0.833333333,0,0,1,0
instituto de investigaciones juridicas,1973,2,3,2,1,9,2,1,16,0,0,0,0,0.888888889,0,0,0.5,0,0,0,1,0,0,1,0,0,0,0,0,0,13,13,1,2,2,16,0.153846154,0.846153846,0,0,1,0.25
instituto de investigaciones juridicas,1974,1,2,2,1,10,3,1,16,0,0,0,0,0.1,0.666666667,0,0.1875,0,0,0,1,0,0,1,0,0,0,0,0,0,11,13,1,2,1,13,0.090909091,0.846153846,0,0,0,0.076923077
instituto de investigaciones juridicas,1975,1,2,2,1,11,3,1,17,0,0,0,0,0.909090909,0.333333333,0,0.647058824,0,0,0,1,0,0,1,0,0,0,0,0,0,15,14,1,1,2,32,0.2,0.857142857,0,0,0,0.46875
instituto de investigaciones juridicas,1976,2,1,2,1,11,3,1,15,0.5,0,0,0,1,0.333333333,0,0.8,0,0,0,3,0,0,3,0,0,0,0,0,0,13,1,1,1,4,20,0.230769231,0,0,0,0,0.15
instituto de investigaciones juridicas,1977,2,2,2,1,15,3,1,23,0.5,0,0,0,0.866666667,0.333333333,0,0.652173913,0,0,0,10,0,0,10,0,0,0,0.2,0,0.2,11,1,1,1,3,15,0.181818182,0,0,0,0,0.133333333
instituto de investigaciones juridicas,1978,2,1,2,1,17,3,1,25,0,0,0,0,0.882352941,0.333333333,0,0.64,0,0,0,11,0,0,11,0,0,0,0.181818182,0,0.181818182,13,1,1,2,4,18,0.153846154,0,0,0,0.25,0.166666667
instituto de investigaciones juridicas,1979,2,3,2,2,12,4,4,23,0.5,0.333333333,0,0.5,1,0.5,0.25,0.739130435,0,1,0,0,0,0,1,0,0,0,0.181818182,0,0,20,1,1,2,4,27,0.15,0,0,0,0.25,0.148148148
instituto de investigaciones sociales,1970,2,10,2,0,14,3,2,27,0.5,0.6,0,0,0.928571429,0,0.5,0.703703704,0,0,0,1,0,0,1,0,0,0,0,0.5,0,6,7,1,2,4,8,0,1,0,1,0.75,0.25
instituto de investigaciones sociales,1971,3,10,2,0,15,3,2,28,0.333333333,0,0,0,0.933333333,0,0.5,0.5,0,0,0,2,0,0,2,0,0,0,1,0.5,1,9,7,1,1,4,10,0.222222222,1,0,0,0.75,0.2
instituto de investigaciones sociales,1972,3,18,2,0,14,3,2,38,0.666666667,0.444444444,0,0,0.928571429,0,0.5,0.605263158,0,0,0,2,0,0,2,0,0,0,1,0.5,1,22,7,1,3,4,25,0.136363636,1,0,0.333333333,0.75,0.16
instituto de investigaciones sociales,1973,2,25,2,0,17,4,2,50,0.5,0.32,0,0,0.882352941,0,0.5,0.5,0,0,0,2,0,0,2,0,0,0,1,0.5,1,23,7,1,2,4,33,0.260869565,1,0,0.5,0.75,0.424242424
instituto de investigaciones sociales,1974,4,11,2,0,11,10,6,36,0.5,0.454545455,0,0,0.090909091,0.3,0.833333333,0.305555556,0,0,0,2,0,0,2,0,0,0,1,0.5,1,23,16,1,3,4,47,0.260869565,0.25,0,0.333333333,0.75,0.29787234
instituto de investigaciones sociales,1975,4,9,2,0,13,9,9,44,0.5,0.333333333,0,0,0.769230769,0.444444444,1,0.636363636,0,0,0,6,2,0,8,0,0,0,0.5,0.5,0.5,25,2,1,1,4,33,0.32,0.5,0,1,0.5,0.363636364
instituto de investigaciones sociales,1976,5,11,2,0,28,11,6,55,0.4,0.363636364,0,0,0.678571429,0.454545455,1,0.545454545,0,1,0,7,3,0,11,0,0,0,0.142857143,0.666666667,0.272727273,27,17,1,1,4,49,0.481481481,0.823529412,0,1,0.25,0.571428571
instituto de investigaciones sociales,1977,4,12,2,0,36,13,4,65,0.5,0.416666667,0,0,0.722222222,0.461538462,0.75,0.6,0,0,0,11,2,0,13,0,0,0,0.363636364,0.5,0.384615385,29,18,1,1,6,53,0.344827586,0.722222222,0,0,0.333333333,0.471698113
instituto de investigaciones sociales,1978,4,9,2,0,37,14,1,65,0.25,0.444444444,0,0,0.72972973,0.428571429,0,0.584615385,0,0,0,7,3,0,10,0,0,0,0.285714286,1,0.5,29,21,1,1,5,56,0.517241379,0.571428571,0,0,0,0.482142857
instituto de investigaciones sociales,1979,3,7,2,0,36,13,1,60,0.333333333,0.285714286,0,0,0.75,0.384615385,0,0.583333333,0,0,0,1,1,0,2,0,0,0,0,1,0.5,36,19,1,1,5,60,0.388888889,0.631578947,0,0,0,0.433333333
instituto de medicina,1973,4,3,2,0,4,4,0,11,0.25,0.666666667,0,0,1,0,0,0.545454545,0,0,0,2,1,0,3,0,0.1,0,0,0,0,18,2,2,3,10,28,0.111111111,0,0,0,0.6,0.285714286
instituto de medicina,1974,4,5,2,0,3,5,0,13,0.25,0.6,0,0,1,0,0,0.461538462,0,0,0,7,0,0,7,0,0.1,0,0,0,0,16,2,2,3,9,18,0.1875,0,0,0,0.555555556,0.166666667
instituto de medicina,1975,5,5,2,0,3,5,0,13,0.4,0.6,0,0,1,0,0,0.461538462,0,20,0,9,0,0,29,0,0.1,0,0.111111111,0,0.103448276,20,2,2,3,9,22,0.1,0,0,0,0.555555556,0.090909091
instituto de medicina,1976,5,5,2,0,3,5,0,18,0.4,0.6,0,0,1,0,0,0.444444444,0,0,0,11,0,0,11,0,0.1,0,0.181818182,0,0.181818182,20,2,2,3,8,22,0.55,0,0,0,0.5,0.5
instituto de medicina,1977,4,5,2,0,6,8,0,19,0.25,0.6,0,0,0.5,0.25,0,0.421052632,0,0,0,14,1,0,15,0,0.1,0,0.142857143,0,0.133333333,18,3,2,4,7,21,0.111111111,0.333333333,0,0,0.428571429,0.142857143
instituto de medicina,1978,2,5,2,0,6,8,0,19,0.5,0.6,0,0,0.666666667,0.25,0,0.473684211,0,0,0,13,1,0,14,0,0.1,0,0.153846154,0,0.142857143,16,3,2,4,6,23,0.125,0.333333333,0,0,0.333333333,0.130434783
instituto de medicina,1979,1,5,2,0,11,3,0,20,0,0.6,0,0,0.636363636,0,0,0.5,0,0,0,1,0,0,1,0,0.1,0,1,0,1,29,3,2,4,6,32,0.137931034,0,0,0,0.333333333,0.125
instituto de quimica,1968,2,3,6,2,5,7,1,19,0,0.333333333,0.666666667,0,0.8,0.428571429,1,0.421052632,0,0,0,10,0,0,10,0,0,0,0.1,0,0.1,27,0,2,0,1,27,0.222222222,0,0,0,0,0.222222222
instituto de quimica,1969,2,6,6,7,6,7,1,28,0,0.333333333,0.666666667,0,0.333333333,0.571428571,1,0.285714286,0,2,0,5,0,0,7,0,0,0,0,0,0,11,0,2,0,1,11,0.181818182,0,0,0,0,0.181818182
instituto de quimica,1970,2,2,6,3,5,7,1,17,0,0.5,0.666666667,0,0.4,0.428571429,1,0.352941176,0,4,0,0,0,0,4,0,0,0,0,0,0,10,0,2,0,1,10,0.2,0,0,0,0,0.2
instituto de quimica,1971,2,5,6,3,5,7,1,20,0,0.2,0.666666667,0,0.4,0.428571429,1,0.3,0,0,0,4,0,0,4,0,0.02,0,0,0,0,10,0,2,0,1,10,0.2,0,0,0,0,0.2
instituto de quimica,1972,2,2,6,3,5,7,1,17,0,0.5,0.666666667,0,0.4,0.428571429,1,0.352941176,0,0,0,3,1,0,4,0,0.04,0,0,0,0,20,0,2,0,1,20,0.1,0,0,0,0,0.1
instituto de quimica,1973,2,2,6,3,5,7,1,17,0,0.5,0.666666667,0,0.4,0.571428571,1,0.411764706,0,0,0,3,2,0,5,0,0.06,0,0,0,0,20,0,2,0,1,20,0.1,0,0,0,0,0.1
instituto de quimica,1974,1,3,6,3,4,7,1,17,1,0.333333333,0.666666667,0,0.5,0.428571429,1,0.352941176,0,0,0,1,1,0,2,0,0.08,0,0,0,0,17,0,2,0,1,19,0.117647059,0,0,0,0,0.105263158
instituto de quimica,1975,1,3,6,3,5,7,1,18,1,0.333333333,0.666666667,0,0.6,0.428571429,1,0.388888889,0,20,0,3,2,0,25,0,0.1,0,0,0,0.08,20,0,2,0,1,20,0.1,0,0,0,0,0.1
instituto de quimica,1976,1,3,6,3,5,8,1,19,1,0.333333333,0.666666667,0,0.4,0.5,1,0.368421053,0,0,0,11,1,0,12,0,0.1,0,0,0,0,17,0,2,0,1,17,0.117647059,0,0,0,0,0.117647059
instituto de quimica,1977,1,4,6,3,7,12,1,27,1,0,0.666666667,0,0.571428571,0.083333333,1,0.222222222,0,0,0,16,1,0,17,0,0.1,0,0,0,0,16,0,2,0,1,17,0.125,0,0,0,0,0.117647059
instituto de quimica,1978,1,4,6,3,7,15,1,31,1,0,0.666666667,0,0.714285714,0.266666667,1,0.35483871,0,0,0,16,0,0,16,0,0.1,0,0,0,0,15,0,2,0,2,17,0.133333333,0,0,0,0,0.117647059
instituto de quimica,1979,2,2,6,3,14,8,1,27,0.5,0,0.666666667,0,0.642857143,0.375,1,0.518518519,0,0,0,1,0,0,1,0,0.1,0,0,0,0,30,0,2,0,8,30,0.066666667,0,0,0,0.125,0.066666667
jardin botanico,1974,2,2,0,25,2,8,1,40,0,0,0,0,1,0.125,0,0.075,0,0,0,0,1,0,1,0,0.333333333,0,0,1,1,4,0,0,0,6,10,0.25,0,0,0,0.5,0.4
jardin botanico,1975,2,2,0,27,2,10,1,44,0,0,0,0,1,0,0,0.045454545,0,0,0,1,1,0,2,0,0.333333333,0,0,1,1,4,0,0,0,6,10,0.25,0,0,0,0.5,0.4
jardin botanico,1976,4,3,0,30,2,10,1,50,0,0,0,0,1,0.1,0,0.06,0,0,0,2,1,0,3,0,0.333333333,0,0.5,1,0.666666667,4,0,0,0,4,4,0.25,0,0,0,0.5,0.25
jardin botanico,1977,1,2,0,28,3,10,1,45,0,0,0,0,0.666666667,0.1,0,0.066666667,0,0,0,2,0,0,2,0,0.333333333,0,0.5,1,0.5,5,0,0,0,3,8,0.4,0,0,0,0.666666667,0.5
jardin botanico,1978,1,2,0,27,3,10,2,45,0,0,0,0,1,0.2,0,0.111111111,0,0,0,2,0,0,2,0,0.333333333,0,0.5,1,0.5,25,0,0,0,5,30,0.28,0,0,0,0.4,0.3
jardin botanico,1979,1,3,0,27,5,9,1,46,0,0.333333333,0,0,0.8,0.111111111,1,0.152173913,0,3,0,1,0,0,4,0,0.333333333,0,0,1,0.25,4,0,0,0,2,6,0.5,0,0,0,0.5,0.5
